ID Entrevistado,Entrevistador,Q00 Clasif. Socioec.,Q01 Faixa etária,Q02 Sexo,Q03 Gênero,Q04 Raça/cor,Q05 Religião,Q06 Política,Q07 Estado civil,Q08 Com quem mora,Q09 Renda familiar (Salários Mínimos),Q09b Pretensão salarial,Q10 Curso,Q11 Período,Q12 Você acredita que fake news e informações falsas são coisas diferentes?,Q13 Qual o nível de urgência que o debate sobre “fake news” deve ter no âmbito nacional?,Q14 com que frequência você tem contato com fake news?,Q15 Com que frequência você costuma checar as fontes de notícias e informações que lê?,Q16 Em qual mídia ou plataforma você já teve contato com fake news?,"Q17 Na sua opinião, que fatores podem influenciar as pessoas a acreditarem em fake news?"
0,Jonathan,B,<18,Outro,Prefiro não dizer,Prefiro não dizer,Agnóstico,Centro Esquerda,Viúvo,Outro,<1,7030,Outro,8,"Sim, porém pouco",Baixa,Baixa,Moderada,E-mail,As pessoas acreditam em notícias que lhes convêm
1,Marcos,E,55-64,Masculino,Cisgênero,Amarela,Evangélica,Não se interessa,Casado,Com pais ou responsáveis,4-6,9404,Cinema e Audiovisual,5,Não,Alta,Baixa,Baixa,E-mail,Compartilhando por familiares e amigos
2,Ysadora,C,<18,Feminino,Outro,Indígena,Católica,Extrema Esquerda,Divorciado,Com pais ou responsáveis,1-3,8183,Jornalismo,2,Não,Baixa,Moderada,Moderada,Portais de notícias,A forma como a notícia é apresentada
3,Maria,B,55-64,Masculino,Prefiro não dizer,Preta,Ateu,Centro Direita,Solteiro,Sozinho,4-6,6607,Relações Públicas,2,"Sim, porém pouco",Moderada,Alta,Baixa,Aplicativos de mensagem,Desinformação
4,Rayane,C,45-54,Feminino,Não binário,Preta,Agnóstico,Extrema Direita,Prefiro não dizer,Outro,>10,5862,Jornalismo,1,Não sei,Moderada,Baixa,Moderada,E-mail,A forma como a notícia é apresentada
5,Ysadora,A,<18,Feminino,Cisgênero,Parda,Ateu,Extrema Direita,Separado,Com amigos,>10,8347,Relações Públicas,3,"Sim, porém pouco",Moderada,Alta,Moderada,Redes Sociais,Quando a manchete chama muita atenção
6,Amanda,A,35-44,Feminino,Transgênero,Amarela,Católica,Extrema Esquerda,Viúvo,Com amigos,4-6,7478,Cinema e Audiovisual,5,"Sim, muito diferentes",Alta,Alta,Moderada,Outro,As pessoas acreditam em notícias que lhes convêm
7,Ana,E,18-24,Feminino,Transgênero,Parda,Outras,Centro Direita,Separado,Com amigos,4-6,7723,Outro,3,Não sei,Moderada,Alta,Alta,Portais de notícias,Polarização
8,Maria,E,<18,Feminino,Cisgênero,Prefiro não dizer,Outras,Centro Direita,Prefiro não dizer,Com parceiro e/ou filhos,4-6,5885,Jornalismo,4,Não,Baixa,Baixa,Baixa,E-mail,Compartilhando por familiares e amigos
9,Marcos,B,18-24,Feminino,Não binário,Preta,Ateu,Esquerda,Viúvo,Com pais ou responsáveis,>10,7691,Outro,5,"Sim, porém pouco",Baixa,Moderada,Moderada,Televisão e/ou Rádio,Ausência das agências de checagem
10,Talita,D,65+,Feminino,Transgênero,Amarela,Espírita,Esquerda,Solteiro,Com pais ou responsáveis,>10,5343,Cinema e Audiovisual,2,"Sim, porém pouco",Baixa,Baixa,Moderada,Televisão e/ou Rádio,Confiança excessiva em fontes duvidosas
11,Ana,A,35-44,Masculino,Outro,Preta,Ateu,Extrema Direita,Solteiro,Outro,>10,6923,Jornalismo,7,"Sim, muito diferentes",Baixa,Alta,Moderada,E-mail,Outro
12,Jonathan,D,45-54,Masculino,Prefiro não dizer,Preta,Espírita,Extrema Direita,Prefiro não dizer,Sozinho,>10,7318,Outro,1,"Sim, porém pouco",Baixa,Alta,Alta,Aplicativos de mensagem,Compartilhamento por influenciadores
13,Amanda,E,45-54,Feminino,Cisgênero,Indígena,Ateu,Direita,Divorciado,Com parceiro e/ou filhos,<1,8326,Relações Públicas,1,Não sei,Alta,Moderada,Alta,Televisão e/ou Rádio,Ausência das agências de checagem
14,Jonathan,A,18-24,Feminino,Transgênero,Indígena,Ateu,Esquerda,Prefiro não dizer,Com parceiro e/ou filhos,1-3,6299,Outro,7,"Sim, porém pouco",Moderada,Moderada,Baixa,Outro,Compartilhamento por influenciadores
15,Francielly,C,<18,Outro,Cisgênero,Branca,Judaíca,Extrema Direita,Viúvo,Com parceiro e/ou filhos,1-3,7832,Publicidade e Propaganda,7,"Sim, porém pouco",Alta,Baixa,Moderada,Aplicativos de mensagem,Quando a manchete chama muita atenção
16,Amanda,D,65+,Outro,Transgênero,Preta,Judaíca,Centro,Divorciado,Sozinho,1-3,6041,Cinema e Audiovisual,8,"Sim, porém pouco",Baixa,Alta,Moderada,E-mail,Confiança excessiva em fontes duvidosas
17,Thiago,E,<18,Outro,Outro,Prefiro não dizer,Espírita,Extrema Direita,Separado,Outro,>10,7510,Outro,4,Não são diferentes,Moderada,Moderada,Moderada,Outro,As pessoas acreditam em notícias que lhes convêm
18,Vanessa,E,55-64,Outro,Transgênero,Branca,Outras,Centro,Casado,Sozinho,4-6,9819,Cinema e Audiovisual,4,Não são diferentes,Alta,Alta,Alta,Aplicativos de mensagem,Polarização
19,Ysadora,A,25-34,Feminino,Outro,Indígena,Outras,Centro Esquerda,Prefiro não dizer,Com amigos,>10,6072,Cinema e Audiovisual,5,Não sei,Moderada,Alta,Moderada,Televisão e/ou Rádio,A forma como a notícia é apresentada
20,Maria,D,<18,Masculino,Outro,Prefiro não dizer,Outras,Centro,Solteiro,Com amigos,<1,6899,Cinema e Audiovisual,8,Não são diferentes,Baixa,Baixa,Moderada,E-mail,Quando a manchete chama muita atenção
21,Talita,A,65+,Masculino,Cisgênero,Preta,Evangélica,Não se interessa,Prefiro não dizer,Outro,4-6,7987,Cinema e Audiovisual,5,"Sim, muito diferentes",Alta,Moderada,Alta,E-mail,Outro
22,Jonathan,E,18-24,Outro,Outro,Parda,Agnóstico,Não se interessa,Casado,Outro,7-10,8422,Publicidade e Propaganda,7,Não são diferentes,Baixa,Alta,Baixa,Redes Sociais,Quando a manchete chama muita atenção
23,Vanessa,A,<18,Masculino,Transgênero,Branca,Católica,Centro,Viúvo,Sozinho,7-10,7984,Publicidade e Propaganda,4,"Sim, muito diferentes",Alta,Baixa,Alta,Outro,A forma como a notícia é apresentada
24,Vanessa,D,<18,Masculino,Transgênero,Parda,Ateu,Extrema Esquerda,Separado,Com pais ou responsáveis,1-3,9430,Publicidade e Propaganda,5,"Sim, porém pouco",Baixa,Baixa,Alta,Portais de notícias,Polarização
25,Maria,C,25-34,Feminino,Transgênero,Parda,Católica,Centro,Solteiro,Com pais ou responsáveis,4-6,8378,Jornalismo,2,Não sei,Alta,Baixa,Baixa,Aplicativos de mensagem,A forma como a notícia é apresentada
26,Vanessa,D,<18,Outro,Não binário,Prefiro não dizer,Outras,Extrema Esquerda,Viúvo,Com amigos,<1,7943,Jornalismo,1,Não,Baixa,Alta,Alta,Aplicativos de mensagem,Compartilhando por familiares e amigos
27,Rayane,C,65+,Feminino,Outro,Amarela,Judaíca,Extrema Direita,Divorciado,Com amigos,<1,8787,Outro,7,"Sim, porém pouco",Baixa,Moderada,Moderada,Redes Sociais,Polarização
28,Talita,C,65+,Outro,Prefiro não dizer,Prefiro não dizer,Evangélica,Extrema Direita,Separado,Com parceiro e/ou filhos,7-10,5199,Jornalismo,8,"Sim, porém pouco",Alta,Baixa,Alta,Redes Sociais,Polarização
29,Lucas,C,18-24,Masculino,Não binário,Prefiro não dizer,Ateu,Centro Esquerda,Divorciado,Com pais ou responsáveis,>10,6047,Cinema e Audiovisual,1,"Sim, porém pouco",Alta,Alta,Alta,Redes Sociais,Compartilhamento por influenciadores
30,Gabriel,C,45-54,Feminino,Outro,Branca,Agnóstico,Não se interessa,Divorciado,Com amigos,1-3,6959,Outro,4,Não sei,Alta,Baixa,Moderada,Portais de notícias,As pessoas acreditam em notícias que lhes convêm
31,Amanda,B,35-44,Feminino,Outro,Parda,Outras,Centro Direita,Divorciado,Sozinho,4-6,7871,Relações Públicas,4,Não,Alta,Alta,Moderada,E-mail,Quando a manchete chama muita atenção
32,Francielly,C,45-54,Outro,Transgênero,Branca,Judaíca,Centro Esquerda,Solteiro,Com pais ou responsáveis,7-10,6622,Outro,8,Não sei,Alta,Alta,Baixa,Redes Sociais,A forma como a notícia é apresentada
33,Talita,E,45-54,Feminino,Transgênero,Amarela,Agnóstico,Extrema Esquerda,Viúvo,Sozinho,1-3,7790,Relações Públicas,3,Não sei,Alta,Alta,Baixa,Portais de notícias,Ausência das agências de checagem
34,Francielly,A,55-64,Feminino,Cisgênero,Prefiro não dizer,Ateu,Esquerda,Divorciado,Com pais ou responsáveis,>10,7765,Cinema e Audiovisual,1,"Sim, porém pouco",Alta,Baixa,Alta,Redes Sociais,A forma como a notícia é apresentada
35,Gabriel,A,35-44,Outro,Outro,Indígena,Católica,Extrema Direita,Viúvo,Com amigos,<1,6909,Outro,4,"Sim, muito diferentes",Moderada,Moderada,Alta,Aplicativos de mensagem,Ausência das agências de checagem
36,Amanda,A,35-44,Masculino,Outro,Prefiro não dizer,Católica,Direita,Viúvo,Com pais ou responsáveis,<1,6667,Outro,2,"Sim, muito diferentes",Moderada,Alta,Baixa,E-mail,Desinformação
37,Maria,A,18-24,Masculino,Prefiro não dizer,Branca,Espírita,Extrema Esquerda,Solteiro,Com parceiro e/ou filhos,>10,7536,Jornalismo,6,"Sim, muito diferentes",Moderada,Alta,Alta,Outro,Compartilhamento por influenciadores
38,Thiago,C,45-54,Feminino,Cisgênero,Preta,Católica,Centro,Prefiro não dizer,Com amigos,7-10,8568,Cinema e Audiovisual,2,Não são diferentes,Moderada,Baixa,Alta,Portais de notícias,Compartilhamento por influenciadores
39,Ysadora,B,<18,Outro,Outro,Parda,Ateu,Direita,Prefiro não dizer,Com pais ou responsáveis,7-10,8289,Jornalismo,4,Não são diferentes,Moderada,Baixa,Moderada,Outro,Ausência das agências de checagem
40,Lucas,B,18-24,Masculino,Prefiro não dizer,Amarela,Judaíca,Extrema Esquerda,Casado,Com pais ou responsáveis,>10,9849,Jornalismo,1,"Sim, muito diferentes",Baixa,Alta,Moderada,E-mail,Quando a manchete chama muita atenção
41,Marcos,E,<18,Feminino,Prefiro não dizer,Branca,Judaíca,Centro Direita,Casado,Com parceiro e/ou filhos,<1,9133,Relações Públicas,2,Não são diferentes,Alta,Alta,Moderada,Outro,Polarização
42,Marcos,C,65+,Outro,Prefiro não dizer,Parda,Espírita,Centro,Casado,Com parceiro e/ou filhos,<1,7071,Publicidade e Propaganda,5,Não sei,Moderada,Moderada,Baixa,Portais de notícias,Compartilhando por familiares e amigos
43,Thiago,C,25-34,Feminino,Cisgênero,Preta,Outras,Não se interessa,Divorciado,Com pais ou responsáveis,>10,8020,Jornalismo,7,"Sim, muito diferentes",Moderada,Alta,Baixa,E-mail,A forma como a notícia é apresentada
44,Jonathan,D,18-24,Outro,Outro,Parda,Judaíca,Extrema Direita,Prefiro não dizer,Com amigos,7-10,8858,Publicidade e Propaganda,8,Não são diferentes,Alta,Baixa,Moderada,Televisão e/ou Rádio,Desinformação
45,Talita,E,65+,Outro,Outro,Parda,Agnóstico,Extrema Direita,Prefiro não dizer,Com amigos,7-10,9333,Outro,2,Não sei,Alta,Baixa,Alta,Redes Sociais,Compartilhando por familiares e amigos
46,Ysadora,D,45-54,Masculino,Não binário,Indígena,Agnóstico,Extrema Direita,Solteiro,Sozinho,<1,5165,Cinema e Audiovisual,7,"Sim, porém pouco",Moderada,Alta,Moderada,Aplicativos de mensagem,Ausência das agências de checagem
47,Francielly,D,25-34,Feminino,Não binário,Branca,Espírita,Centro Esquerda,Solteiro,Com pais ou responsáveis,<1,9168,Relações Públicas,6,"Sim, muito diferentes",Moderada,Alta,Moderada,Televisão e/ou Rádio,Ausência das agências de checagem
48,Ana,C,18-24,Feminino,Cisgênero,Branca,Judaíca,Centro Direita,Casado,Sozinho,7-10,7060,Relações Públicas,5,Não sei,Moderada,Alta,Alta,E-mail,Compartilhando por familiares e amigos
49,Rayane,C,18-24,Outro,Cisgênero,Indígena,Espírita,Esquerda,Solteiro,Com parceiro e/ou filhos,1-3,6842,Publicidade e Propaganda,2,Não,Moderada,Moderada,Alta,Portais de notícias,A forma como a notícia é apresentada
50,Amanda,E,45-54,Feminino,Outro,Prefiro não dizer,Outras,Centro Esquerda,Divorciado,Com amigos,4-6,7838,Publicidade e Propaganda,1,Não,Alta,Baixa,Baixa,Aplicativos de mensagem,Desinformação
51,Jonathan,A,<18,Masculino,Prefiro não dizer,Branca,Ateu,Direita,Prefiro não dizer,Com pais ou responsáveis,7-10,5236,Publicidade e Propaganda,1,Não,Alta,Moderada,Moderada,Redes Sociais,Desinformação
52,Jonathan,C,45-54,Feminino,Outro,Indígena,Católica,Centro,Separado,Sozinho,<1,5980,Relações Públicas,6,Não são diferentes,Baixa,Alta,Baixa,Outro,Compartilhamento por influenciadores
53,Rayane,D,65+,Masculino,Transgênero,Branca,Espírita,Não se interessa,Prefiro não dizer,Outro,4-6,8759,Publicidade e Propaganda,4,"Sim, muito diferentes",Moderada,Moderada,Alta,Aplicativos de mensagem,Quando a manchete chama muita atenção
54,Gabriel,B,<18,Feminino,Cisgênero,Prefiro não dizer,Ateu,Esquerda,Separado,Com parceiro e/ou filhos,>10,6488,Outro,7,"Sim, muito diferentes",Baixa,Baixa,Moderada,Outro,Compartilhamento por influenciadores
55,Talita,A,<18,Feminino,Outro,Parda,Evangélica,Não se interessa,Viúvo,Com amigos,4-6,5076,Relações Públicas,3,Não são diferentes,Moderada,Alta,Moderada,Televisão e/ou Rádio,Confiança excessiva em fontes duvidosas
56,Gabriel,E,<18,Outro,Transgênero,Indígena,Católica,Centro,Casado,Com amigos,4-6,9396,Jornalismo,5,"Sim, muito diferentes",Moderada,Alta,Moderada,E-mail,Desinformação
57,Thiago,E,18-24,Masculino,Não binário,Amarela,Católica,Centro Direita,Separado,Sozinho,>10,9297,Outro,3,Não sei,Moderada,Baixa,Moderada,Televisão e/ou Rádio,Outro
58,Ana,A,18-24,Feminino,Cisgênero,Amarela,Espírita,Direita,Divorciado,Sozinho,4-6,5411,Cinema e Audiovisual,4,"Sim, muito diferentes",Baixa,Baixa,Moderada,Redes Sociais,Outro
59,Jonathan,A,<18,Feminino,Não binário,Amarela,Outras,Extrema Direita,Divorciado,Outro,>10,8090,Outro,6,Não,Moderada,Alta,Moderada,E-mail,Compartilhando por familiares e amigos
60,Gabriel,A,35-44,Feminino,Não binário,Branca,Ateu,Extrema Direita,Casado,Com parceiro e/ou filhos,1-3,6717,Jornalismo,8,Não são diferentes,Baixa,Baixa,Alta,Outro,Polarização
61,Francielly,B,35-44,Outro,Cisgênero,Branca,Ateu,Centro Direita,Casado,Outro,1-3,5069,Cinema e Audiovisual,4,Não são diferentes,Alta,Alta,Alta,Outro,Desinformação
62,Jonathan,C,45-54,Outro,Não binário,Parda,Judaíca,Centro Direita,Viúvo,Sozinho,1-3,7928,Jornalismo,1,Não sei,Alta,Alta,Moderada,Portais de notícias,Outro
63,Ana,D,55-64,Outro,Outro,Branca,Agnóstico,Centro Direita,Separado,Sozinho,<1,8119,Outro,3,Não,Alta,Moderada,Alta,Redes Sociais,Quando a manchete chama muita atenção
64,Maria,E,35-44,Outro,Cisgênero,Branca,Espírita,Extrema Esquerda,Casado,Com pais ou responsáveis,7-10,7154,Publicidade e Propaganda,3,"Sim, porém pouco",Moderada,Baixa,Baixa,Outro,Confiança excessiva em fontes duvidosas
65,Ana,E,65+,Outro,Cisgênero,Indígena,Evangélica,Centro Esquerda,Casado,Com pais ou responsáveis,<1,7246,Outro,3,"Sim, muito diferentes",Alta,Baixa,Moderada,Redes Sociais,Polarização
66,Lucas,C,25-34,Outro,Outro,Prefiro não dizer,Católica,Centro,Casado,Com amigos,1-3,8970,Outro,2,"Sim, muito diferentes",Moderada,Baixa,Moderada,Redes Sociais,Quando a manchete chama muita atenção
67,Thiago,E,18-24,Outro,Cisgênero,Branca,Ateu,Direita,Prefiro não dizer,Com pais ou responsáveis,<1,5708,Outro,1,Não são diferentes,Moderada,Moderada,Alta,Aplicativos de mensagem,Outro
68,Marcos,D,18-24,Masculino,Não binário,Amarela,Ateu,Centro,Casado,Sozinho,7-10,5674,Cinema e Audiovisual,8,Não sei,Moderada,Baixa,Alta,Portais de notícias,A forma como a notícia é apresentada
69,Ana,A,65+,Masculino,Outro,Preta,Outras,Extrema Direita,Divorciado,Com amigos,7-10,7246,Cinema e Audiovisual,1,Não sei,Moderada,Baixa,Moderada,Televisão e/ou Rádio,Compartilhamento por influenciadores
70,Lucas,C,45-54,Outro,Outro,Amarela,Evangélica,Centro Esquerda,Divorciado,Com parceiro e/ou filhos,7-10,5858,Publicidade e Propaganda,2,Não,Alta,Alta,Moderada,Aplicativos de mensagem,Compartilhando por familiares e amigos
71,Marcos,A,25-34,Feminino,Não binário,Preta,Espírita,Centro Direita,Solteiro,Sozinho,>10,6266,Outro,4,Não,Moderada,Alta,Baixa,Outro,Quando a manchete chama muita atenção
72,Jonathan,E,45-54,Masculino,Transgênero,Prefiro não dizer,Agnóstico,Extrema Esquerda,Separado,Sozinho,>10,7913,Jornalismo,4,Não,Alta,Baixa,Moderada,Outro,Quando a manchete chama muita atenção
73,Maria,A,25-34,Outro,Transgênero,Parda,Espírita,Direita,Divorciado,Sozinho,7-10,6854,Publicidade e Propaganda,2,Não são diferentes,Moderada,Alta,Alta,E-mail,Desinformação
74,Ysadora,C,35-44,Masculino,Prefiro não dizer,Amarela,Judaíca,Centro Direita,Solteiro,Com pais ou responsáveis,1-3,6561,Cinema e Audiovisual,6,"Sim, muito diferentes",Alta,Alta,Moderada,Outro,Compartilhando por familiares e amigos
75,Ysadora,A,<18,Feminino,Cisgênero,Preta,Agnóstico,Centro Esquerda,Casado,Outro,4-6,9268,Jornalismo,7,"Sim, porém pouco",Baixa,Alta,Baixa,Outro,Compartilhando por familiares e amigos
76,Rayane,E,25-34,Feminino,Prefiro não dizer,Prefiro não dizer,Evangélica,Extrema Direita,Separado,Com parceiro e/ou filhos,7-10,9403,Outro,3,Não,Baixa,Alta,Baixa,Aplicativos de mensagem,Desinformação
77,Talita,B,<18,Feminino,Prefiro não dizer,Indígena,Outras,Direita,Viúvo,Com pais ou responsáveis,<1,9936,Publicidade e Propaganda,2,Não sei,Moderada,Moderada,Baixa,E-mail,Polarização
78,Marcos,B,55-64,Masculino,Prefiro não dizer,Prefiro não dizer,Agnóstico,Extrema Direita,Divorciado,Sozinho,1-3,8485,Relações Públicas,6,"Sim, muito diferentes",Moderada,Alta,Baixa,Portais de notícias,Quando a manchete chama muita atenção
79,Francielly,C,18-24,Feminino,Não binário,Amarela,Evangélica,Extrema Esquerda,Prefiro não dizer,Sozinho,1-3,5477,Publicidade e Propaganda,3,Não sei,Baixa,Moderada,Moderada,Aplicativos de mensagem,Polarização
80,Lucas,A,45-54,Masculino,Não binário,Indígena,Espírita,Não se interessa,Divorciado,Outro,7-10,5080,Relações Públicas,6,"Sim, muito diferentes",Moderada,Baixa,Baixa,Outro,Polarização
81,Jonathan,E,65+,Feminino,Prefiro não dizer,Parda,Judaíca,Extrema Esquerda,Divorciado,Com amigos,1-3,6073,Relações Públicas,5,"Sim, muito diferentes",Baixa,Alta,Moderada,Aplicativos de mensagem,Compartilhando por familiares e amigos
82,Maria,A,18-24,Masculino,Transgênero,Branca,Judaíca,Não se interessa,Separado,Com pais ou responsáveis,>10,6396,Outro,7,Não,Moderada,Baixa,Baixa,Portais de notícias,Ausência das agências de checagem
83,Lucas,C,25-34,Masculino,Prefiro não dizer,Prefiro não dizer,Evangélica,Centro,Separado,Com parceiro e/ou filhos,1-3,6469,Relações Públicas,7,Não sei,Alta,Moderada,Alta,Redes Sociais,Outro
84,Lucas,D,25-34,Outro,Cisgênero,Parda,Evangélica,Direita,Solteiro,Outro,1-3,7801,Relações Públicas,1,Não sei,Baixa,Alta,Alta,Outro,Quando a manchete chama muita atenção
85,Gabriel,E,18-24,Feminino,Transgênero,Branca,Evangélica,Extrema Direita,Casado,Outro,1-3,9885,Cinema e Audiovisual,8,Não,Baixa,Moderada,Baixa,E-mail,Ausência das agências de checagem
86,Gabriel,C,<18,Outro,Cisgênero,Branca,Agnóstico,Não se interessa,Separado,Com parceiro e/ou filhos,<1,5763,Relações Públicas,1,Não,Baixa,Moderada,Baixa,Televisão e/ou Rádio,Desinformação
87,Maria,A,45-54,Feminino,Outro,Branca,Agnóstico,Não se interessa,Solteiro,Com parceiro e/ou filhos,<1,6369,Cinema e Audiovisual,7,"Sim, porém pouco",Baixa,Moderada,Baixa,Aplicativos de mensagem,Polarização
88,Thiago,E,18-24,Feminino,Outro,Branca,Espírita,Centro Direita,Prefiro não dizer,Outro,<1,9856,Jornalismo,6,Não sei,Baixa,Alta,Alta,Outro,Confiança excessiva em fontes duvidosas
89,Marcos,E,65+,Feminino,Prefiro não dizer,Indígena,Outras,Não se interessa,Prefiro não dizer,Sozinho,7-10,8079,Jornalismo,3,Não são diferentes,Baixa,Alta,Alta,E-mail,As pessoas acreditam em notícias que lhes convêm
90,Ysadora,D,35-44,Outro,Outro,Prefiro não dizer,Outras,Centro Direita,Divorciado,Sozinho,<1,7811,Publicidade e Propaganda,4,Não sei,Alta,Baixa,Alta,Portais de notícias,Polarização
91,Vanessa,A,25-34,Feminino,Cisgênero,Amarela,Católica,Extrema Esquerda,Divorciado,Com amigos,<1,9512,Publicidade e Propaganda,8,"Sim, muito diferentes",Moderada,Baixa,Alta,Portais de notícias,Outro
92,Thiago,D,45-54,Outro,Prefiro não dizer,Indígena,Outras,Centro Direita,Casado,Outro,<1,7973,Outro,6,Não são diferentes,Moderada,Alta,Alta,Portais de notícias,As pessoas acreditam em notícias que lhes convêm
93,Vanessa,C,45-54,Masculino,Prefiro não dizer,Preta,Católica,Centro Direita,Solteiro,Sozinho,>10,6581,Cinema e Audiovisual,1,"Sim, muito diferentes",Baixa,Baixa,Baixa,Aplicativos de mensagem,Desinformação
94,Lucas,E,55-64,Outro,Cisgênero,Amarela,Judaíca,Centro Direita,Divorciado,Com amigos,4-6,8986,Jornalismo,4,Não sei,Baixa,Baixa,Moderada,Televisão e/ou Rádio,Ausência das agências de checagem
95,Francielly,E,25-34,Feminino,Outro,Indígena,Agnóstico,Centro,Prefiro não dizer,Com amigos,1-3,9863,Relações Públicas,3,"Sim, porém pouco",Baixa,Alta,Moderada,E-mail,Compartilhando por familiares e amigos
96,Francielly,D,55-64,Outro,Transgênero,Parda,Agnóstico,Direita,Prefiro não dizer,Com amigos,7-10,5541,Jornalismo,1,Não são diferentes,Moderada,Alta,Baixa,Outro,Ausência das agências de checagem
97,Ysadora,C,65+,Masculino,Transgênero,Branca,Católica,Extrema Direita,Casado,Com parceiro e/ou filhos,1-3,6767,Outro,5,Não,Alta,Baixa,Alta,Portais de notícias,Polarização
98,Thiago,B,35-44,Masculino,Prefiro não dizer,Indígena,Agnóstico,Centro Esquerda,Solteiro,Outro,>10,7275,Jornalismo,8,Não são diferentes,Baixa,Moderada,Baixa,E-mail,Outro
99,Francielly,E,<18,Outro,Transgênero,Amarela,Agnóstico,Extrema Direita,Viúvo,Outro,1-3,7025,Outro,5,"Sim, muito diferentes",Alta,Moderada,Alta,Aplicativos de mensagem,Quando a manchete chama muita atenção
100,Rayane,E,25-34,Masculino,Não binário,Branca,Evangélica,Centro,Viúvo,Com amigos,>10,7709,Publicidade e Propaganda,1,Não são diferentes,Alta,Moderada,Baixa,Portais de notícias,Polarização
101,Lucas,D,35-44,Masculino,Cisgênero,Prefiro não dizer,Outras,Não se interessa,Divorciado,Sozinho,>10,6273,Outro,4,"Sim, muito diferentes",Moderada,Alta,Moderada,Aplicativos de mensagem,Compartilhamento por influenciadores
102,Thiago,D,25-34,Masculino,Cisgênero,Amarela,Ateu,Centro Direita,Viúvo,Com pais ou responsáveis,7-10,8144,Outro,6,"Sim, muito diferentes",Moderada,Alta,Moderada,Redes Sociais,Confiança excessiva em fontes duvidosas
103,Amanda,E,45-54,Masculino,Prefiro não dizer,Indígena,Agnóstico,Centro,Solteiro,Com amigos,4-6,6791,Publicidade e Propaganda,7,"Sim, porém pouco",Moderada,Moderada,Baixa,Portais de notícias,Quando a manchete chama muita atenção
104,Talita,D,25-34,Outro,Transgênero,Indígena,Espírita,Direita,Divorciado,Sozinho,4-6,9717,Publicidade e Propaganda,8,"Sim, porém pouco",Alta,Moderada,Alta,Outro,A forma como a notícia é apresentada
105,Rayane,C,65+,Masculino,Não binário,Indígena,Evangélica,Não se interessa,Divorciado,Sozinho,4-6,8663,Outro,7,Não,Alta,Baixa,Alta,Portais de notícias,Compartilhando por familiares e amigos
106,Maria,C,25-34,Masculino,Transgênero,Prefiro não dizer,Espírita,Esquerda,Separado,Com amigos,7-10,7475,Relações Públicas,5,"Sim, muito diferentes",Baixa,Baixa,Baixa,Portais de notícias,Outro
107,Marcos,B,35-44,Feminino,Não binário,Prefiro não dizer,Ateu,Direita,Casado,Sozinho,7-10,5134,Publicidade e Propaganda,2,"Sim, muito diferentes",Moderada,Alta,Moderada,E-mail,Polarização
108,Rayane,A,65+,Outro,Cisgênero,Parda,Espírita,Direita,Viúvo,Outro,7-10,9851,Cinema e Audiovisual,6,Não sei,Baixa,Baixa,Alta,E-mail,Compartilhamento por influenciadores
109,Talita,C,18-24,Outro,Não binário,Branca,Judaíca,Esquerda,Solteiro,Com pais ou responsáveis,<1,9952,Cinema e Audiovisual,3,"Sim, porém pouco",Moderada,Baixa,Baixa,Redes Sociais,Polarização
110,Francielly,C,65+,Feminino,Prefiro não dizer,Parda,Espírita,Centro,Separado,Outro,4-6,5437,Outro,1,Não sei,Moderada,Alta,Moderada,E-mail,Polarização
111,Thiago,C,35-44,Masculino,Cisgênero,Branca,Judaíca,Direita,Viúvo,Com amigos,<1,5898,Publicidade e Propaganda,7,"Sim, muito diferentes",Moderada,Moderada,Baixa,E-mail,Compartilhamento por influenciadores
112,Maria,D,35-44,Feminino,Outro,Parda,Agnóstico,Não se interessa,Separado,Outro,7-10,9967,Relações Públicas,3,"Sim, muito diferentes",Alta,Alta,Alta,Outro,A forma como a notícia é apresentada
113,Marcos,A,<18,Masculino,Não binário,Parda,Ateu,Esquerda,Solteiro,Com pais ou responsáveis,>10,8790,Relações Públicas,3,"Sim, porém pouco",Moderada,Moderada,Alta,Redes Sociais,Desinformação
114,Ana,A,18-24,Feminino,Cisgênero,Preta,Judaíca,Centro Direita,Viúvo,Outro,<1,9049,Publicidade e Propaganda,6,Não sei,Baixa,Moderada,Moderada,Televisão e/ou Rádio,Outro
115,Ysadora,C,35-44,Outro,Prefiro não dizer,Amarela,Espírita,Extrema Esquerda,Divorciado,Outro,>10,9869,Relações Públicas,6,Não são diferentes,Moderada,Moderada,Alta,Portais de notícias,Compartilhando por familiares e amigos
116,Lucas,C,25-34,Feminino,Cisgênero,Branca,Evangélica,Extrema Direita,Casado,Com pais ou responsáveis,4-6,7185,Relações Públicas,4,"Sim, porém pouco",Alta,Baixa,Moderada,Aplicativos de mensagem,Compartilhando por familiares e amigos
117,Marcos,D,25-34,Outro,Prefiro não dizer,Preta,Outras,Extrema Esquerda,Viúvo,Sozinho,7-10,7107,Outro,3,Não,Alta,Alta,Baixa,Televisão e/ou Rádio,Confiança excessiva em fontes duvidosas
118,Maria,D,18-24,Masculino,Outro,Prefiro não dizer,Ateu,Não se interessa,Casado,Sozinho,1-3,7639,Relações Públicas,6,Não sei,Baixa,Alta,Moderada,Outro,Desinformação
119,Thiago,E,18-24,Feminino,Cisgênero,Amarela,Espírita,Centro,Solteiro,Outro,>10,9825,Jornalismo,2,"Sim, porém pouco",Baixa,Moderada,Moderada,Aplicativos de mensagem,Desinformação
120,Ysadora,B,18-24,Feminino,Prefiro não dizer,Parda,Católica,Extrema Esquerda,Prefiro não dizer,Com amigos,<1,9690,Publicidade e Propaganda,4,"Sim, muito diferentes",Alta,Alta,Moderada,E-mail,Compartilhamento por influenciadores
121,Thiago,E,35-44,Masculino,Outro,Indígena,Evangélica,Extrema Direita,Casado,Com amigos,>10,7275,Relações Públicas,1,"Sim, muito diferentes",Alta,Moderada,Moderada,E-mail,Compartilhamento por influenciadores
122,Rayane,B,25-34,Outro,Prefiro não dizer,Indígena,Outras,Centro Esquerda,Separado,Com pais ou responsáveis,7-10,5146,Relações Públicas,4,Não,Moderada,Alta,Moderada,Televisão e/ou Rádio,Ausência das agências de checagem
123,Francielly,E,35-44,Masculino,Transgênero,Amarela,Católica,Extrema Esquerda,Solteiro,Outro,4-6,8032,Publicidade e Propaganda,6,Não são diferentes,Moderada,Baixa,Moderada,E-mail,Quando a manchete chama muita atenção
124,Rayane,A,35-44,Feminino,Transgênero,Prefiro não dizer,Evangélica,Esquerda,Solteiro,Sozinho,1-3,6683,Cinema e Audiovisual,2,Não sei,Alta,Moderada,Baixa,Televisão e/ou Rádio,Compartilhando por familiares e amigos
125,Ana,C,25-34,Masculino,Outro,Indígena,Outras,Centro Direita,Separado,Com amigos,1-3,5501,Jornalismo,4,"Sim, muito diferentes",Moderada,Moderada,Moderada,E-mail,Quando a manchete chama muita atenção
126,Francielly,A,65+,Masculino,Prefiro não dizer,Parda,Evangélica,Centro,Separado,Com amigos,4-6,7589,Outro,7,"Sim, muito diferentes",Moderada,Alta,Alta,Portais de notícias,Quando a manchete chama muita atenção
127,Thiago,E,35-44,Masculino,Cisgênero,Preta,Ateu,Direita,Divorciado,Sozinho,1-3,6114,Jornalismo,3,Não são diferentes,Baixa,Moderada,Baixa,Redes Sociais,A forma como a notícia é apresentada
128,Maria,A,25-34,Feminino,Não binário,Indígena,Espírita,Não se interessa,Prefiro não dizer,Com pais ou responsáveis,7-10,8640,Jornalismo,6,Não,Moderada,Baixa,Moderada,Televisão e/ou Rádio,Compartilhamento por influenciadores
129,Jonathan,C,<18,Masculino,Transgênero,Preta,Outras,Direita,Separado,Outro,1-3,8314,Publicidade e Propaganda,5,"Sim, muito diferentes",Moderada,Baixa,Alta,Aplicativos de mensagem,Desinformação
130,Lucas,C,35-44,Masculino,Outro,Branca,Agnóstico,Extrema Direita,Solteiro,Outro,<1,8609,Cinema e Audiovisual,7,Não sei,Moderada,Moderada,Alta,Televisão e/ou Rádio,Ausência das agências de checagem
131,Maria,A,55-64,Feminino,Não binário,Prefiro não dizer,Evangélica,Centro,Separado,Sozinho,>10,8205,Outro,2,"Sim, porém pouco",Moderada,Alta,Moderada,E-mail,Outro
132,Ana,E,55-64,Feminino,Outro,Amarela,Ateu,Extrema Esquerda,Separado,Com parceiro e/ou filhos,7-10,5148,Jornalismo,8,Não,Baixa,Baixa,Alta,Outro,Ausência das agências de checagem
133,Ana,E,<18,Feminino,Outro,Prefiro não dizer,Ateu,Direita,Divorciado,Com parceiro e/ou filhos,4-6,7985,Outro,3,"Sim, muito diferentes",Baixa,Moderada,Baixa,Televisão e/ou Rádio,As pessoas acreditam em notícias que lhes convêm
134,Marcos,B,65+,Feminino,Não binário,Parda,Judaíca,Esquerda,Solteiro,Outro,4-6,5360,Relações Públicas,5,Não sei,Baixa,Baixa,Moderada,Aplicativos de mensagem,Desinformação
135,Ana,B,45-54,Outro,Outro,Branca,Católica,Direita,Casado,Com parceiro e/ou filhos,>10,7184,Publicidade e Propaganda,8,Não,Baixa,Baixa,Moderada,Aplicativos de mensagem,Quando a manchete chama muita atenção
136,Maria,B,18-24,Outro,Outro,Preta,Agnóstico,Centro,Divorciado,Outro,4-6,8608,Relações Públicas,4,"Sim, muito diferentes",Baixa,Moderada,Alta,Outro,Quando a manchete chama muita atenção
137,Vanessa,D,65+,Feminino,Não binário,Amarela,Agnóstico,Centro Esquerda,Viúvo,Sozinho,7-10,9869,Publicidade e Propaganda,8,Não,Baixa,Baixa,Alta,E-mail,Polarização
138,Thiago,E,65+,Feminino,Cisgênero,Preta,Judaíca,Centro,Prefiro não dizer,Com amigos,1-3,6876,Publicidade e Propaganda,3,"Sim, porém pouco",Moderada,Baixa,Baixa,Portais de notícias,A forma como a notícia é apresentada
139,Jonathan,B,35-44,Feminino,Outro,Indígena,Católica,Centro Esquerda,Casado,Com amigos,4-6,7592,Jornalismo,5,Não sei,Baixa,Alta,Baixa,Televisão e/ou Rádio,Compartilhando por familiares e amigos
140,Talita,A,35-44,Masculino,Cisgênero,Preta,Evangélica,Direita,Prefiro não dizer,Outro,7-10,8594,Publicidade e Propaganda,1,"Sim, muito diferentes",Moderada,Alta,Baixa,Redes Sociais,Ausência das agências de checagem
141,Vanessa,B,45-54,Feminino,Transgênero,Prefiro não dizer,Evangélica,Centro Esquerda,Solteiro,Com pais ou responsáveis,>10,5912,Outro,8,Não são diferentes,Baixa,Moderada,Alta,Redes Sociais,Confiança excessiva em fontes duvidosas
142,Ysadora,A,18-24,Masculino,Transgênero,Preta,Ateu,Extrema Esquerda,Viúvo,Com pais ou responsáveis,4-6,8883,Relações Públicas,8,"Sim, muito diferentes",Baixa,Moderada,Baixa,Televisão e/ou Rádio,Compartilhando por familiares e amigos
143,Vanessa,B,45-54,Feminino,Não binário,Preta,Evangélica,Centro Direita,Prefiro não dizer,Com amigos,1-3,5195,Outro,6,"Sim, muito diferentes",Baixa,Baixa,Alta,Outro,Ausência das agências de checagem
144,Rayane,E,55-64,Outro,Transgênero,Prefiro não dizer,Espírita,Centro Direita,Casado,Com parceiro e/ou filhos,>10,9757,Cinema e Audiovisual,6,Não são diferentes,Alta,Baixa,Moderada,Redes Sociais,Compartilhando por familiares e amigos
145,Ana,C,<18,Masculino,Não binário,Branca,Judaíca,Extrema Esquerda,Casado,Com parceiro e/ou filhos,7-10,7712,Relações Públicas,8,Não sei,Alta,Alta,Alta,Portais de notícias,A forma como a notícia é apresentada
146,Vanessa,E,65+,Feminino,Transgênero,Preta,Judaíca,Centro Direita,Divorciado,Outro,1-3,8802,Cinema e Audiovisual,3,Não são diferentes,Moderada,Baixa,Baixa,E-mail,Desinformação
147,Thiago,B,45-54,Masculino,Cisgênero,Parda,Espírita,Centro,Divorciado,Outro,4-6,8127,Cinema e Audiovisual,4,Não são diferentes,Alta,Baixa,Alta,Outro,A forma como a notícia é apresentada
148,Ana,E,18-24,Outro,Cisgênero,Indígena,Católica,Não se interessa,Divorciado,Com pais ou responsáveis,7-10,5759,Relações Públicas,6,Não sei,Alta,Baixa,Moderada,E-mail,Compartilhando por familiares e amigos
149,Lucas,A,55-64,Outro,Cisgênero,Preta,Católica,Direita,Separado,Com amigos,<1,6671,Relações Públicas,5,Não,Baixa,Baixa,Baixa,Aplicativos de mensagem,Quando a manchete chama muita atenção
150,Thiago,A,45-54,Masculino,Não binário,Indígena,Evangélica,Direita,Casado,Com pais ou responsáveis,>10,6617,Jornalismo,7,Não,Baixa,Baixa,Baixa,Televisão e/ou Rádio,As pessoas acreditam em notícias que lhes convêm
151,Marcos,B,55-64,Feminino,Cisgênero,Preta,Evangélica,Extrema Direita,Prefiro não dizer,Com parceiro e/ou filhos,1-3,6225,Cinema e Audiovisual,7,Não sei,Baixa,Baixa,Alta,Aplicativos de mensagem,A forma como a notícia é apresentada
152,Vanessa,E,45-54,Outro,Cisgênero,Amarela,Espírita,Direita,Divorciado,Com pais ou responsáveis,4-6,8301,Outro,7,Não são diferentes,Baixa,Alta,Alta,E-mail,Confiança excessiva em fontes duvidosas
153,Talita,D,<18,Feminino,Transgênero,Parda,Evangélica,Extrema Esquerda,Viúvo,Outro,1-3,5679,Relações Públicas,8,"Sim, porém pouco",Baixa,Alta,Baixa,Aplicativos de mensagem,Quando a manchete chama muita atenção
154,Jonathan,A,55-64,Feminino,Não binário,Indígena,Agnóstico,Centro Direita,Divorciado,Com amigos,7-10,7390,Cinema e Audiovisual,3,"Sim, muito diferentes",Moderada,Moderada,Baixa,Aplicativos de mensagem,Compartilhando por familiares e amigos
155,Gabriel,A,35-44,Feminino,Outro,Prefiro não dizer,Ateu,Extrema Direita,Viúvo,Com amigos,4-6,6279,Publicidade e Propaganda,4,"Sim, muito diferentes",Moderada,Baixa,Moderada,Aplicativos de mensagem,Compartilhamento por influenciadores
156,Ana,B,65+,Outro,Não binário,Prefiro não dizer,Evangélica,Não se interessa,Solteiro,Com amigos,4-6,9570,Cinema e Audiovisual,3,"Sim, porém pouco",Baixa,Alta,Moderada,Redes Sociais,Compartilhamento por influenciadores
157,Gabriel,E,<18,Outro,Prefiro não dizer,Amarela,Espírita,Não se interessa,Prefiro não dizer,Outro,<1,7131,Publicidade e Propaganda,6,"Sim, muito diferentes",Alta,Baixa,Baixa,Portais de notícias,Confiança excessiva em fontes duvidosas
158,Talita,E,<18,Outro,Outro,Indígena,Espírita,Direita,Viúvo,Com amigos,<1,5950,Publicidade e Propaganda,2,"Sim, porém pouco",Alta,Alta,Baixa,Portais de notícias,Outro
159,Jonathan,D,<18,Masculino,Transgênero,Preta,Espírita,Extrema Esquerda,Separado,Outro,7-10,5308,Outro,8,"Sim, porém pouco",Baixa,Baixa,Alta,Portais de notícias,Polarização
160,Lucas,B,25-34,Masculino,Não binário,Parda,Outras,Esquerda,Divorciado,Com amigos,4-6,7408,Outro,4,Não são diferentes,Moderada,Alta,Alta,Televisão e/ou Rádio,A forma como a notícia é apresentada
161,Lucas,A,65+,Feminino,Não binário,Branca,Judaíca,Centro Direita,Divorciado,Outro,<1,5550,Jornalismo,7,Não são diferentes,Moderada,Baixa,Baixa,Portais de notícias,Polarização
162,Talita,A,25-34,Masculino,Outro,Indígena,Ateu,Não se interessa,Casado,Com parceiro e/ou filhos,4-6,7575,Publicidade e Propaganda,1,"Sim, porém pouco",Alta,Alta,Alta,E-mail,A forma como a notícia é apresentada
163,Lucas,B,18-24,Outro,Prefiro não dizer,Preta,Espírita,Extrema Direita,Prefiro não dizer,Com pais ou responsáveis,>10,9188,Cinema e Audiovisual,1,"Sim, muito diferentes",Alta,Baixa,Moderada,Outro,Compartilhando por familiares e amigos
164,Jonathan,E,<18,Feminino,Transgênero,Parda,Espírita,Extrema Direita,Divorciado,Com amigos,>10,8718,Relações Públicas,7,Não,Alta,Baixa,Moderada,Portais de notícias,Outro
165,Talita,A,18-24,Outro,Cisgênero,Prefiro não dizer,Judaíca,Extrema Direita,Viúvo,Com pais ou responsáveis,1-3,9128,Publicidade e Propaganda,6,"Sim, muito diferentes",Alta,Moderada,Alta,Portais de notícias,Outro
166,Ysadora,E,55-64,Masculino,Não binário,Branca,Espírita,Não se interessa,Solteiro,Outro,1-3,5185,Jornalismo,7,Não são diferentes,Alta,Moderada,Alta,Redes Sociais,Confiança excessiva em fontes duvidosas
167,Amanda,C,35-44,Feminino,Cisgênero,Prefiro não dizer,Judaíca,Centro,Prefiro não dizer,Com amigos,7-10,8118,Jornalismo,8,Não,Moderada,Alta,Alta,Redes Sociais,Confiança excessiva em fontes duvidosas
168,Rayane,D,45-54,Masculino,Prefiro não dizer,Parda,Agnóstico,Centro Direita,Separado,Com parceiro e/ou filhos,>10,7849,Outro,4,Não sei,Baixa,Alta,Baixa,Portais de notícias,Desinformação
169,Ana,A,35-44,Masculino,Prefiro não dizer,Preta,Evangélica,Extrema Direita,Separado,Com parceiro e/ou filhos,<1,7328,Outro,1,Não sei,Moderada,Alta,Baixa,Portais de notícias,Confiança excessiva em fontes duvidosas
170,Gabriel,B,35-44,Feminino,Não binário,Parda,Agnóstico,Centro Direita,Casado,Com amigos,4-6,9263,Relações Públicas,6,Não são diferentes,Alta,Baixa,Baixa,Outro,Polarização
171,Talita,B,45-54,Masculino,Cisgênero,Prefiro não dizer,Outras,Extrema Direita,Casado,Com parceiro e/ou filhos,>10,9938,Jornalismo,7,Não sei,Alta,Alta,Alta,Redes Sociais,Compartilhamento por influenciadores
172,Thiago,D,25-34,Masculino,Não binário,Prefiro não dizer,Evangélica,Centro Direita,Prefiro não dizer,Com pais ou responsáveis,<1,8339,Publicidade e Propaganda,8,"Sim, porém pouco",Baixa,Moderada,Alta,Redes Sociais,As pessoas acreditam em notícias que lhes convêm
173,Vanessa,B,35-44,Feminino,Não binário,Preta,Outras,Centro Esquerda,Viúvo,Com parceiro e/ou filhos,>10,8692,Relações Públicas,2,Não são diferentes,Baixa,Moderada,Moderada,Aplicativos de mensagem,Quando a manchete chama muita atenção
174,Rayane,D,55-64,Feminino,Outro,Parda,Outras,Centro,Prefiro não dizer,Sozinho,1-3,9041,Cinema e Audiovisual,6,"Sim, muito diferentes",Baixa,Baixa,Moderada,Televisão e/ou Rádio,A forma como a notícia é apresentada
175,Ana,C,18-24,Feminino,Cisgênero,Branca,Agnóstico,Extrema Esquerda,Viúvo,Com pais ou responsáveis,>10,5116,Publicidade e Propaganda,6,Não são diferentes,Moderada,Alta,Alta,E-mail,Outro
176,Marcos,A,18-24,Feminino,Cisgênero,Prefiro não dizer,Evangélica,Centro,Separado,Com parceiro e/ou filhos,1-3,5236,Outro,2,Não,Baixa,Moderada,Baixa,E-mail,Compartilhando por familiares e amigos
177,Rayane,D,18-24,Masculino,Cisgênero,Parda,Ateu,Não se interessa,Viúvo,Outro,1-3,6055,Outro,6,"Sim, muito diferentes",Alta,Alta,Moderada,Outro,Outro
178,Thiago,B,65+,Masculino,Transgênero,Indígena,Outras,Não se interessa,Divorciado,Com amigos,1-3,6703,Cinema e Audiovisual,3,Não sei,Baixa,Moderada,Baixa,Redes Sociais,Desinformação
179,Maria,E,55-64,Masculino,Outro,Preta,Espírita,Esquerda,Casado,Outro,1-3,9714,Jornalismo,6,Não são diferentes,Alta,Baixa,Alta,Televisão e/ou Rádio,Compartilhamento por influenciadores
180,Rayane,D,18-24,Feminino,Não binário,Branca,Evangélica,Centro Direita,Divorciado,Com amigos,7-10,9610,Cinema e Audiovisual,5,"Sim, porém pouco",Baixa,Alta,Alta,Televisão e/ou Rádio,Polarização
181,Talita,D,45-54,Outro,Outro,Branca,Ateu,Centro Direita,Casado,Com parceiro e/ou filhos,1-3,8988,Jornalismo,8,"Sim, porém pouco",Baixa,Moderada,Moderada,E-mail,Quando a manchete chama muita atenção
182,Ysadora,D,65+,Feminino,Transgênero,Branca,Judaíca,Extrema Esquerda,Casado,Outro,7-10,6196,Publicidade e Propaganda,7,Não são diferentes,Alta,Moderada,Baixa,Portais de notícias,Quando a manchete chama muita atenção
183,Ana,E,18-24,Outro,Não binário,Amarela,Agnóstico,Centro,Separado,Com parceiro e/ou filhos,4-6,8745,Outro,5,Não sei,Moderada,Baixa,Moderada,Redes Sociais,Compartilhando por familiares e amigos
184,Maria,C,<18,Feminino,Transgênero,Branca,Espírita,Direita,Solteiro,Outro,1-3,6601,Jornalismo,5,"Sim, porém pouco",Moderada,Alta,Alta,Portais de notícias,Compartilhando por familiares e amigos
185,Lucas,C,55-64,Feminino,Transgênero,Preta,Espírita,Centro Direita,Separado,Sozinho,7-10,6867,Cinema e Audiovisual,2,"Sim, muito diferentes",Moderada,Moderada,Moderada,Aplicativos de mensagem,Compartilhamento por influenciadores
186,Maria,C,18-24,Outro,Transgênero,Amarela,Outras,Extrema Direita,Separado,Outro,>10,9876,Jornalismo,4,Não,Moderada,Baixa,Moderada,Portais de notícias,Confiança excessiva em fontes duvidosas
187,Rayane,A,35-44,Feminino,Outro,Parda,Agnóstico,Direita,Separado,Sozinho,7-10,8925,Outro,1,Não são diferentes,Baixa,Moderada,Baixa,Portais de notícias,Ausência das agências de checagem
188,Marcos,D,25-34,Outro,Outro,Branca,Católica,Extrema Direita,Divorciado,Outro,7-10,9947,Relações Públicas,5,Não são diferentes,Moderada,Alta,Baixa,E-mail,Outro
189,Ana,D,25-34,Outro,Prefiro não dizer,Indígena,Espírita,Centro Direita,Prefiro não dizer,Sozinho,4-6,6403,Publicidade e Propaganda,4,Não sei,Alta,Alta,Alta,Portais de notícias,As pessoas acreditam em notícias que lhes convêm
190,Jonathan,A,45-54,Outro,Transgênero,Indígena,Judaíca,Direita,Prefiro não dizer,Com parceiro e/ou filhos,>10,5712,Outro,5,Não são diferentes,Moderada,Alta,Moderada,Outro,Ausência das agências de checagem
191,Francielly,C,35-44,Outro,Transgênero,Prefiro não dizer,Judaíca,Extrema Direita,Separado,Com parceiro e/ou filhos,<1,6429,Cinema e Audiovisual,1,Não,Moderada,Moderada,Moderada,Portais de notícias,Polarização
192,Ana,A,65+,Outro,Não binário,Parda,Outras,Centro,Prefiro não dizer,Sozinho,>10,8111,Cinema e Audiovisual,3,Não são diferentes,Alta,Baixa,Moderada,Portais de notícias,As pessoas acreditam em notícias que lhes convêm
193,Thiago,A,35-44,Masculino,Cisgênero,Prefiro não dizer,Agnóstico,Centro Direita,Separado,Outro,4-6,5945,Outro,5,Não sei,Baixa,Alta,Alta,E-mail,As pessoas acreditam em notícias que lhes convêm
194,Talita,E,18-24,Feminino,Transgênero,Parda,Espírita,Centro,Divorciado,Com pais ou responsáveis,7-10,9198,Publicidade e Propaganda,4,Não sei,Moderada,Baixa,Alta,Televisão e/ou Rádio,Confiança excessiva em fontes duvidosas
195,Maria,C,65+,Outro,Prefiro não dizer,Prefiro não dizer,Evangélica,Centro Esquerda,Viúvo,Com pais ou responsáveis,4-6,6385,Outro,8,Não sei,Baixa,Moderada,Moderada,Portais de notícias,As pessoas acreditam em notícias que lhes convêm
196,Talita,C,45-54,Outro,Cisgênero,Amarela,Outras,Esquerda,Viúvo,Sozinho,4-6,5892,Relações Públicas,3,"Sim, muito diferentes",Baixa,Alta,Baixa,Aplicativos de mensagem,Desinformação
197,Jonathan,C,25-34,Feminino,Prefiro não dizer,Amarela,Evangélica,Direita,Casado,Sozinho,7-10,8135,Relações Públicas,1,Não são diferentes,Baixa,Baixa,Baixa,Aplicativos de mensagem,Compartilhando por familiares e amigos
198,Ana,A,18-24,Feminino,Não binário,Parda,Outras,Não se interessa,Separado,Com parceiro e/ou filhos,7-10,9712,Cinema e Audiovisual,5,"Sim, porém pouco",Moderada,Baixa,Baixa,Redes Sociais,Outro
199,Ysadora,A,55-64,Feminino,Não binário,Parda,Espírita,Extrema Esquerda,Casado,Com parceiro e/ou filhos,4-6,5987,Outro,2,Não são diferentes,Alta,Moderada,Moderada,Outro,A forma como a notícia é apresentada
200,Lucas,E,<18,Feminino,Outro,Branca,Ateu,Não se interessa,Viúvo,Outro,>10,8028,Jornalismo,3,"Sim, muito diferentes",Moderada,Baixa,Alta,Redes Sociais,Quando a manchete chama muita atenção
201,Rayane,E,55-64,Outro,Prefiro não dizer,Branca,Ateu,Extrema Esquerda,Casado,Com pais ou responsáveis,1-3,9421,Jornalismo,7,Não sei,Alta,Alta,Baixa,Televisão e/ou Rádio,Compartilhando por familiares e amigos
202,Gabriel,C,45-54,Outro,Não binário,Indígena,Evangélica,Extrema Direita,Divorciado,Com amigos,1-3,6955,Publicidade e Propaganda,7,"Sim, muito diferentes",Alta,Moderada,Alta,Outro,Quando a manchete chama muita atenção
203,Marcos,A,35-44,Outro,Outro,Indígena,Evangélica,Centro,Viúvo,Sozinho,1-3,5921,Relações Públicas,5,Não sei,Moderada,Moderada,Alta,Televisão e/ou Rádio,Outro
204,Thiago,D,25-34,Masculino,Outro,Prefiro não dizer,Outras,Extrema Esquerda,Prefiro não dizer,Com parceiro e/ou filhos,1-3,9504,Outro,6,"Sim, porém pouco",Alta,Alta,Moderada,Portais de notícias,Quando a manchete chama muita atenção
205,Rayane,E,<18,Outro,Transgênero,Indígena,Espírita,Extrema Direita,Viúvo,Sozinho,1-3,7461,Jornalismo,6,"Sim, muito diferentes",Baixa,Moderada,Alta,Outro,Compartilhamento por influenciadores
206,Lucas,C,35-44,Feminino,Não binário,Indígena,Outras,Centro Esquerda,Prefiro não dizer,Sozinho,1-3,7456,Publicidade e Propaganda,1,"Sim, muito diferentes",Alta,Moderada,Alta,Aplicativos de mensagem,As pessoas acreditam em notícias que lhes convêm
207,Rayane,B,45-54,Outro,Prefiro não dizer,Parda,Outras,Centro,Divorciado,Com parceiro e/ou filhos,1-3,5463,Relações Públicas,2,Não sei,Moderada,Baixa,Baixa,Redes Sociais,Compartilhamento por influenciadores
208,Rayane,D,18-24,Outro,Prefiro não dizer,Prefiro não dizer,Católica,Direita,Prefiro não dizer,Sozinho,>10,7642,Cinema e Audiovisual,7,Não são diferentes,Baixa,Alta,Baixa,Outro,Confiança excessiva em fontes duvidosas
209,Marcos,E,65+,Masculino,Prefiro não dizer,Prefiro não dizer,Outras,Extrema Direita,Separado,Com parceiro e/ou filhos,1-3,7354,Outro,7,Não,Alta,Alta,Alta,Televisão e/ou Rádio,Compartilhamento por influenciadores
210,Amanda,B,55-64,Masculino,Outro,Prefiro não dizer,Espírita,Centro Direita,Prefiro não dizer,Sozinho,1-3,9864,Relações Públicas,3,Não são diferentes,Alta,Alta,Baixa,Redes Sociais,Ausência das agências de checagem
211,Gabriel,B,45-54,Outro,Transgênero,Prefiro não dizer,Evangélica,Extrema Esquerda,Separado,Com amigos,7-10,6700,Jornalismo,8,Não,Baixa,Baixa,Alta,Redes Sociais,Compartilhando por familiares e amigos
212,Ysadora,D,25-34,Outro,Outro,Branca,Católica,Direita,Viúvo,Outro,1-3,7259,Outro,8,"Sim, porém pouco",Baixa,Alta,Moderada,Televisão e/ou Rádio,Desinformação
213,Francielly,D,25-34,Outro,Transgênero,Branca,Outras,Direita,Casado,Com pais ou responsáveis,<1,8223,Outro,8,"Sim, muito diferentes",Baixa,Baixa,Alta,Outro,Outro
214,Lucas,B,55-64,Outro,Prefiro não dizer,Branca,Outras,Esquerda,Solteiro,Sozinho,>10,9039,Cinema e Audiovisual,5,"Sim, muito diferentes",Moderada,Baixa,Alta,Portais de notícias,Quando a manchete chama muita atenção
215,Amanda,E,35-44,Masculino,Não binário,Prefiro não dizer,Agnóstico,Não se interessa,Casado,Com amigos,<1,7261,Cinema e Audiovisual,8,Não sei,Moderada,Alta,Baixa,Redes Sociais,Outro
216,Ana,E,18-24,Outro,Prefiro não dizer,Prefiro não dizer,Agnóstico,Centro Esquerda,Viúvo,Com amigos,1-3,6301,Publicidade e Propaganda,5,"Sim, muito diferentes",Moderada,Baixa,Alta,Redes Sociais,Compartilhando por familiares e amigos
217,Talita,C,18-24,Feminino,Não binário,Prefiro não dizer,Judaíca,Extrema Direita,Separado,Outro,<1,5204,Relações Públicas,1,Não são diferentes,Moderada,Moderada,Alta,Televisão e/ou Rádio,Compartilhamento por influenciadores
218,Ysadora,A,25-34,Feminino,Cisgênero,Preta,Agnóstico,Esquerda,Divorciado,Outro,1-3,5665,Jornalismo,3,Não são diferentes,Moderada,Moderada,Alta,E-mail,Ausência das agências de checagem
219,Ana,B,35-44,Feminino,Não binário,Parda,Judaíca,Centro Esquerda,Viúvo,Com parceiro e/ou filhos,1-3,6765,Cinema e Audiovisual,6,Não sei,Alta,Baixa,Alta,Televisão e/ou Rádio,As pessoas acreditam em notícias que lhes convêm
220,Ysadora,B,65+,Feminino,Cisgênero,Amarela,Judaíca,Não se interessa,Separado,Sozinho,<1,6950,Jornalismo,3,Não,Baixa,Moderada,Alta,Redes Sociais,A forma como a notícia é apresentada
221,Francielly,D,65+,Outro,Não binário,Parda,Agnóstico,Centro Esquerda,Prefiro não dizer,Outro,7-10,9247,Relações Públicas,3,Não são diferentes,Moderada,Alta,Alta,E-mail,Quando a manchete chama muita atenção
222,Marcos,A,55-64,Feminino,Transgênero,Parda,Judaíca,Não se interessa,Casado,Com pais ou responsáveis,<1,8380,Relações Públicas,3,Não sei,Alta,Baixa,Baixa,Portais de notícias,Desinformação
223,Lucas,A,65+,Feminino,Cisgênero,Preta,Outras,Não se interessa,Solteiro,Sozinho,<1,5564,Jornalismo,4,Não,Moderada,Alta,Moderada,Outro,Ausência das agências de checagem
224,Gabriel,A,<18,Feminino,Transgênero,Preta,Evangélica,Não se interessa,Viúvo,Com parceiro e/ou filhos,<1,8801,Relações Públicas,2,Não,Alta,Moderada,Alta,Aplicativos de mensagem,Desinformação
225,Thiago,A,<18,Masculino,Outro,Indígena,Espírita,Extrema Esquerda,Casado,Com parceiro e/ou filhos,1-3,8843,Publicidade e Propaganda,7,"Sim, muito diferentes",Moderada,Alta,Alta,Redes Sociais,Outro
226,Rayane,C,45-54,Outro,Transgênero,Amarela,Outras,Direita,Casado,Com amigos,<1,5885,Jornalismo,1,"Sim, muito diferentes",Baixa,Baixa,Baixa,Outro,Confiança excessiva em fontes duvidosas
227,Jonathan,E,<18,Outro,Prefiro não dizer,Amarela,Espírita,Centro,Divorciado,Sozinho,>10,9438,Relações Públicas,2,"Sim, porém pouco",Moderada,Baixa,Moderada,Televisão e/ou Rádio,Confiança excessiva em fontes duvidosas
228,Gabriel,D,65+,Feminino,Não binário,Amarela,Agnóstico,Centro Esquerda,Prefiro não dizer,Com amigos,1-3,6383,Cinema e Audiovisual,4,"Sim, porém pouco",Baixa,Baixa,Moderada,Aplicativos de mensagem,Polarização
229,Rayane,A,35-44,Masculino,Cisgênero,Amarela,Agnóstico,Extrema Direita,Separado,Outro,7-10,9337,Publicidade e Propaganda,4,Não sei,Moderada,Alta,Baixa,Aplicativos de mensagem,Ausência das agências de checagem
230,Maria,D,18-24,Feminino,Outro,Indígena,Outras,Centro,Solteiro,Outro,4-6,6817,Cinema e Audiovisual,2,Não são diferentes,Alta,Alta,Baixa,Televisão e/ou Rádio,Desinformação
231,Amanda,C,45-54,Masculino,Outro,Preta,Evangélica,Não se interessa,Divorciado,Com pais ou responsáveis,>10,9757,Jornalismo,3,"Sim, muito diferentes",Baixa,Moderada,Baixa,Redes Sociais,Confiança excessiva em fontes duvidosas
232,Francielly,E,25-34,Masculino,Cisgênero,Amarela,Agnóstico,Esquerda,Casado,Com amigos,>10,7382,Jornalismo,7,Não sei,Alta,Alta,Baixa,Televisão e/ou Rádio,Desinformação
233,Maria,E,25-34,Outro,Transgênero,Branca,Outras,Centro Esquerda,Casado,Sozinho,<1,9338,Relações Públicas,6,Não sei,Moderada,Baixa,Baixa,Outro,Outro
234,Lucas,C,18-24,Feminino,Outro,Amarela,Evangélica,Esquerda,Divorciado,Com parceiro e/ou filhos,<1,7426,Outro,5,"Sim, muito diferentes",Baixa,Moderada,Moderada,Redes Sociais,As pessoas acreditam em notícias que lhes convêm
235,Ana,C,45-54,Masculino,Outro,Parda,Agnóstico,Direita,Prefiro não dizer,Com amigos,1-3,7552,Publicidade e Propaganda,7,"Sim, porém pouco",Moderada,Moderada,Baixa,Aplicativos de mensagem,Quando a manchete chama muita atenção
236,Gabriel,B,35-44,Feminino,Cisgênero,Prefiro não dizer,Ateu,Centro Direita,Solteiro,Outro,>10,8830,Outro,1,Não são diferentes,Alta,Moderada,Baixa,Televisão e/ou Rádio,Outro
237,Vanessa,B,45-54,Masculino,Cisgênero,Preta,Ateu,Centro,Viúvo,Com parceiro e/ou filhos,4-6,8471,Relações Públicas,7,Não sei,Moderada,Moderada,Baixa,Portais de notícias,A forma como a notícia é apresentada
238,Gabriel,B,<18,Outro,Cisgênero,Branca,Espírita,Extrema Direita,Separado,Outro,1-3,6813,Jornalismo,3,Não são diferentes,Moderada,Baixa,Alta,Portais de notícias,Confiança excessiva em fontes duvidosas
239,Lucas,A,65+,Outro,Outro,Prefiro não dizer,Evangélica,Centro,Prefiro não dizer,Sozinho,4-6,9399,Relações Públicas,8,Não,Baixa,Baixa,Alta,Outro,Confiança excessiva em fontes duvidosas
240,Vanessa,B,55-64,Feminino,Transgênero,Branca,Agnóstico,Extrema Esquerda,Divorciado,Outro,1-3,8135,Outro,3,"Sim, porém pouco",Baixa,Alta,Baixa,Outro,Outro
241,Jonathan,E,35-44,Masculino,Outro,Prefiro não dizer,Outras,Centro,Prefiro não dizer,Outro,4-6,6144,Publicidade e Propaganda,8,"Sim, muito diferentes",Baixa,Alta,Alta,E-mail,Desinformação
242,Talita,E,25-34,Masculino,Transgênero,Preta,Agnóstico,Extrema Esquerda,Prefiro não dizer,Sozinho,>10,7788,Publicidade e Propaganda,7,Não são diferentes,Moderada,Alta,Alta,Aplicativos de mensagem,Compartilhamento por influenciadores
243,Vanessa,A,25-34,Masculino,Prefiro não dizer,Amarela,Agnóstico,Centro,Solteiro,Com parceiro e/ou filhos,7-10,7511,Cinema e Audiovisual,4,Não sei,Moderada,Baixa,Baixa,E-mail,Compartilhamento por influenciadores
244,Rayane,A,45-54,Outro,Cisgênero,Prefiro não dizer,Outras,Extrema Esquerda,Prefiro não dizer,Sozinho,7-10,6706,Cinema e Audiovisual,5,"Sim, muito diferentes",Moderada,Baixa,Moderada,Redes Sociais,Compartilhando por familiares e amigos
245,Gabriel,E,18-24,Feminino,Prefiro não dizer,Prefiro não dizer,Ateu,Não se interessa,Casado,Com pais ou responsáveis,<1,7972,Jornalismo,5,Não sei,Moderada,Baixa,Moderada,Televisão e/ou Rádio,Compartilhando por familiares e amigos
246,Jonathan,A,55-64,Masculino,Prefiro não dizer,Parda,Outras,Centro Direita,Viúvo,Com amigos,1-3,6791,Outro,2,Não são diferentes,Moderada,Alta,Baixa,Outro,Ausência das agências de checagem
247,Lucas,A,18-24,Feminino,Prefiro não dizer,Amarela,Espírita,Não se interessa,Prefiro não dizer,Sozinho,<1,5717,Outro,3,Não sei,Alta,Moderada,Baixa,Redes Sociais,Outro
248,Amanda,D,65+,Feminino,Não binário,Parda,Ateu,Direita,Viúvo,Sozinho,4-6,9989,Publicidade e Propaganda,3,Não sei,Baixa,Moderada,Alta,E-mail,Ausência das agências de checagem
249,Francielly,A,55-64,Feminino,Outro,Parda,Agnóstico,Extrema Esquerda,Solteiro,Sozinho,1-3,8353,Jornalismo,3,"Sim, muito diferentes",Moderada,Baixa,Baixa,Televisão e/ou Rádio,Outro
250,Thiago,E,45-54,Feminino,Outro,Prefiro não dizer,Agnóstico,Extrema Direita,Casado,Com pais ou responsáveis,>10,9596,Relações Públicas,7,"Sim, muito diferentes",Baixa,Alta,Alta,Aplicativos de mensagem,Outro
251,Gabriel,D,65+,Feminino,Não binário,Prefiro não dizer,Evangélica,Esquerda,Prefiro não dizer,Outro,4-6,7558,Jornalismo,2,Não são diferentes,Baixa,Alta,Moderada,Aplicativos de mensagem,Quando a manchete chama muita atenção
252,Maria,C,18-24,Masculino,Não binário,Indígena,Outras,Extrema Esquerda,Prefiro não dizer,Outro,7-10,9952,Outro,8,Não sei,Moderada,Baixa,Baixa,Portais de notícias,Outro
253,Maria,D,25-34,Feminino,Transgênero,Prefiro não dizer,Evangélica,Extrema Esquerda,Viúvo,Com parceiro e/ou filhos,4-6,6465,Relações Públicas,3,Não sei,Moderada,Baixa,Baixa,Outro,As pessoas acreditam em notícias que lhes convêm
254,Marcos,C,18-24,Feminino,Prefiro não dizer,Preta,Evangélica,Centro Direita,Divorciado,Com parceiro e/ou filhos,<1,9715,Jornalismo,7,Não sei,Baixa,Moderada,Moderada,Televisão e/ou Rádio,A forma como a notícia é apresentada
255,Francielly,B,25-34,Masculino,Outro,Indígena,Judaíca,Extrema Esquerda,Prefiro não dizer,Com pais ou responsáveis,<1,8297,Jornalismo,3,"Sim, muito diferentes",Baixa,Baixa,Baixa,Outro,Desinformação
256,Talita,A,<18,Feminino,Cisgênero,Preta,Ateu,Extrema Esquerda,Solteiro,Com amigos,4-6,7189,Outro,8,Não sei,Baixa,Moderada,Alta,Portais de notícias,As pessoas acreditam em notícias que lhes convêm
257,Thiago,A,18-24,Feminino,Transgênero,Indígena,Judaíca,Não se interessa,Divorciado,Sozinho,<1,5647,Cinema e Audiovisual,4,"Sim, muito diferentes",Baixa,Moderada,Baixa,Aplicativos de mensagem,Quando a manchete chama muita atenção
258,Lucas,C,65+,Feminino,Prefiro não dizer,Preta,Espírita,Esquerda,Prefiro não dizer,Com pais ou responsáveis,4-6,5969,Relações Públicas,4,Não são diferentes,Moderada,Moderada,Moderada,Portais de notícias,Ausência das agências de checagem
259,Marcos,C,18-24,Feminino,Prefiro não dizer,Prefiro não dizer,Evangélica,Esquerda,Separado,Outro,>10,7686,Outro,7,"Sim, muito diferentes",Moderada,Baixa,Moderada,Televisão e/ou Rádio,Confiança excessiva em fontes duvidosas
260,Gabriel,D,45-54,Masculino,Prefiro não dizer,Preta,Espírita,Centro Direita,Prefiro não dizer,Outro,>10,5579,Cinema e Audiovisual,4,"Sim, muito diferentes",Moderada,Baixa,Baixa,Redes Sociais,Polarização
261,Amanda,D,45-54,Masculino,Outro,Indígena,Agnóstico,Extrema Esquerda,Solteiro,Com pais ou responsáveis,7-10,5612,Cinema e Audiovisual,3,"Sim, porém pouco",Alta,Alta,Alta,Portais de notícias,Confiança excessiva em fontes duvidosas
262,Amanda,E,<18,Masculino,Prefiro não dizer,Amarela,Judaíca,Centro Esquerda,Separado,Com parceiro e/ou filhos,<1,8271,Relações Públicas,3,"Sim, porém pouco",Baixa,Alta,Alta,Redes Sociais,Compartilhando por familiares e amigos
263,Ysadora,B,35-44,Feminino,Cisgênero,Indígena,Católica,Centro Esquerda,Casado,Com amigos,1-3,8677,Relações Públicas,2,"Sim, porém pouco",Baixa,Moderada,Moderada,Redes Sociais,Desinformação
264,Maria,A,18-24,Feminino,Outro,Parda,Outras,Não se interessa,Separado,Outro,7-10,5988,Publicidade e Propaganda,4,Não sei,Baixa,Moderada,Baixa,Aplicativos de mensagem,As pessoas acreditam em notícias que lhes convêm
265,Francielly,D,55-64,Masculino,Transgênero,Branca,Ateu,Centro Direita,Separado,Com parceiro e/ou filhos,7-10,7802,Cinema e Audiovisual,3,"Sim, porém pouco",Alta,Alta,Moderada,Televisão e/ou Rádio,A forma como a notícia é apresentada
266,Amanda,B,35-44,Feminino,Prefiro não dizer,Amarela,Evangélica,Centro Direita,Divorciado,Com pais ou responsáveis,1-3,5918,Relações Públicas,8,"Sim, porém pouco",Moderada,Moderada,Moderada,Aplicativos de mensagem,Compartilhamento por influenciadores
267,Marcos,D,<18,Feminino,Não binário,Parda,Judaíca,Centro Direita,Solteiro,Outro,>10,9072,Outro,6,Não são diferentes,Baixa,Baixa,Baixa,E-mail,Desinformação
268,Lucas,E,45-54,Feminino,Outro,Amarela,Evangélica,Esquerda,Separado,Com parceiro e/ou filhos,1-3,8519,Outro,6,"Sim, muito diferentes",Moderada,Baixa,Moderada,Outro,Polarização
269,Francielly,D,65+,Feminino,Cisgênero,Branca,Agnóstico,Centro Direita,Separado,Com parceiro e/ou filhos,7-10,8178,Cinema e Audiovisual,8,Não,Moderada,Alta,Alta,Televisão e/ou Rádio,Ausência das agências de checagem
270,Thiago,D,55-64,Outro,Prefiro não dizer,Parda,Evangélica,Extrema Esquerda,Separado,Com amigos,<1,5318,Relações Públicas,2,Não,Alta,Moderada,Baixa,Aplicativos de mensagem,Compartilhamento por influenciadores
271,Ana,B,18-24,Feminino,Outro,Prefiro não dizer,Outras,Extrema Direita,Viúvo,Com amigos,4-6,9603,Jornalismo,8,"Sim, porém pouco",Baixa,Baixa,Alta,Televisão e/ou Rádio,A forma como a notícia é apresentada
272,Marcos,B,65+,Masculino,Não binário,Branca,Evangélica,Extrema Esquerda,Solteiro,Outro,1-3,8780,Cinema e Audiovisual,1,"Sim, porém pouco",Moderada,Alta,Moderada,E-mail,Ausência das agências de checagem
273,Francielly,E,55-64,Masculino,Não binário,Preta,Outras,Extrema Esquerda,Casado,Com parceiro e/ou filhos,1-3,6520,Cinema e Audiovisual,4,"Sim, muito diferentes",Alta,Alta,Baixa,Aplicativos de mensagem,Ausência das agências de checagem
274,Lucas,A,35-44,Masculino,Transgênero,Prefiro não dizer,Outras,Extrema Esquerda,Separado,Outro,<1,7558,Cinema e Audiovisual,6,"Sim, porém pouco",Moderada,Baixa,Moderada,Redes Sociais,Compartilhando por familiares e amigos
275,Ana,C,25-34,Feminino,Cisgênero,Prefiro não dizer,Evangélica,Não se interessa,Divorciado,Sozinho,>10,9746,Cinema e Audiovisual,8,"Sim, porém pouco",Moderada,Baixa,Alta,Televisão e/ou Rádio,A forma como a notícia é apresentada
276,Lucas,C,18-24,Outro,Não binário,Branca,Ateu,Centro Direita,Prefiro não dizer,Outro,7-10,5295,Jornalismo,8,Não são diferentes,Alta,Baixa,Moderada,Outro,Polarização
277,Ysadora,D,<18,Masculino,Outro,Amarela,Outras,Não se interessa,Separado,Com parceiro e/ou filhos,1-3,9644,Publicidade e Propaganda,2,Não são diferentes,Moderada,Alta,Alta,Redes Sociais,As pessoas acreditam em notícias que lhes convêm
278,Lucas,A,<18,Masculino,Cisgênero,Parda,Outras,Extrema Esquerda,Casado,Sozinho,<1,8791,Jornalismo,1,Não são diferentes,Moderada,Alta,Alta,Televisão e/ou Rádio,A forma como a notícia é apresentada
279,Thiago,E,45-54,Feminino,Não binário,Parda,Espírita,Centro Direita,Divorciado,Com amigos,4-6,9443,Outro,1,Não são diferentes,Moderada,Alta,Alta,Outro,Ausência das agências de checagem
280,Jonathan,E,25-34,Outro,Prefiro não dizer,Indígena,Outras,Direita,Separado,Sozinho,>10,5391,Publicidade e Propaganda,2,Não são diferentes,Baixa,Baixa,Baixa,Outro,Compartilhando por familiares e amigos
281,Ysadora,C,55-64,Masculino,Outro,Amarela,Judaíca,Esquerda,Viúvo,Com parceiro e/ou filhos,>10,9957,Cinema e Audiovisual,4,Não,Alta,Baixa,Moderada,Outro,Quando a manchete chama muita atenção
282,Talita,E,35-44,Outro,Prefiro não dizer,Preta,Agnóstico,Não se interessa,Solteiro,Outro,>10,7265,Outro,8,Não sei,Moderada,Baixa,Moderada,E-mail,Desinformação
283,Vanessa,A,25-34,Outro,Transgênero,Branca,Espírita,Não se interessa,Divorciado,Com pais ou responsáveis,7-10,6792,Outro,2,Não,Alta,Baixa,Alta,Televisão e/ou Rádio,Polarização
284,Maria,B,35-44,Feminino,Não binário,Preta,Católica,Não se interessa,Separado,Com pais ou responsáveis,4-6,9582,Jornalismo,7,Não,Moderada,Baixa,Alta,Aplicativos de mensagem,Confiança excessiva em fontes duvidosas
285,Ana,D,55-64,Outro,Cisgênero,Amarela,Espírita,Extrema Direita,Casado,Com amigos,>10,7983,Outro,8,Não são diferentes,Moderada,Baixa,Baixa,Redes Sociais,Outro
286,Thiago,D,55-64,Feminino,Outro,Indígena,Espírita,Não se interessa,Separado,Com amigos,<1,7479,Jornalismo,5,"Sim, porém pouco",Alta,Moderada,Baixa,Aplicativos de mensagem,A forma como a notícia é apresentada
287,Maria,C,35-44,Feminino,Cisgênero,Branca,Católica,Direita,Separado,Com parceiro e/ou filhos,<1,7334,Outro,5,Não são diferentes,Baixa,Baixa,Moderada,Aplicativos de mensagem,Compartilhamento por influenciadores
288,Amanda,C,25-34,Outro,Não binário,Preta,Espírita,Extrema Esquerda,Casado,Com parceiro e/ou filhos,4-6,8258,Outro,7,"Sim, porém pouco",Moderada,Moderada,Moderada,Outro,Quando a manchete chama muita atenção
289,Marcos,C,55-64,Outro,Transgênero,Amarela,Católica,Centro Direita,Prefiro não dizer,Com pais ou responsáveis,1-3,9074,Publicidade e Propaganda,3,"Sim, muito diferentes",Alta,Moderada,Alta,Redes Sociais,Desinformação
290,Ysadora,C,18-24,Outro,Cisgênero,Parda,Agnóstico,Extrema Direita,Prefiro não dizer,Com parceiro e/ou filhos,7-10,5975,Publicidade e Propaganda,5,"Sim, muito diferentes",Baixa,Baixa,Alta,Portais de notícias,As pessoas acreditam em notícias que lhes convêm
291,Ysadora,B,45-54,Outro,Cisgênero,Prefiro não dizer,Católica,Extrema Esquerda,Casado,Com amigos,7-10,9977,Outro,8,Não sei,Baixa,Baixa,Alta,Outro,Outro
292,Ana,D,<18,Outro,Outro,Branca,Outras,Direita,Prefiro não dizer,Com amigos,4-6,9153,Jornalismo,1,"Sim, muito diferentes",Moderada,Baixa,Baixa,Redes Sociais,Compartilhamento por influenciadores
293,Maria,B,55-64,Outro,Outro,Preta,Outras,Direita,Solteiro,Com parceiro e/ou filhos,<1,5680,Outro,6,Não sei,Baixa,Baixa,Baixa,Redes Sociais,A forma como a notícia é apresentada
294,Ysadora,D,25-34,Masculino,Cisgênero,Parda,Católica,Extrema Esquerda,Viúvo,Com amigos,7-10,9928,Jornalismo,6,"Sim, muito diferentes",Alta,Alta,Baixa,Aplicativos de mensagem,Desinformação
295,Rayane,A,65+,Masculino,Não binário,Amarela,Evangélica,Não se interessa,Casado,Com pais ou responsáveis,<1,7043,Cinema e Audiovisual,4,Não são diferentes,Moderada,Baixa,Baixa,E-mail,Ausência das agências de checagem
296,Lucas,A,18-24,Masculino,Outro,Prefiro não dizer,Outras,Não se interessa,Divorciado,Sozinho,4-6,8895,Relações Públicas,2,Não são diferentes,Baixa,Baixa,Baixa,Aplicativos de mensagem,Compartilhando por familiares e amigos
297,Rayane,D,25-34,Outro,Prefiro não dizer,Amarela,Agnóstico,Extrema Direita,Solteiro,Sozinho,1-3,7978,Relações Públicas,1,Não,Baixa,Moderada,Moderada,Televisão e/ou Rádio,Compartilhando por familiares e amigos
298,Marcos,A,25-34,Feminino,Transgênero,Prefiro não dizer,Católica,Extrema Direita,Separado,Sozinho,1-3,7291,Outro,8,Não,Moderada,Moderada,Alta,Portais de notícias,As pessoas acreditam em notícias que lhes convêm
299,Rayane,E,18-24,Feminino,Não binário,Branca,Católica,Esquerda,Divorciado,Com parceiro e/ou filhos,7-10,8350,Cinema e Audiovisual,6,Não são diferentes,Baixa,Alta,Baixa,Aplicativos de mensagem,Outro
300,Rayane,C,25-34,Masculino,Cisgênero,Indígena,Ateu,Esquerda,Viúvo,Com pais ou responsáveis,7-10,9046,Outro,3,Não,Moderada,Baixa,Moderada,Redes Sociais,Compartilhando por familiares e amigos
301,Amanda,A,35-44,Outro,Não binário,Branca,Evangélica,Centro Esquerda,Viúvo,Com pais ou responsáveis,7-10,7369,Publicidade e Propaganda,8,"Sim, muito diferentes",Baixa,Baixa,Baixa,Aplicativos de mensagem,Polarização
302,Ana,B,45-54,Masculino,Cisgênero,Branca,Espírita,Não se interessa,Viúvo,Sozinho,>10,8049,Jornalismo,7,"Sim, porém pouco",Alta,Baixa,Baixa,Portais de notícias,A forma como a notícia é apresentada
303,Ysadora,C,35-44,Outro,Prefiro não dizer,Preta,Espírita,Não se interessa,Separado,Com amigos,7-10,5990,Relações Públicas,1,Não são diferentes,Moderada,Baixa,Baixa,Portais de notícias,Compartilhamento por influenciadores
304,Amanda,E,45-54,Outro,Não binário,Indígena,Católica,Esquerda,Viúvo,Com pais ou responsáveis,4-6,8674,Relações Públicas,3,Não sei,Moderada,Alta,Alta,Outro,Confiança excessiva em fontes duvidosas
305,Thiago,A,45-54,Masculino,Prefiro não dizer,Prefiro não dizer,Espírita,Centro Direita,Casado,Outro,>10,6455,Cinema e Audiovisual,3,Não são diferentes,Alta,Alta,Baixa,Outro,Desinformação
306,Vanessa,E,65+,Outro,Outro,Branca,Agnóstico,Centro,Prefiro não dizer,Outro,1-3,9427,Jornalismo,4,Não,Alta,Moderada,Moderada,Redes Sociais,As pessoas acreditam em notícias que lhes convêm
307,Thiago,D,<18,Masculino,Cisgênero,Parda,Católica,Esquerda,Solteiro,Outro,4-6,5960,Publicidade e Propaganda,2,"Sim, muito diferentes",Baixa,Moderada,Baixa,Televisão e/ou Rádio,As pessoas acreditam em notícias que lhes convêm
308,Talita,C,45-54,Outro,Não binário,Parda,Evangélica,Não se interessa,Solteiro,Sozinho,>10,7031,Relações Públicas,5,"Sim, muito diferentes",Baixa,Alta,Alta,Aplicativos de mensagem,Compartilhando por familiares e amigos
309,Maria,E,25-34,Outro,Transgênero,Indígena,Evangélica,Esquerda,Solteiro,Com amigos,7-10,7463,Jornalismo,1,Não são diferentes,Moderada,Alta,Alta,Redes Sociais,As pessoas acreditam em notícias que lhes convêm
310,Thiago,A,65+,Masculino,Prefiro não dizer,Indígena,Evangélica,Centro Esquerda,Separado,Com pais ou responsáveis,1-3,7995,Outro,6,"Sim, porém pouco",Moderada,Alta,Baixa,Portais de notícias,Outro
311,Jonathan,A,25-34,Masculino,Cisgênero,Parda,Evangélica,Centro,Solteiro,Sozinho,4-6,9206,Jornalismo,4,"Sim, muito diferentes",Moderada,Moderada,Alta,E-mail,A forma como a notícia é apresentada
312,Marcos,E,45-54,Masculino,Transgênero,Amarela,Espírita,Extrema Esquerda,Viúvo,Com pais ou responsáveis,1-3,7193,Jornalismo,6,"Sim, porém pouco",Moderada,Baixa,Moderada,Redes Sociais,Ausência das agências de checagem
313,Thiago,B,45-54,Feminino,Transgênero,Amarela,Ateu,Extrema Esquerda,Separado,Com pais ou responsáveis,<1,8825,Outro,1,Não sei,Moderada,Baixa,Moderada,E-mail,Quando a manchete chama muita atenção
314,Jonathan,D,18-24,Masculino,Transgênero,Parda,Judaíca,Centro Esquerda,Prefiro não dizer,Outro,>10,6239,Jornalismo,1,Não,Alta,Alta,Alta,Outro,Compartilhamento por influenciadores
315,Vanessa,E,18-24,Feminino,Transgênero,Parda,Ateu,Centro Direita,Solteiro,Outro,7-10,5854,Publicidade e Propaganda,2,Não sei,Alta,Baixa,Baixa,E-mail,Compartilhando por familiares e amigos
316,Rayane,B,25-34,Feminino,Prefiro não dizer,Indígena,Agnóstico,Centro Esquerda,Separado,Sozinho,<1,8728,Jornalismo,4,"Sim, muito diferentes",Moderada,Moderada,Alta,Portais de notícias,Desinformação
317,Thiago,E,45-54,Outro,Não binário,Parda,Ateu,Centro Esquerda,Viúvo,Com parceiro e/ou filhos,1-3,9511,Publicidade e Propaganda,1,Não,Baixa,Baixa,Alta,Televisão e/ou Rádio,Quando a manchete chama muita atenção
318,Maria,B,35-44,Feminino,Outro,Prefiro não dizer,Católica,Não se interessa,Casado,Sozinho,1-3,7724,Cinema e Audiovisual,3,Não são diferentes,Moderada,Alta,Baixa,Outro,Outro
319,Marcos,D,18-24,Outro,Outro,Branca,Judaíca,Centro Direita,Prefiro não dizer,Com pais ou responsáveis,7-10,5596,Publicidade e Propaganda,6,"Sim, muito diferentes",Alta,Alta,Baixa,Televisão e/ou Rádio,Polarização
320,Jonathan,B,25-34,Masculino,Prefiro não dizer,Amarela,Evangélica,Centro Direita,Viúvo,Com pais ou responsáveis,4-6,9715,Outro,4,Não sei,Baixa,Alta,Moderada,E-mail,Quando a manchete chama muita atenção
321,Ysadora,D,<18,Feminino,Transgênero,Prefiro não dizer,Outras,Esquerda,Separado,Outro,<1,5114,Relações Públicas,7,"Sim, porém pouco",Baixa,Alta,Moderada,Outro,Polarização
322,Marcos,B,18-24,Feminino,Outro,Indígena,Agnóstico,Extrema Direita,Casado,Com parceiro e/ou filhos,>10,7394,Cinema e Audiovisual,1,Não sei,Alta,Moderada,Moderada,Redes Sociais,Compartilhamento por influenciadores
323,Rayane,D,18-24,Feminino,Cisgênero,Branca,Evangélica,Extrema Direita,Solteiro,Sozinho,>10,7085,Publicidade e Propaganda,2,"Sim, porém pouco",Alta,Baixa,Moderada,Portais de notícias,Quando a manchete chama muita atenção
324,Jonathan,C,55-64,Outro,Transgênero,Prefiro não dizer,Agnóstico,Centro Direita,Separado,Sozinho,7-10,9514,Jornalismo,5,Não,Baixa,Baixa,Alta,Portais de notícias,Confiança excessiva em fontes duvidosas
325,Ysadora,B,55-64,Masculino,Transgênero,Prefiro não dizer,Espírita,Extrema Esquerda,Divorciado,Outro,<1,5530,Relações Públicas,5,Não,Alta,Moderada,Alta,E-mail,Confiança excessiva em fontes duvidosas
326,Talita,E,18-24,Masculino,Transgênero,Prefiro não dizer,Católica,Centro Direita,Casado,Sozinho,<1,6067,Cinema e Audiovisual,5,Não sei,Baixa,Baixa,Alta,Redes Sociais,Desinformação
327,Talita,D,45-54,Masculino,Prefiro não dizer,Prefiro não dizer,Católica,Não se interessa,Viúvo,Sozinho,4-6,6604,Jornalismo,8,"Sim, muito diferentes",Moderada,Moderada,Moderada,Redes Sociais,Confiança excessiva em fontes duvidosas
328,Ysadora,D,25-34,Feminino,Transgênero,Parda,Agnóstico,Centro Esquerda,Casado,Outro,1-3,5306,Outro,6,Não,Alta,Alta,Alta,Redes Sociais,Outro
329,Amanda,E,18-24,Outro,Prefiro não dizer,Preta,Ateu,Centro Esquerda,Prefiro não dizer,Sozinho,1-3,9330,Jornalismo,3,Não,Alta,Alta,Alta,Televisão e/ou Rádio,Compartilhando por familiares e amigos
330,Thiago,A,18-24,Outro,Não binário,Preta,Ateu,Extrema Esquerda,Divorciado,Com parceiro e/ou filhos,7-10,9687,Publicidade e Propaganda,6,Não sei,Alta,Moderada,Alta,Televisão e/ou Rádio,Confiança excessiva em fontes duvidosas
331,Jonathan,D,18-24,Feminino,Transgênero,Amarela,Evangélica,Centro,Solteiro,Com amigos,>10,9189,Outro,5,"Sim, porém pouco",Moderada,Moderada,Baixa,Portais de notícias,Compartilhando por familiares e amigos
332,Vanessa,E,18-24,Feminino,Cisgênero,Prefiro não dizer,Agnóstico,Direita,Separado,Sozinho,4-6,8927,Publicidade e Propaganda,1,Não são diferentes,Alta,Alta,Baixa,Outro,Desinformação
333,Thiago,E,55-64,Masculino,Não binário,Parda,Ateu,Direita,Solteiro,Com parceiro e/ou filhos,7-10,7003,Publicidade e Propaganda,5,Não sei,Moderada,Alta,Baixa,Aplicativos de mensagem,Compartilhamento por influenciadores
334,Ysadora,E,45-54,Outro,Transgênero,Prefiro não dizer,Católica,Centro Esquerda,Casado,Com amigos,7-10,7647,Outro,8,"Sim, muito diferentes",Baixa,Baixa,Baixa,Aplicativos de mensagem,Compartilhando por familiares e amigos
335,Maria,A,<18,Masculino,Outro,Preta,Espírita,Esquerda,Separado,Com pais ou responsáveis,>10,8532,Jornalismo,8,Não são diferentes,Moderada,Baixa,Baixa,E-mail,As pessoas acreditam em notícias que lhes convêm
336,Vanessa,C,18-24,Feminino,Outro,Indígena,Judaíca,Esquerda,Prefiro não dizer,Outro,>10,9903,Relações Públicas,1,Não são diferentes,Moderada,Baixa,Baixa,Redes Sociais,Compartilhamento por influenciadores
337,Vanessa,C,55-64,Masculino,Não binário,Branca,Judaíca,Centro,Prefiro não dizer,Outro,<1,5497,Cinema e Audiovisual,3,"Sim, porém pouco",Alta,Moderada,Baixa,Portais de notícias,Outro
338,Jonathan,D,25-34,Outro,Outro,Preta,Evangélica,Extrema Direita,Divorciado,Outro,1-3,9520,Outro,8,"Sim, muito diferentes",Baixa,Alta,Baixa,Redes Sociais,Compartilhando por familiares e amigos
339,Ana,D,25-34,Masculino,Prefiro não dizer,Preta,Católica,Centro Esquerda,Divorciado,Com parceiro e/ou filhos,>10,5377,Jornalismo,5,Não sei,Alta,Baixa,Alta,Outro,Desinformação
340,Marcos,E,45-54,Outro,Cisgênero,Prefiro não dizer,Espírita,Esquerda,Divorciado,Sozinho,7-10,8300,Publicidade e Propaganda,2,"Sim, porém pouco",Moderada,Alta,Alta,Outro,Ausência das agências de checagem
341,Maria,B,65+,Outro,Outro,Prefiro não dizer,Espírita,Direita,Prefiro não dizer,Com parceiro e/ou filhos,1-3,6107,Publicidade e Propaganda,8,Não são diferentes,Alta,Moderada,Moderada,E-mail,As pessoas acreditam em notícias que lhes convêm
342,Amanda,D,55-64,Masculino,Transgênero,Indígena,Outras,Centro,Prefiro não dizer,Outro,>10,8469,Outro,4,Não são diferentes,Baixa,Baixa,Baixa,Portais de notícias,Outro
343,Lucas,C,25-34,Masculino,Prefiro não dizer,Parda,Judaíca,Não se interessa,Divorciado,Com amigos,<1,7079,Relações Públicas,1,Não sei,Moderada,Alta,Moderada,Redes Sociais,Outro
344,Rayane,E,<18,Outro,Prefiro não dizer,Branca,Espírita,Direita,Casado,Com pais ou responsáveis,1-3,9941,Publicidade e Propaganda,7,Não são diferentes,Moderada,Alta,Alta,Televisão e/ou Rádio,Desinformação
345,Maria,D,35-44,Outro,Não binário,Branca,Católica,Centro Direita,Solteiro,Com pais ou responsáveis,4-6,9865,Publicidade e Propaganda,4,Não são diferentes,Baixa,Alta,Moderada,Outro,Compartilhamento por influenciadores
346,Talita,A,65+,Feminino,Transgênero,Prefiro não dizer,Outras,Centro Direita,Separado,Com pais ou responsáveis,1-3,5866,Relações Públicas,4,Não,Baixa,Baixa,Baixa,Redes Sociais,Compartilhamento por influenciadores
347,Amanda,E,35-44,Feminino,Transgênero,Preta,Outras,Não se interessa,Viúvo,Com amigos,>10,9644,Publicidade e Propaganda,6,"Sim, muito diferentes",Baixa,Baixa,Alta,Redes Sociais,Outro
348,Lucas,B,35-44,Feminino,Outro,Prefiro não dizer,Ateu,Não se interessa,Casado,Sozinho,<1,8979,Publicidade e Propaganda,6,Não são diferentes,Baixa,Moderada,Baixa,Redes Sociais,Compartilhando por familiares e amigos
349,Ysadora,D,<18,Outro,Não binário,Indígena,Ateu,Centro Direita,Solteiro,Com parceiro e/ou filhos,4-6,6589,Outro,7,"Sim, porém pouco",Moderada,Moderada,Moderada,Portais de notícias,Desinformação
350,Amanda,D,18-24,Masculino,Cisgênero,Indígena,Judaíca,Esquerda,Divorciado,Com pais ou responsáveis,>10,8931,Jornalismo,7,Não são diferentes,Baixa,Baixa,Alta,Aplicativos de mensagem,Quando a manchete chama muita atenção
351,Talita,B,<18,Feminino,Outro,Preta,Outras,Centro Esquerda,Solteiro,Com parceiro e/ou filhos,4-6,5769,Publicidade e Propaganda,6,"Sim, muito diferentes",Alta,Baixa,Moderada,Outro,Ausência das agências de checagem
352,Jonathan,E,55-64,Masculino,Prefiro não dizer,Amarela,Agnóstico,Extrema Esquerda,Viúvo,Sozinho,7-10,7325,Relações Públicas,5,Não,Alta,Baixa,Baixa,Outro,Compartilhando por familiares e amigos
353,Rayane,C,65+,Masculino,Transgênero,Indígena,Ateu,Esquerda,Separado,Com parceiro e/ou filhos,4-6,9097,Jornalismo,8,Não sei,Moderada,Moderada,Baixa,Portais de notícias,Outro
354,Marcos,C,55-64,Feminino,Não binário,Indígena,Ateu,Esquerda,Divorciado,Sozinho,<1,6743,Outro,6,Não sei,Alta,Moderada,Moderada,Outro,Desinformação
355,Marcos,B,25-34,Outro,Não binário,Prefiro não dizer,Ateu,Centro Direita,Divorciado,Com parceiro e/ou filhos,7-10,5141,Jornalismo,7,"Sim, muito diferentes",Alta,Baixa,Alta,Televisão e/ou Rádio,Desinformação
356,Maria,A,65+,Outro,Prefiro não dizer,Prefiro não dizer,Espírita,Extrema Direita,Casado,Com pais ou responsáveis,1-3,7062,Publicidade e Propaganda,2,"Sim, muito diferentes",Baixa,Moderada,Moderada,Redes Sociais,Quando a manchete chama muita atenção
357,Gabriel,A,65+,Outro,Prefiro não dizer,Indígena,Católica,Direita,Separado,Com amigos,1-3,6565,Outro,4,Não são diferentes,Moderada,Moderada,Moderada,Outro,Quando a manchete chama muita atenção
358,Francielly,C,45-54,Outro,Outro,Prefiro não dizer,Judaíca,Centro Esquerda,Separado,Com amigos,7-10,8698,Cinema e Audiovisual,2,Não são diferentes,Baixa,Moderada,Moderada,Redes Sociais,Compartilhando por familiares e amigos
359,Thiago,E,18-24,Outro,Transgênero,Amarela,Agnóstico,Não se interessa,Separado,Com amigos,7-10,5920,Relações Públicas,7,Não são diferentes,Alta,Alta,Moderada,Outro,Polarização
360,Ysadora,D,35-44,Outro,Outro,Preta,Outras,Centro,Viúvo,Sozinho,7-10,6144,Jornalismo,3,"Sim, muito diferentes",Moderada,Alta,Alta,Televisão e/ou Rádio,Quando a manchete chama muita atenção
361,Jonathan,A,55-64,Feminino,Prefiro não dizer,Preta,Evangélica,Extrema Direita,Casado,Com parceiro e/ou filhos,4-6,6810,Cinema e Audiovisual,4,Não sei,Moderada,Moderada,Moderada,Aplicativos de mensagem,Compartilhando por familiares e amigos
362,Marcos,C,18-24,Feminino,Cisgênero,Preta,Judaíca,Centro Esquerda,Divorciado,Outro,4-6,9560,Outro,3,Não são diferentes,Moderada,Moderada,Baixa,Redes Sociais,Confiança excessiva em fontes duvidosas
363,Jonathan,A,65+,Masculino,Transgênero,Preta,Outras,Extrema Direita,Divorciado,Outro,7-10,6644,Cinema e Audiovisual,7,Não,Alta,Alta,Moderada,Outro,Compartilhamento por influenciadores
364,Jonathan,C,18-24,Outro,Prefiro não dizer,Parda,Católica,Esquerda,Viúvo,Com amigos,4-6,6435,Outro,8,Não são diferentes,Baixa,Baixa,Alta,Televisão e/ou Rádio,Outro
365,Ana,A,25-34,Outro,Cisgênero,Preta,Agnóstico,Extrema Esquerda,Separado,Com pais ou responsáveis,7-10,5225,Jornalismo,5,Não são diferentes,Alta,Moderada,Baixa,Redes Sociais,Desinformação
366,Francielly,B,<18,Feminino,Transgênero,Preta,Judaíca,Centro Esquerda,Separado,Com amigos,4-6,8974,Outro,5,"Sim, porém pouco",Baixa,Alta,Moderada,Portais de notícias,Quando a manchete chama muita atenção
367,Gabriel,D,65+,Feminino,Prefiro não dizer,Branca,Judaíca,Centro Direita,Casado,Outro,4-6,8607,Relações Públicas,7,"Sim, porém pouco",Baixa,Baixa,Alta,E-mail,As pessoas acreditam em notícias que lhes convêm
368,Gabriel,A,35-44,Outro,Outro,Prefiro não dizer,Espírita,Centro,Separado,Com pais ou responsáveis,7-10,9298,Relações Públicas,8,Não são diferentes,Moderada,Alta,Baixa,Portais de notícias,Compartilhando por familiares e amigos
369,Lucas,D,18-24,Masculino,Outro,Amarela,Agnóstico,Não se interessa,Separado,Outro,<1,5899,Relações Públicas,8,"Sim, porém pouco",Moderada,Baixa,Alta,Portais de notícias,Confiança excessiva em fontes duvidosas
370,Marcos,B,45-54,Masculino,Não binário,Branca,Judaíca,Direita,Prefiro não dizer,Com amigos,>10,9289,Relações Públicas,5,Não são diferentes,Alta,Alta,Moderada,E-mail,Compartilhando por familiares e amigos
371,Talita,C,45-54,Feminino,Transgênero,Indígena,Evangélica,Centro,Separado,Com parceiro e/ou filhos,4-6,9763,Jornalismo,5,Não são diferentes,Baixa,Baixa,Baixa,Portais de notícias,As pessoas acreditam em notícias que lhes convêm
372,Vanessa,D,<18,Masculino,Outro,Indígena,Católica,Centro Direita,Casado,Com parceiro e/ou filhos,>10,7704,Outro,2,Não sei,Alta,Alta,Moderada,Televisão e/ou Rádio,Ausência das agências de checagem
373,Ysadora,A,65+,Masculino,Não binário,Prefiro não dizer,Espírita,Esquerda,Solteiro,Com parceiro e/ou filhos,1-3,5323,Publicidade e Propaganda,8,"Sim, muito diferentes",Alta,Moderada,Baixa,Televisão e/ou Rádio,Compartilhando por familiares e amigos
374,Thiago,C,65+,Masculino,Cisgênero,Amarela,Católica,Direita,Casado,Outro,1-3,7189,Outro,6,"Sim, muito diferentes",Baixa,Baixa,Moderada,Aplicativos de mensagem,As pessoas acreditam em notícias que lhes convêm
375,Thiago,B,45-54,Feminino,Não binário,Parda,Agnóstico,Centro Esquerda,Separado,Com parceiro e/ou filhos,<1,9169,Cinema e Audiovisual,5,Não são diferentes,Baixa,Alta,Baixa,E-mail,As pessoas acreditam em notícias que lhes convêm
376,Amanda,E,45-54,Masculino,Transgênero,Indígena,Evangélica,Esquerda,Viúvo,Com parceiro e/ou filhos,7-10,8135,Publicidade e Propaganda,8,Não sei,Moderada,Moderada,Baixa,Portais de notícias,Compartilhamento por influenciadores
377,Lucas,B,55-64,Outro,Transgênero,Prefiro não dizer,Espírita,Esquerda,Casado,Com amigos,7-10,9666,Jornalismo,2,Não são diferentes,Alta,Moderada,Moderada,Redes Sociais,Confiança excessiva em fontes duvidosas
378,Talita,C,55-64,Masculino,Transgênero,Preta,Judaíca,Centro Direita,Casado,Com pais ou responsáveis,4-6,6635,Relações Públicas,4,Não são diferentes,Alta,Alta,Baixa,Portais de notícias,Confiança excessiva em fontes duvidosas
379,Jonathan,A,<18,Masculino,Transgênero,Preta,Agnóstico,Centro Direita,Prefiro não dizer,Sozinho,<1,8014,Publicidade e Propaganda,2,"Sim, muito diferentes",Alta,Moderada,Alta,Redes Sociais,Confiança excessiva em fontes duvidosas
380,Maria,D,35-44,Feminino,Prefiro não dizer,Preta,Agnóstico,Não se interessa,Separado,Sozinho,7-10,7627,Outro,5,"Sim, porém pouco",Alta,Baixa,Alta,Portais de notícias,As pessoas acreditam em notícias que lhes convêm
381,Jonathan,D,35-44,Feminino,Transgênero,Amarela,Ateu,Não se interessa,Separado,Sozinho,1-3,8463,Cinema e Audiovisual,2,"Sim, muito diferentes",Alta,Moderada,Baixa,Aplicativos de mensagem,Polarização
382,Ysadora,D,<18,Feminino,Outro,Indígena,Espírita,Direita,Viúvo,Com parceiro e/ou filhos,>10,5074,Publicidade e Propaganda,1,Não sei,Baixa,Alta,Baixa,Redes Sociais,Quando a manchete chama muita atenção
383,Thiago,C,45-54,Feminino,Outro,Amarela,Agnóstico,Centro Esquerda,Casado,Com amigos,1-3,5094,Jornalismo,6,Não,Alta,Alta,Moderada,Aplicativos de mensagem,Desinformação
384,Francielly,E,65+,Feminino,Outro,Amarela,Agnóstico,Centro Direita,Separado,Com amigos,>10,9597,Outro,6,"Sim, porém pouco",Baixa,Baixa,Baixa,E-mail,Confiança excessiva em fontes duvidosas
385,Rayane,B,25-34,Masculino,Outro,Amarela,Católica,Centro,Casado,Outro,>10,5783,Outro,6,Não,Baixa,Alta,Baixa,Redes Sociais,Outro
386,Talita,D,35-44,Masculino,Outro,Branca,Evangélica,Não se interessa,Solteiro,Com parceiro e/ou filhos,7-10,7784,Jornalismo,4,Não sei,Alta,Moderada,Moderada,Redes Sociais,Ausência das agências de checagem
387,Thiago,A,18-24,Masculino,Prefiro não dizer,Prefiro não dizer,Outras,Extrema Direita,Solteiro,Com parceiro e/ou filhos,7-10,7792,Jornalismo,2,Não são diferentes,Moderada,Baixa,Moderada,E-mail,Desinformação
388,Jonathan,E,45-54,Masculino,Não binário,Preta,Evangélica,Extrema Esquerda,Casado,Com pais ou responsáveis,7-10,7380,Publicidade e Propaganda,6,Não sei,Baixa,Baixa,Alta,Portais de notícias,Polarização
389,Ysadora,A,25-34,Outro,Prefiro não dizer,Preta,Judaíca,Extrema Esquerda,Solteiro,Com pais ou responsáveis,7-10,9982,Jornalismo,1,Não,Alta,Baixa,Moderada,Portais de notícias,Compartilhamento por influenciadores
390,Ana,A,65+,Feminino,Não binário,Amarela,Outras,Não se interessa,Casado,Com parceiro e/ou filhos,7-10,8451,Jornalismo,7,"Sim, muito diferentes",Moderada,Baixa,Moderada,Televisão e/ou Rádio,As pessoas acreditam em notícias que lhes convêm
391,Talita,B,65+,Masculino,Outro,Amarela,Outras,Não se interessa,Prefiro não dizer,Com parceiro e/ou filhos,<1,6056,Relações Públicas,4,Não sei,Alta,Moderada,Moderada,Televisão e/ou Rádio,Polarização
392,Talita,B,65+,Outro,Outro,Branca,Católica,Centro,Divorciado,Outro,>10,6050,Cinema e Audiovisual,2,Não sei,Baixa,Alta,Baixa,Aplicativos de mensagem,As pessoas acreditam em notícias que lhes convêm
393,Vanessa,A,45-54,Masculino,Cisgênero,Branca,Agnóstico,Não se interessa,Prefiro não dizer,Com amigos,>10,7730,Publicidade e Propaganda,8,"Sim, muito diferentes",Moderada,Alta,Alta,Outro,Compartilhando por familiares e amigos
394,Ysadora,B,35-44,Outro,Transgênero,Parda,Católica,Extrema Direita,Solteiro,Sozinho,7-10,7211,Relações Públicas,3,Não,Baixa,Alta,Moderada,Portais de notícias,Desinformação
395,Rayane,C,35-44,Masculino,Outro,Indígena,Outras,Centro Direita,Divorciado,Com amigos,1-3,8038,Outro,8,Não,Moderada,Baixa,Baixa,Redes Sociais,A forma como a notícia é apresentada
396,Gabriel,A,45-54,Masculino,Não binário,Prefiro não dizer,Judaíca,Centro,Solteiro,Sozinho,1-3,9619,Relações Públicas,5,Não são diferentes,Alta,Moderada,Alta,Redes Sociais,Ausência das agências de checagem
397,Talita,C,<18,Masculino,Cisgênero,Prefiro não dizer,Ateu,Esquerda,Divorciado,Outro,<1,8594,Cinema e Audiovisual,6,Não sei,Moderada,Moderada,Alta,Redes Sociais,Desinformação
398,Marcos,E,45-54,Feminino,Outro,Preta,Outras,Centro Direita,Prefiro não dizer,Com parceiro e/ou filhos,4-6,6670,Outro,7,"Sim, muito diferentes",Baixa,Baixa,Moderada,Redes Sociais,Polarização
399,Vanessa,E,65+,Outro,Não binário,Preta,Outras,Centro Esquerda,Casado,Com amigos,1-3,8555,Jornalismo,1,Não,Moderada,Baixa,Baixa,Portais de notícias,Compartilhamento por influenciadores
400,Talita,A,25-34,Outro,Prefiro não dizer,Amarela,Judaíca,Centro Direita,Prefiro não dizer,Com amigos,7-10,6632,Cinema e Audiovisual,2,"Sim, porém pouco",Moderada,Alta,Alta,Portais de notícias,Ausência das agências de checagem
401,Talita,B,<18,Feminino,Cisgênero,Parda,Católica,Esquerda,Solteiro,Com amigos,7-10,9831,Outro,8,"Sim, porém pouco",Baixa,Moderada,Alta,Redes Sociais,Quando a manchete chama muita atenção
402,Gabriel,E,18-24,Feminino,Transgênero,Parda,Católica,Centro Esquerda,Solteiro,Outro,>10,5271,Relações Públicas,8,Não são diferentes,Baixa,Baixa,Baixa,Redes Sociais,Ausência das agências de checagem
403,Francielly,D,65+,Outro,Não binário,Amarela,Judaíca,Extrema Direita,Prefiro não dizer,Com amigos,7-10,9420,Publicidade e Propaganda,7,Não sei,Alta,Moderada,Alta,Televisão e/ou Rádio,Ausência das agências de checagem
404,Vanessa,D,65+,Outro,Cisgênero,Prefiro não dizer,Espírita,Extrema Esquerda,Separado,Com parceiro e/ou filhos,<1,6549,Publicidade e Propaganda,7,Não sei,Baixa,Moderada,Baixa,Outro,Compartilhando por familiares e amigos
405,Jonathan,E,25-34,Outro,Cisgênero,Indígena,Católica,Não se interessa,Viúvo,Com pais ou responsáveis,7-10,6743,Relações Públicas,1,"Sim, porém pouco",Baixa,Alta,Baixa,Aplicativos de mensagem,A forma como a notícia é apresentada
406,Talita,C,18-24,Feminino,Não binário,Prefiro não dizer,Judaíca,Extrema Esquerda,Prefiro não dizer,Sozinho,7-10,6014,Publicidade e Propaganda,7,"Sim, porém pouco",Alta,Moderada,Moderada,E-mail,Compartilhando por familiares e amigos
407,Lucas,C,25-34,Masculino,Outro,Parda,Outras,Centro Esquerda,Separado,Com amigos,<1,7877,Cinema e Audiovisual,8,"Sim, porém pouco",Alta,Moderada,Alta,Redes Sociais,Polarização
408,Ana,E,<18,Masculino,Outro,Preta,Outras,Extrema Direita,Divorciado,Sozinho,1-3,6492,Cinema e Audiovisual,7,"Sim, muito diferentes",Alta,Moderada,Moderada,Televisão e/ou Rádio,As pessoas acreditam em notícias que lhes convêm
409,Vanessa,B,18-24,Masculino,Prefiro não dizer,Branca,Agnóstico,Extrema Esquerda,Solteiro,Com amigos,>10,9028,Publicidade e Propaganda,1,Não sei,Baixa,Alta,Baixa,Outro,Quando a manchete chama muita atenção
410,Thiago,E,65+,Masculino,Transgênero,Preta,Agnóstico,Extrema Direita,Solteiro,Com parceiro e/ou filhos,<1,6871,Jornalismo,2,Não são diferentes,Moderada,Moderada,Baixa,Outro,A forma como a notícia é apresentada
411,Thiago,B,18-24,Outro,Outro,Preta,Evangélica,Centro,Solteiro,Com amigos,>10,9288,Outro,3,Não são diferentes,Alta,Moderada,Alta,Televisão e/ou Rádio,Compartilhamento por influenciadores
412,Amanda,A,65+,Feminino,Cisgênero,Preta,Agnóstico,Não se interessa,Viúvo,Com pais ou responsáveis,7-10,8190,Cinema e Audiovisual,4,"Sim, muito diferentes",Alta,Moderada,Moderada,Aplicativos de mensagem,Quando a manchete chama muita atenção
413,Thiago,C,65+,Feminino,Outro,Branca,Espírita,Centro Direita,Casado,Outro,7-10,7883,Jornalismo,1,Não,Baixa,Alta,Moderada,E-mail,A forma como a notícia é apresentada
414,Jonathan,B,25-34,Outro,Cisgênero,Indígena,Católica,Direita,Separado,Com pais ou responsáveis,7-10,7395,Jornalismo,4,"Sim, porém pouco",Baixa,Moderada,Baixa,Redes Sociais,Ausência das agências de checagem
415,Amanda,B,18-24,Feminino,Prefiro não dizer,Amarela,Agnóstico,Centro Esquerda,Viúvo,Com amigos,<1,5309,Publicidade e Propaganda,7,"Sim, muito diferentes",Baixa,Moderada,Alta,Aplicativos de mensagem,Desinformação
416,Jonathan,E,18-24,Feminino,Cisgênero,Branca,Evangélica,Centro Direita,Solteiro,Outro,>10,7637,Publicidade e Propaganda,3,"Sim, muito diferentes",Alta,Moderada,Alta,Redes Sociais,A forma como a notícia é apresentada
417,Ana,E,<18,Masculino,Cisgênero,Amarela,Outras,Centro Esquerda,Viúvo,Sozinho,1-3,9921,Cinema e Audiovisual,7,"Sim, muito diferentes",Alta,Moderada,Moderada,E-mail,Compartilhando por familiares e amigos
418,Ana,A,55-64,Masculino,Cisgênero,Indígena,Judaíca,Centro,Separado,Com parceiro e/ou filhos,>10,6224,Outro,1,Não são diferentes,Baixa,Moderada,Moderada,Redes Sociais,Ausência das agências de checagem
419,Gabriel,E,65+,Feminino,Cisgênero,Parda,Judaíca,Direita,Prefiro não dizer,Com parceiro e/ou filhos,4-6,7731,Jornalismo,4,"Sim, muito diferentes",Alta,Baixa,Alta,E-mail,Compartilhando por familiares e amigos
420,Talita,E,<18,Masculino,Não binário,Preta,Católica,Extrema Esquerda,Separado,Com parceiro e/ou filhos,1-3,9396,Cinema e Audiovisual,3,Não são diferentes,Baixa,Moderada,Moderada,Redes Sociais,Compartilhando por familiares e amigos
421,Gabriel,B,25-34,Masculino,Outro,Branca,Agnóstico,Esquerda,Divorciado,Sozinho,4-6,5067,Publicidade e Propaganda,4,"Sim, muito diferentes",Moderada,Moderada,Baixa,Outro,Outro
422,Thiago,C,45-54,Outro,Cisgênero,Indígena,Judaíca,Centro Esquerda,Solteiro,Com parceiro e/ou filhos,<1,7696,Publicidade e Propaganda,2,"Sim, muito diferentes",Alta,Moderada,Moderada,Redes Sociais,Outro
423,Talita,A,35-44,Feminino,Cisgênero,Prefiro não dizer,Agnóstico,Esquerda,Prefiro não dizer,Com pais ou responsáveis,>10,6886,Publicidade e Propaganda,1,Não são diferentes,Moderada,Alta,Moderada,E-mail,Compartilhando por familiares e amigos
424,Vanessa,A,35-44,Masculino,Não binário,Prefiro não dizer,Espírita,Centro,Solteiro,Outro,1-3,5211,Cinema e Audiovisual,8,Não sei,Moderada,Baixa,Alta,Portais de notícias,Quando a manchete chama muita atenção
425,Vanessa,D,25-34,Outro,Transgênero,Branca,Judaíca,Centro Direita,Casado,Com pais ou responsáveis,7-10,6922,Cinema e Audiovisual,1,Não,Alta,Alta,Moderada,Aplicativos de mensagem,Confiança excessiva em fontes duvidosas
426,Vanessa,B,45-54,Masculino,Cisgênero,Amarela,Judaíca,Direita,Separado,Com pais ou responsáveis,4-6,7970,Cinema e Audiovisual,8,"Sim, porém pouco",Alta,Baixa,Alta,Aplicativos de mensagem,Quando a manchete chama muita atenção
427,Talita,E,18-24,Masculino,Cisgênero,Branca,Ateu,Extrema Direita,Viúvo,Com amigos,7-10,5477,Relações Públicas,1,Não são diferentes,Baixa,Alta,Alta,Televisão e/ou Rádio,Compartilhamento por influenciadores
428,Francielly,E,55-64,Feminino,Transgênero,Branca,Agnóstico,Centro Esquerda,Solteiro,Com parceiro e/ou filhos,1-3,7967,Outro,4,Não sei,Alta,Alta,Baixa,Redes Sociais,Compartilhamento por influenciadores
429,Marcos,B,65+,Outro,Não binário,Amarela,Agnóstico,Centro,Prefiro não dizer,Com parceiro e/ou filhos,1-3,6007,Cinema e Audiovisual,4,Não sei,Baixa,Alta,Alta,Aplicativos de mensagem,Compartilhando por familiares e amigos
430,Vanessa,E,45-54,Feminino,Outro,Amarela,Católica,Direita,Divorciado,Com pais ou responsáveis,7-10,9530,Publicidade e Propaganda,8,Não são diferentes,Moderada,Alta,Moderada,Outro,Ausência das agências de checagem
431,Thiago,B,25-34,Feminino,Outro,Branca,Católica,Direita,Solteiro,Sozinho,7-10,7753,Jornalismo,4,"Sim, porém pouco",Alta,Alta,Baixa,Redes Sociais,Desinformação
432,Ana,D,55-64,Masculino,Outro,Branca,Judaíca,Centro Esquerda,Viúvo,Com parceiro e/ou filhos,4-6,5988,Cinema e Audiovisual,6,Não,Moderada,Alta,Baixa,Portais de notícias,Ausência das agências de checagem
433,Talita,E,35-44,Feminino,Outro,Amarela,Judaíca,Centro Direita,Viúvo,Sozinho,>10,5475,Publicidade e Propaganda,8,"Sim, porém pouco",Baixa,Baixa,Baixa,Outro,Ausência das agências de checagem
434,Vanessa,E,25-34,Feminino,Prefiro não dizer,Preta,Judaíca,Centro,Casado,Com parceiro e/ou filhos,4-6,9364,Jornalismo,5,Não são diferentes,Baixa,Moderada,Baixa,E-mail,As pessoas acreditam em notícias que lhes convêm
435,Vanessa,A,45-54,Feminino,Prefiro não dizer,Indígena,Católica,Extrema Esquerda,Solteiro,Outro,>10,5608,Cinema e Audiovisual,3,"Sim, muito diferentes",Alta,Alta,Moderada,Televisão e/ou Rádio,Ausência das agências de checagem
436,Thiago,E,<18,Feminino,Transgênero,Prefiro não dizer,Evangélica,Extrema Direita,Prefiro não dizer,Sozinho,4-6,8672,Jornalismo,7,Não são diferentes,Baixa,Baixa,Moderada,Redes Sociais,Outro
437,Jonathan,B,35-44,Outro,Prefiro não dizer,Branca,Católica,Não se interessa,Casado,Outro,4-6,8016,Cinema e Audiovisual,4,"Sim, muito diferentes",Baixa,Moderada,Moderada,Aplicativos de mensagem,Confiança excessiva em fontes duvidosas
438,Amanda,D,35-44,Outro,Cisgênero,Prefiro não dizer,Agnóstico,Esquerda,Divorciado,Outro,7-10,9607,Publicidade e Propaganda,3,"Sim, porém pouco",Alta,Baixa,Moderada,Redes Sociais,Confiança excessiva em fontes duvidosas
439,Marcos,E,25-34,Masculino,Outro,Amarela,Ateu,Centro Direita,Separado,Com pais ou responsáveis,>10,7433,Jornalismo,3,"Sim, muito diferentes",Alta,Moderada,Alta,E-mail,Compartilhando por familiares e amigos
440,Talita,D,35-44,Masculino,Transgênero,Parda,Ateu,Não se interessa,Separado,Com amigos,>10,5577,Relações Públicas,2,Não sei,Baixa,Moderada,Alta,Redes Sociais,As pessoas acreditam em notícias que lhes convêm
441,Maria,E,25-34,Masculino,Prefiro não dizer,Preta,Ateu,Esquerda,Prefiro não dizer,Com pais ou responsáveis,>10,8287,Cinema e Audiovisual,8,Não são diferentes,Alta,Moderada,Alta,Televisão e/ou Rádio,As pessoas acreditam em notícias que lhes convêm
442,Rayane,D,<18,Outro,Não binário,Indígena,Outras,Centro,Separado,Sozinho,>10,5668,Jornalismo,8,Não,Moderada,Moderada,Moderada,Portais de notícias,A forma como a notícia é apresentada
443,Vanessa,A,45-54,Feminino,Não binário,Prefiro não dizer,Espírita,Esquerda,Viúvo,Outro,7-10,8825,Cinema e Audiovisual,4,Não sei,Baixa,Alta,Moderada,Aplicativos de mensagem,As pessoas acreditam em notícias que lhes convêm
444,Jonathan,C,55-64,Outro,Transgênero,Amarela,Ateu,Não se interessa,Casado,Sozinho,4-6,7084,Outro,3,Não,Baixa,Alta,Alta,Portais de notícias,Compartilhamento por influenciadores
445,Talita,B,25-34,Masculino,Cisgênero,Amarela,Judaíca,Extrema Esquerda,Viúvo,Com amigos,<1,6551,Jornalismo,2,"Sim, porém pouco",Baixa,Alta,Baixa,Aplicativos de mensagem,Quando a manchete chama muita atenção
446,Vanessa,B,65+,Feminino,Não binário,Parda,Católica,Esquerda,Viúvo,Com parceiro e/ou filhos,7-10,7958,Cinema e Audiovisual,3,Não sei,Baixa,Alta,Alta,Portais de notícias,Confiança excessiva em fontes duvidosas
447,Ysadora,C,<18,Feminino,Prefiro não dizer,Amarela,Ateu,Extrema Esquerda,Viúvo,Com pais ou responsáveis,<1,5835,Outro,6,"Sim, muito diferentes",Baixa,Baixa,Moderada,Televisão e/ou Rádio,Polarização
448,Ana,D,25-34,Masculino,Cisgênero,Amarela,Outras,Extrema Esquerda,Divorciado,Com pais ou responsáveis,4-6,9784,Publicidade e Propaganda,1,"Sim, porém pouco",Moderada,Baixa,Moderada,Outro,Compartilhamento por influenciadores
449,Lucas,B,55-64,Outro,Outro,Amarela,Católica,Centro,Prefiro não dizer,Com pais ou responsáveis,<1,8150,Relações Públicas,6,"Sim, muito diferentes",Alta,Baixa,Moderada,Televisão e/ou Rádio,Compartilhando por familiares e amigos
450,Ana,C,18-24,Outro,Não binário,Prefiro não dizer,Outras,Direita,Casado,Com pais ou responsáveis,<1,7572,Publicidade e Propaganda,1,Não sei,Baixa,Moderada,Baixa,Outro,Confiança excessiva em fontes duvidosas
451,Rayane,B,35-44,Feminino,Cisgênero,Branca,Evangélica,Extrema Esquerda,Solteiro,Com parceiro e/ou filhos,4-6,8430,Cinema e Audiovisual,1,Não são diferentes,Moderada,Baixa,Alta,Outro,Compartilhando por familiares e amigos
452,Francielly,C,65+,Masculino,Não binário,Amarela,Espírita,Direita,Casado,Com parceiro e/ou filhos,<1,6429,Cinema e Audiovisual,5,Não,Baixa,Moderada,Alta,E-mail,Ausência das agências de checagem
453,Maria,B,65+,Outro,Outro,Amarela,Judaíca,Centro,Separado,Sozinho,1-3,8405,Cinema e Audiovisual,1,Não sei,Alta,Baixa,Moderada,Aplicativos de mensagem,A forma como a notícia é apresentada
454,Thiago,B,45-54,Masculino,Cisgênero,Prefiro não dizer,Outras,Direita,Casado,Outro,7-10,5149,Publicidade e Propaganda,6,"Sim, muito diferentes",Alta,Alta,Alta,Redes Sociais,Confiança excessiva em fontes duvidosas
455,Maria,A,25-34,Masculino,Transgênero,Branca,Evangélica,Extrema Direita,Viúvo,Outro,1-3,6525,Cinema e Audiovisual,8,"Sim, porém pouco",Moderada,Moderada,Moderada,E-mail,As pessoas acreditam em notícias que lhes convêm
456,Talita,B,45-54,Masculino,Não binário,Parda,Evangélica,Não se interessa,Viúvo,Com parceiro e/ou filhos,>10,7147,Outro,2,"Sim, muito diferentes",Baixa,Baixa,Baixa,Redes Sociais,Quando a manchete chama muita atenção
457,Lucas,B,25-34,Masculino,Cisgênero,Prefiro não dizer,Católica,Centro Esquerda,Casado,Com amigos,7-10,7601,Outro,8,Não,Moderada,Baixa,Baixa,Outro,Confiança excessiva em fontes duvidosas
458,Talita,D,<18,Feminino,Outro,Branca,Espírita,Extrema Esquerda,Casado,Com amigos,4-6,6452,Relações Públicas,5,Não,Alta,Baixa,Moderada,Portais de notícias,As pessoas acreditam em notícias que lhes convêm
459,Ana,B,65+,Outro,Transgênero,Prefiro não dizer,Judaíca,Centro,Solteiro,Outro,7-10,6773,Outro,7,"Sim, muito diferentes",Moderada,Alta,Alta,Redes Sociais,As pessoas acreditam em notícias que lhes convêm
460,Talita,C,55-64,Outro,Não binário,Amarela,Outras,Extrema Direita,Solteiro,Com pais ou responsáveis,4-6,6204,Jornalismo,8,Não,Alta,Alta,Alta,Televisão e/ou Rádio,Desinformação
461,Amanda,D,55-64,Outro,Outro,Indígena,Católica,Centro,Divorciado,Com amigos,4-6,5302,Cinema e Audiovisual,7,Não,Baixa,Baixa,Moderada,Redes Sociais,Ausência das agências de checagem
462,Maria,B,25-34,Outro,Outro,Preta,Ateu,Extrema Esquerda,Casado,Com pais ou responsáveis,1-3,6368,Jornalismo,1,"Sim, muito diferentes",Moderada,Baixa,Alta,Televisão e/ou Rádio,Confiança excessiva em fontes duvidosas
463,Maria,C,45-54,Masculino,Outro,Branca,Evangélica,Esquerda,Separado,Outro,1-3,7957,Relações Públicas,7,"Sim, porém pouco",Baixa,Baixa,Alta,Outro,Desinformação
464,Jonathan,A,18-24,Feminino,Não binário,Parda,Ateu,Centro Esquerda,Casado,Com amigos,>10,9325,Cinema e Audiovisual,1,"Sim, muito diferentes",Baixa,Alta,Moderada,Televisão e/ou Rádio,Desinformação
465,Amanda,B,65+,Masculino,Prefiro não dizer,Prefiro não dizer,Outras,Centro Direita,Prefiro não dizer,Sozinho,<1,8671,Jornalismo,5,Não,Alta,Alta,Baixa,Aplicativos de mensagem,Outro
466,Amanda,E,65+,Outro,Prefiro não dizer,Prefiro não dizer,Espírita,Direita,Solteiro,Outro,<1,7216,Cinema e Audiovisual,6,"Sim, porém pouco",Alta,Baixa,Moderada,Outro,A forma como a notícia é apresentada
467,Marcos,B,35-44,Feminino,Não binário,Amarela,Agnóstico,Extrema Direita,Solteiro,Com amigos,7-10,8424,Jornalismo,4,Não são diferentes,Baixa,Alta,Moderada,Outro,Quando a manchete chama muita atenção
468,Marcos,A,25-34,Outro,Não binário,Indígena,Ateu,Centro,Viúvo,Com parceiro e/ou filhos,1-3,7485,Publicidade e Propaganda,4,"Sim, porém pouco",Alta,Alta,Baixa,Portais de notícias,Outro
469,Maria,B,55-64,Outro,Prefiro não dizer,Prefiro não dizer,Agnóstico,Centro Esquerda,Separado,Com parceiro e/ou filhos,4-6,5978,Cinema e Audiovisual,3,"Sim, porém pouco",Baixa,Baixa,Baixa,Aplicativos de mensagem,Confiança excessiva em fontes duvidosas
470,Marcos,A,35-44,Masculino,Transgênero,Prefiro não dizer,Evangélica,Centro Direita,Separado,Com parceiro e/ou filhos,7-10,5002,Outro,4,"Sim, muito diferentes",Baixa,Alta,Baixa,Aplicativos de mensagem,Outro
471,Ysadora,C,25-34,Masculino,Outro,Branca,Judaíca,Não se interessa,Casado,Com amigos,7-10,6464,Cinema e Audiovisual,8,Não são diferentes,Baixa,Moderada,Moderada,Redes Sociais,Compartilhando por familiares e amigos
472,Marcos,A,<18,Masculino,Não binário,Indígena,Evangélica,Centro Direita,Solteiro,Com parceiro e/ou filhos,7-10,6709,Relações Públicas,2,Não são diferentes,Baixa,Alta,Baixa,Aplicativos de mensagem,Ausência das agências de checagem
473,Marcos,D,55-64,Outro,Cisgênero,Branca,Espírita,Direita,Viúvo,Com pais ou responsáveis,4-6,5631,Cinema e Audiovisual,7,"Sim, muito diferentes",Baixa,Moderada,Alta,Televisão e/ou Rádio,Compartilhando por familiares e amigos
474,Talita,E,<18,Masculino,Outro,Branca,Agnóstico,Extrema Direita,Prefiro não dizer,Com parceiro e/ou filhos,<1,9244,Relações Públicas,8,"Sim, muito diferentes",Alta,Baixa,Alta,Portais de notícias,Polarização
475,Maria,E,25-34,Outro,Não binário,Preta,Católica,Extrema Esquerda,Separado,Com pais ou responsáveis,<1,6967,Relações Públicas,1,"Sim, porém pouco",Moderada,Moderada,Baixa,Portais de notícias,Quando a manchete chama muita atenção
476,Gabriel,B,25-34,Outro,Transgênero,Branca,Evangélica,Centro Direita,Solteiro,Outro,4-6,5163,Jornalismo,8,"Sim, porém pouco",Alta,Baixa,Alta,E-mail,As pessoas acreditam em notícias que lhes convêm
477,Talita,D,65+,Masculino,Prefiro não dizer,Parda,Ateu,Centro,Separado,Com pais ou responsáveis,1-3,9812,Cinema e Audiovisual,4,Não sei,Moderada,Baixa,Alta,Portais de notícias,Desinformação
478,Jonathan,A,25-34,Masculino,Outro,Parda,Ateu,Extrema Esquerda,Divorciado,Com pais ou responsáveis,<1,9394,Outro,4,Não sei,Alta,Alta,Moderada,Televisão e/ou Rádio,Polarização
479,Amanda,A,25-34,Outro,Prefiro não dizer,Prefiro não dizer,Agnóstico,Centro Direita,Solteiro,Com amigos,<1,8554,Publicidade e Propaganda,2,"Sim, muito diferentes",Moderada,Alta,Moderada,Outro,Confiança excessiva em fontes duvidosas
480,Ysadora,E,18-24,Masculino,Outro,Prefiro não dizer,Judaíca,Extrema Esquerda,Solteiro,Outro,<1,7083,Jornalismo,3,"Sim, muito diferentes",Baixa,Moderada,Alta,Aplicativos de mensagem,Ausência das agências de checagem
481,Francielly,A,55-64,Feminino,Não binário,Amarela,Judaíca,Direita,Casado,Com amigos,<1,8804,Relações Públicas,1,Não,Baixa,Moderada,Moderada,Portais de notícias,Desinformação
482,Ysadora,D,18-24,Masculino,Não binário,Branca,Outras,Centro Esquerda,Solteiro,Com pais ou responsáveis,<1,8927,Jornalismo,4,"Sim, muito diferentes",Moderada,Alta,Alta,Outro,Quando a manchete chama muita atenção
483,Thiago,E,55-64,Feminino,Não binário,Branca,Judaíca,Extrema Esquerda,Viúvo,Sozinho,>10,9775,Relações Públicas,5,"Sim, porém pouco",Moderada,Baixa,Alta,Redes Sociais,Compartilhamento por influenciadores
484,Ysadora,E,55-64,Feminino,Não binário,Branca,Católica,Centro Direita,Casado,Com amigos,<1,5639,Cinema e Audiovisual,1,"Sim, porém pouco",Moderada,Alta,Moderada,E-mail,Ausência das agências de checagem
485,Gabriel,A,45-54,Outro,Outro,Branca,Espírita,Centro,Casado,Com amigos,4-6,5801,Outro,4,"Sim, porém pouco",Alta,Moderada,Moderada,Aplicativos de mensagem,Quando a manchete chama muita atenção
486,Lucas,C,65+,Feminino,Outro,Preta,Católica,Centro Esquerda,Viúvo,Com pais ou responsáveis,4-6,7100,Jornalismo,7,"Sim, muito diferentes",Baixa,Moderada,Baixa,Portais de notícias,Desinformação
487,Gabriel,E,45-54,Masculino,Cisgênero,Prefiro não dizer,Outras,Direita,Separado,Com parceiro e/ou filhos,>10,6855,Jornalismo,3,"Sim, porém pouco",Moderada,Baixa,Baixa,Portais de notícias,Ausência das agências de checagem
488,Talita,E,45-54,Feminino,Outro,Branca,Ateu,Extrema Direita,Separado,Outro,4-6,9034,Publicidade e Propaganda,6,"Sim, muito diferentes",Baixa,Moderada,Alta,Portais de notícias,As pessoas acreditam em notícias que lhes convêm
489,Francielly,C,45-54,Masculino,Outro,Indígena,Agnóstico,Extrema Esquerda,Casado,Com pais ou responsáveis,4-6,9611,Publicidade e Propaganda,6,Não sei,Moderada,Baixa,Baixa,Aplicativos de mensagem,Desinformação
490,Vanessa,C,55-64,Outro,Transgênero,Prefiro não dizer,Católica,Direita,Casado,Com parceiro e/ou filhos,>10,5732,Cinema e Audiovisual,4,"Sim, muito diferentes",Moderada,Baixa,Baixa,Portais de notícias,As pessoas acreditam em notícias que lhes convêm
491,Ana,D,25-34,Feminino,Outro,Branca,Ateu,Direita,Solteiro,Sozinho,7-10,6278,Jornalismo,7,Não sei,Moderada,Baixa,Moderada,Portais de notícias,Quando a manchete chama muita atenção
492,Ana,B,65+,Outro,Outro,Parda,Espírita,Direita,Divorciado,Com parceiro e/ou filhos,4-6,7211,Relações Públicas,8,Não sei,Alta,Baixa,Moderada,Portais de notícias,Compartilhamento por influenciadores
493,Ysadora,B,55-64,Feminino,Cisgênero,Preta,Católica,Esquerda,Prefiro não dizer,Outro,4-6,8776,Relações Públicas,4,Não,Moderada,Baixa,Moderada,Outro,Confiança excessiva em fontes duvidosas
494,Marcos,B,65+,Masculino,Outro,Branca,Judaíca,Não se interessa,Prefiro não dizer,Outro,1-3,8000,Relações Públicas,4,"Sim, muito diferentes",Baixa,Alta,Moderada,Televisão e/ou Rádio,Desinformação
495,Amanda,E,45-54,Outro,Prefiro não dizer,Preta,Evangélica,Esquerda,Casado,Sozinho,4-6,8646,Cinema e Audiovisual,7,Não são diferentes,Baixa,Baixa,Alta,Outro,Desinformação
496,Jonathan,C,55-64,Masculino,Transgênero,Branca,Evangélica,Direita,Solteiro,Outro,4-6,7840,Cinema e Audiovisual,8,Não sei,Alta,Baixa,Moderada,Redes Sociais,As pessoas acreditam em notícias que lhes convêm
497,Jonathan,A,55-64,Masculino,Transgênero,Parda,Agnóstico,Esquerda,Casado,Com pais ou responsáveis,1-3,7347,Jornalismo,1,Não são diferentes,Alta,Moderada,Baixa,Redes Sociais,Outro
498,Gabriel,B,65+,Masculino,Não binário,Amarela,Católica,Direita,Viúvo,Outro,4-6,6464,Cinema e Audiovisual,7,Não,Moderada,Moderada,Baixa,Portais de notícias,Ausência das agências de checagem
499,Jonathan,C,35-44,Feminino,Não binário,Branca,Evangélica,Extrema Direita,Solteiro,Com amigos,1-3,6230,Cinema e Audiovisual,4,Não,Moderada,Moderada,Baixa,Redes Sociais,Ausência das agências de checagem
500,Thiago,E,45-54,Masculino,Prefiro não dizer,Amarela,Ateu,Não se interessa,Casado,Com parceiro e/ou filhos,7-10,6093,Outro,7,"Sim, porém pouco",Moderada,Alta,Moderada,E-mail,As pessoas acreditam em notícias que lhes convêm
501,Jonathan,D,65+,Feminino,Prefiro não dizer,Prefiro não dizer,Agnóstico,Centro Esquerda,Casado,Outro,>10,8380,Jornalismo,6,"Sim, porém pouco",Baixa,Moderada,Alta,Outro,Polarização
502,Amanda,C,45-54,Masculino,Não binário,Indígena,Católica,Centro Esquerda,Casado,Com pais ou responsáveis,<1,5395,Cinema e Audiovisual,3,Não sei,Alta,Alta,Moderada,E-mail,Desinformação
503,Francielly,A,35-44,Feminino,Não binário,Preta,Católica,Extrema Esquerda,Prefiro não dizer,Com amigos,>10,7961,Outro,7,"Sim, porém pouco",Baixa,Baixa,Moderada,E-mail,Compartilhando por familiares e amigos
504,Francielly,E,45-54,Feminino,Não binário,Preta,Judaíca,Centro Esquerda,Separado,Com pais ou responsáveis,7-10,9449,Relações Públicas,3,Não,Alta,Baixa,Moderada,Redes Sociais,Confiança excessiva em fontes duvidosas
505,Gabriel,C,65+,Masculino,Transgênero,Amarela,Outras,Não se interessa,Separado,Com pais ou responsáveis,7-10,8358,Jornalismo,5,Não sei,Baixa,Moderada,Alta,Aplicativos de mensagem,As pessoas acreditam em notícias que lhes convêm
506,Lucas,B,<18,Feminino,Prefiro não dizer,Amarela,Agnóstico,Extrema Direita,Viúvo,Sozinho,4-6,8234,Jornalismo,7,Não sei,Moderada,Baixa,Moderada,Outro,Compartilhamento por influenciadores
507,Vanessa,B,25-34,Masculino,Outro,Indígena,Católica,Centro Esquerda,Separado,Com amigos,>10,5430,Cinema e Audiovisual,3,Não são diferentes,Moderada,Moderada,Baixa,Redes Sociais,Ausência das agências de checagem
508,Francielly,D,25-34,Feminino,Prefiro não dizer,Parda,Judaíca,Centro Direita,Viúvo,Com pais ou responsáveis,1-3,6600,Relações Públicas,1,Não são diferentes,Moderada,Alta,Alta,Outro,Quando a manchete chama muita atenção
509,Jonathan,E,55-64,Masculino,Não binário,Prefiro não dizer,Outras,Extrema Direita,Viúvo,Com amigos,7-10,5325,Relações Públicas,4,"Sim, porém pouco",Moderada,Baixa,Baixa,Redes Sociais,Compartilhando por familiares e amigos
510,Francielly,A,55-64,Masculino,Não binário,Parda,Outras,Centro Esquerda,Solteiro,Outro,1-3,7239,Publicidade e Propaganda,2,"Sim, muito diferentes",Alta,Baixa,Alta,Televisão e/ou Rádio,A forma como a notícia é apresentada
511,Marcos,A,<18,Outro,Outro,Amarela,Católica,Esquerda,Separado,Sozinho,7-10,5837,Jornalismo,2,Não sei,Alta,Baixa,Alta,Aplicativos de mensagem,Outro
512,Gabriel,A,18-24,Outro,Outro,Amarela,Agnóstico,Esquerda,Prefiro não dizer,Com amigos,<1,7855,Relações Públicas,2,Não são diferentes,Moderada,Moderada,Baixa,Portais de notícias,A forma como a notícia é apresentada
513,Lucas,C,65+,Outro,Cisgênero,Parda,Católica,Extrema Direita,Viúvo,Com parceiro e/ou filhos,1-3,6123,Publicidade e Propaganda,7,Não são diferentes,Baixa,Baixa,Baixa,Outro,Polarização
514,Lucas,E,45-54,Masculino,Não binário,Branca,Ateu,Não se interessa,Casado,Com pais ou responsáveis,7-10,7327,Jornalismo,5,Não são diferentes,Alta,Alta,Baixa,E-mail,As pessoas acreditam em notícias que lhes convêm
515,Jonathan,E,18-24,Masculino,Não binário,Branca,Agnóstico,Esquerda,Divorciado,Com parceiro e/ou filhos,1-3,5194,Publicidade e Propaganda,1,"Sim, porém pouco",Baixa,Moderada,Baixa,Outro,Quando a manchete chama muita atenção
516,Ysadora,D,65+,Masculino,Prefiro não dizer,Preta,Ateu,Centro Direita,Separado,Com pais ou responsáveis,>10,9548,Outro,5,"Sim, muito diferentes",Moderada,Alta,Baixa,Televisão e/ou Rádio,A forma como a notícia é apresentada
517,Amanda,B,18-24,Feminino,Transgênero,Prefiro não dizer,Evangélica,Centro Direita,Solteiro,Com parceiro e/ou filhos,4-6,6415,Cinema e Audiovisual,1,"Sim, porém pouco",Baixa,Baixa,Baixa,Portais de notícias,As pessoas acreditam em notícias que lhes convêm
518,Jonathan,B,18-24,Outro,Prefiro não dizer,Preta,Agnóstico,Centro,Divorciado,Outro,1-3,6237,Cinema e Audiovisual,3,Não,Alta,Baixa,Alta,Redes Sociais,Compartilhando por familiares e amigos
519,Talita,D,25-34,Feminino,Prefiro não dizer,Prefiro não dizer,Espírita,Extrema Esquerda,Separado,Com parceiro e/ou filhos,1-3,5094,Outro,4,"Sim, muito diferentes",Moderada,Moderada,Moderada,Aplicativos de mensagem,Outro
520,Amanda,D,65+,Feminino,Outro,Prefiro não dizer,Ateu,Extrema Direita,Viúvo,Outro,4-6,5190,Cinema e Audiovisual,1,"Sim, porém pouco",Baixa,Alta,Moderada,Televisão e/ou Rádio,Confiança excessiva em fontes duvidosas
521,Lucas,C,65+,Masculino,Outro,Branca,Judaíca,Centro Esquerda,Prefiro não dizer,Sozinho,4-6,7488,Jornalismo,1,"Sim, muito diferentes",Baixa,Alta,Baixa,Portais de notícias,Outro
522,Francielly,C,55-64,Feminino,Outro,Branca,Ateu,Extrema Esquerda,Divorciado,Sozinho,<1,9715,Relações Públicas,7,"Sim, muito diferentes",Moderada,Moderada,Alta,Portais de notícias,Compartilhando por familiares e amigos
523,Francielly,D,25-34,Feminino,Prefiro não dizer,Prefiro não dizer,Agnóstico,Centro,Divorciado,Sozinho,<1,5068,Relações Públicas,3,"Sim, porém pouco",Alta,Baixa,Moderada,Outro,Ausência das agências de checagem
524,Francielly,A,18-24,Outro,Outro,Branca,Outras,Extrema Esquerda,Divorciado,Sozinho,<1,7676,Jornalismo,7,Não,Moderada,Baixa,Alta,E-mail,Outro
525,Thiago,D,55-64,Outro,Não binário,Prefiro não dizer,Evangélica,Extrema Direita,Separado,Com pais ou responsáveis,1-3,7430,Cinema e Audiovisual,7,Não,Moderada,Baixa,Alta,Outro,Compartilhando por familiares e amigos
526,Maria,B,18-24,Outro,Não binário,Indígena,Espírita,Centro Esquerda,Solteiro,Com parceiro e/ou filhos,1-3,8548,Jornalismo,2,Não,Moderada,Moderada,Baixa,E-mail,Quando a manchete chama muita atenção
527,Marcos,A,55-64,Feminino,Transgênero,Preta,Judaíca,Esquerda,Prefiro não dizer,Com parceiro e/ou filhos,>10,6993,Cinema e Audiovisual,6,Não sei,Moderada,Baixa,Alta,Outro,Compartilhando por familiares e amigos
528,Maria,D,35-44,Feminino,Transgênero,Branca,Agnóstico,Centro,Divorciado,Com pais ou responsáveis,>10,5561,Relações Públicas,4,Não sei,Baixa,Alta,Baixa,Outro,A forma como a notícia é apresentada
529,Jonathan,B,55-64,Feminino,Transgênero,Preta,Católica,Centro Direita,Viúvo,Com parceiro e/ou filhos,>10,7265,Jornalismo,8,Não são diferentes,Alta,Alta,Moderada,Portais de notícias,Polarização
530,Francielly,E,45-54,Outro,Prefiro não dizer,Amarela,Outras,Não se interessa,Prefiro não dizer,Outro,7-10,5246,Publicidade e Propaganda,2,"Sim, muito diferentes",Moderada,Alta,Moderada,E-mail,Polarização
531,Talita,A,55-64,Masculino,Transgênero,Prefiro não dizer,Outras,Extrema Direita,Solteiro,Sozinho,7-10,7832,Outro,4,"Sim, muito diferentes",Moderada,Baixa,Moderada,Outro,Confiança excessiva em fontes duvidosas
532,Ana,D,55-64,Feminino,Não binário,Branca,Católica,Extrema Direita,Viúvo,Sozinho,7-10,5636,Cinema e Audiovisual,4,Não sei,Baixa,Baixa,Baixa,Portais de notícias,Compartilhando por familiares e amigos
533,Maria,A,<18,Feminino,Não binário,Amarela,Católica,Extrema Esquerda,Viúvo,Com amigos,<1,7303,Publicidade e Propaganda,3,Não são diferentes,Baixa,Baixa,Alta,Portais de notícias,Desinformação
534,Marcos,C,55-64,Feminino,Não binário,Amarela,Evangélica,Não se interessa,Viúvo,Com pais ou responsáveis,1-3,7943,Publicidade e Propaganda,3,Não são diferentes,Moderada,Moderada,Baixa,Portais de notícias,Polarização
535,Francielly,A,55-64,Masculino,Prefiro não dizer,Branca,Evangélica,Extrema Esquerda,Solteiro,Com amigos,<1,7668,Jornalismo,6,"Sim, muito diferentes",Baixa,Alta,Baixa,Redes Sociais,Quando a manchete chama muita atenção
536,Vanessa,B,35-44,Feminino,Não binário,Parda,Outras,Direita,Casado,Com parceiro e/ou filhos,7-10,8156,Cinema e Audiovisual,4,Não,Baixa,Moderada,Alta,Aplicativos de mensagem,As pessoas acreditam em notícias que lhes convêm
537,Marcos,E,<18,Masculino,Não binário,Prefiro não dizer,Espírita,Extrema Direita,Divorciado,Outro,4-6,8859,Relações Públicas,3,Não são diferentes,Moderada,Alta,Moderada,Redes Sociais,Ausência das agências de checagem
538,Marcos,A,55-64,Masculino,Outro,Parda,Agnóstico,Centro Direita,Casado,Outro,>10,6305,Jornalismo,5,Não são diferentes,Baixa,Baixa,Alta,Redes Sociais,Desinformação
539,Ysadora,C,55-64,Masculino,Outro,Indígena,Católica,Extrema Esquerda,Divorciado,Outro,7-10,6938,Publicidade e Propaganda,8,"Sim, porém pouco",Baixa,Moderada,Alta,Portais de notícias,Confiança excessiva em fontes duvidosas
540,Vanessa,B,35-44,Feminino,Prefiro não dizer,Branca,Outras,Direita,Prefiro não dizer,Outro,7-10,6198,Relações Públicas,4,Não sei,Alta,Moderada,Baixa,Portais de notícias,Outro
541,Thiago,E,18-24,Outro,Prefiro não dizer,Indígena,Ateu,Esquerda,Solteiro,Sozinho,1-3,7619,Outro,7,Não são diferentes,Alta,Moderada,Moderada,Redes Sociais,A forma como a notícia é apresentada
542,Lucas,C,18-24,Masculino,Transgênero,Preta,Outras,Extrema Esquerda,Casado,Com amigos,1-3,7318,Jornalismo,6,Não são diferentes,Alta,Alta,Moderada,Televisão e/ou Rádio,A forma como a notícia é apresentada
543,Ana,E,65+,Feminino,Transgênero,Prefiro não dizer,Católica,Extrema Direita,Divorciado,Com parceiro e/ou filhos,7-10,7030,Publicidade e Propaganda,2,"Sim, porém pouco",Alta,Moderada,Moderada,Televisão e/ou Rádio,Quando a manchete chama muita atenção
544,Talita,B,55-64,Outro,Cisgênero,Amarela,Evangélica,Direita,Viúvo,Sozinho,>10,6197,Outro,8,"Sim, porém pouco",Moderada,Moderada,Moderada,Aplicativos de mensagem,Polarização
545,Maria,A,35-44,Feminino,Não binário,Indígena,Evangélica,Extrema Direita,Viúvo,Com pais ou responsáveis,4-6,9079,Outro,6,Não são diferentes,Alta,Baixa,Alta,Aplicativos de mensagem,Outro
546,Talita,E,18-24,Feminino,Transgênero,Branca,Outras,Não se interessa,Divorciado,Outro,1-3,8179,Publicidade e Propaganda,2,Não sei,Alta,Alta,Baixa,E-mail,Outro
547,Jonathan,B,35-44,Masculino,Prefiro não dizer,Branca,Agnóstico,Direita,Divorciado,Com amigos,<1,9107,Outro,1,"Sim, porém pouco",Moderada,Alta,Baixa,Outro,Quando a manchete chama muita atenção
548,Talita,C,65+,Feminino,Outro,Prefiro não dizer,Judaíca,Extrema Esquerda,Solteiro,Com pais ou responsáveis,<1,5262,Cinema e Audiovisual,3,"Sim, porém pouco",Baixa,Alta,Moderada,Outro,Quando a manchete chama muita atenção
549,Marcos,D,65+,Outro,Cisgênero,Preta,Católica,Extrema Direita,Separado,Sozinho,7-10,6046,Jornalismo,4,"Sim, muito diferentes",Alta,Baixa,Alta,Portais de notícias,Desinformação
550,Jonathan,B,18-24,Masculino,Transgênero,Preta,Outras,Extrema Esquerda,Viúvo,Com amigos,4-6,8152,Relações Públicas,2,"Sim, porém pouco",Moderada,Alta,Alta,Televisão e/ou Rádio,Ausência das agências de checagem
551,Vanessa,E,25-34,Outro,Prefiro não dizer,Amarela,Ateu,Direita,Solteiro,Com parceiro e/ou filhos,>10,9489,Cinema e Audiovisual,8,Não sei,Moderada,Baixa,Alta,Portais de notícias,Ausência das agências de checagem
552,Lucas,C,<18,Outro,Não binário,Preta,Evangélica,Centro Esquerda,Separado,Com parceiro e/ou filhos,<1,7968,Relações Públicas,7,"Sim, porém pouco",Baixa,Alta,Alta,Redes Sociais,Ausência das agências de checagem
553,Rayane,E,35-44,Feminino,Não binário,Preta,Ateu,Extrema Direita,Separado,Com amigos,>10,9756,Outro,6,Não sei,Baixa,Alta,Baixa,Portais de notícias,Desinformação
554,Francielly,D,45-54,Feminino,Outro,Prefiro não dizer,Agnóstico,Extrema Esquerda,Solteiro,Com parceiro e/ou filhos,1-3,5285,Publicidade e Propaganda,3,"Sim, muito diferentes",Moderada,Baixa,Baixa,Televisão e/ou Rádio,Polarização
555,Vanessa,C,<18,Outro,Transgênero,Branca,Judaíca,Esquerda,Divorciado,Com pais ou responsáveis,>10,8859,Outro,4,Não,Baixa,Alta,Baixa,E-mail,As pessoas acreditam em notícias que lhes convêm
556,Ana,A,45-54,Masculino,Outro,Indígena,Evangélica,Não se interessa,Divorciado,Com amigos,1-3,5560,Publicidade e Propaganda,4,Não,Moderada,Alta,Alta,Portais de notícias,Compartilhamento por influenciadores
557,Amanda,A,45-54,Feminino,Outro,Branca,Católica,Extrema Direita,Viúvo,Sozinho,>10,5627,Relações Públicas,7,"Sim, porém pouco",Baixa,Baixa,Baixa,Portais de notícias,Confiança excessiva em fontes duvidosas
558,Vanessa,E,<18,Feminino,Não binário,Preta,Espírita,Não se interessa,Prefiro não dizer,Sozinho,4-6,9433,Cinema e Audiovisual,3,"Sim, porém pouco",Alta,Baixa,Alta,Televisão e/ou Rádio,Confiança excessiva em fontes duvidosas
559,Gabriel,C,45-54,Feminino,Não binário,Preta,Outras,Não se interessa,Separado,Sozinho,<1,9890,Publicidade e Propaganda,4,"Sim, muito diferentes",Moderada,Moderada,Alta,Aplicativos de mensagem,A forma como a notícia é apresentada
560,Lucas,B,<18,Masculino,Outro,Parda,Judaíca,Centro,Prefiro não dizer,Com amigos,4-6,8190,Publicidade e Propaganda,8,"Sim, porém pouco",Alta,Alta,Alta,Portais de notícias,Compartilhando por familiares e amigos
561,Gabriel,C,35-44,Masculino,Cisgênero,Indígena,Evangélica,Centro Esquerda,Separado,Com amigos,7-10,5113,Jornalismo,5,Não,Alta,Alta,Baixa,Televisão e/ou Rádio,Ausência das agências de checagem
562,Vanessa,C,18-24,Masculino,Transgênero,Amarela,Judaíca,Centro,Prefiro não dizer,Sozinho,4-6,9432,Cinema e Audiovisual,5,"Sim, porém pouco",Alta,Moderada,Alta,Redes Sociais,Compartilhamento por influenciadores
563,Amanda,E,65+,Feminino,Transgênero,Amarela,Agnóstico,Centro Direita,Prefiro não dizer,Com parceiro e/ou filhos,1-3,7738,Cinema e Audiovisual,3,Não sei,Baixa,Baixa,Moderada,Outro,Polarização
564,Francielly,A,35-44,Outro,Transgênero,Prefiro não dizer,Judaíca,Centro Direita,Separado,Sozinho,7-10,6289,Jornalismo,7,Não,Moderada,Moderada,Baixa,E-mail,Desinformação
565,Vanessa,B,<18,Feminino,Não binário,Preta,Judaíca,Centro Esquerda,Prefiro não dizer,Outro,1-3,7712,Jornalismo,7,"Sim, porém pouco",Baixa,Baixa,Alta,Portais de notícias,Compartilhamento por influenciadores
566,Rayane,A,35-44,Outro,Transgênero,Branca,Católica,Não se interessa,Solteiro,Com parceiro e/ou filhos,7-10,9141,Jornalismo,2,Não,Alta,Moderada,Moderada,E-mail,Desinformação
567,Lucas,A,55-64,Feminino,Prefiro não dizer,Parda,Agnóstico,Centro,Prefiro não dizer,Com amigos,7-10,9920,Cinema e Audiovisual,1,Não sei,Baixa,Baixa,Alta,Portais de notícias,Compartilhamento por influenciadores
568,Ana,E,18-24,Masculino,Outro,Prefiro não dizer,Espírita,Centro,Separado,Com parceiro e/ou filhos,7-10,5896,Publicidade e Propaganda,7,"Sim, porém pouco",Baixa,Alta,Baixa,Televisão e/ou Rádio,Quando a manchete chama muita atenção
569,Amanda,C,35-44,Outro,Cisgênero,Indígena,Agnóstico,Centro Direita,Divorciado,Sozinho,7-10,9573,Relações Públicas,5,"Sim, muito diferentes",Baixa,Alta,Alta,Aplicativos de mensagem,As pessoas acreditam em notícias que lhes convêm
570,Ana,E,45-54,Masculino,Cisgênero,Amarela,Outras,Extrema Esquerda,Separado,Com pais ou responsáveis,>10,8267,Cinema e Audiovisual,6,Não são diferentes,Alta,Baixa,Baixa,Portais de notícias,Desinformação
571,Marcos,C,45-54,Outro,Cisgênero,Indígena,Espírita,Direita,Viúvo,Outro,4-6,8941,Relações Públicas,3,Não,Alta,Alta,Alta,Portais de notícias,Compartilhamento por influenciadores
572,Gabriel,A,<18,Feminino,Transgênero,Amarela,Ateu,Centro,Divorciado,Sozinho,<1,9352,Relações Públicas,3,Não são diferentes,Alta,Moderada,Baixa,E-mail,As pessoas acreditam em notícias que lhes convêm
573,Gabriel,E,18-24,Outro,Transgênero,Branca,Evangélica,Extrema Esquerda,Casado,Com pais ou responsáveis,4-6,7801,Relações Públicas,4,"Sim, porém pouco",Alta,Baixa,Moderada,Redes Sociais,Quando a manchete chama muita atenção
574,Vanessa,A,<18,Feminino,Não binário,Amarela,Outras,Não se interessa,Casado,Sozinho,4-6,8601,Outro,6,Não são diferentes,Baixa,Baixa,Alta,E-mail,Desinformação
575,Gabriel,C,18-24,Outro,Não binário,Indígena,Católica,Direita,Viúvo,Com amigos,1-3,6259,Publicidade e Propaganda,7,"Sim, porém pouco",Alta,Moderada,Moderada,Redes Sociais,Quando a manchete chama muita atenção
576,Francielly,B,<18,Feminino,Cisgênero,Indígena,Outras,Não se interessa,Divorciado,Com amigos,<1,5815,Relações Públicas,1,Não são diferentes,Alta,Moderada,Baixa,E-mail,A forma como a notícia é apresentada
577,Ana,E,35-44,Outro,Cisgênero,Amarela,Outras,Extrema Esquerda,Casado,Outro,<1,6341,Publicidade e Propaganda,1,"Sim, muito diferentes",Moderada,Moderada,Alta,Portais de notícias,Outro
578,Maria,B,55-64,Outro,Transgênero,Indígena,Espírita,Centro,Solteiro,Com amigos,>10,8681,Cinema e Audiovisual,1,"Sim, muito diferentes",Moderada,Moderada,Moderada,Televisão e/ou Rádio,Polarização
579,Talita,B,25-34,Feminino,Não binário,Parda,Agnóstico,Não se interessa,Prefiro não dizer,Outro,>10,7667,Relações Públicas,7,Não são diferentes,Alta,Baixa,Baixa,Outro,Outro
580,Marcos,E,18-24,Outro,Transgênero,Indígena,Agnóstico,Centro Direita,Solteiro,Com parceiro e/ou filhos,1-3,5007,Relações Públicas,6,Não sei,Alta,Moderada,Baixa,E-mail,As pessoas acreditam em notícias que lhes convêm
581,Jonathan,B,35-44,Feminino,Cisgênero,Indígena,Agnóstico,Direita,Viúvo,Com amigos,<1,6216,Relações Públicas,7,Não sei,Moderada,Moderada,Alta,Outro,As pessoas acreditam em notícias que lhes convêm
582,Rayane,C,<18,Feminino,Não binário,Prefiro não dizer,Agnóstico,Extrema Direita,Separado,Com amigos,1-3,9139,Cinema e Audiovisual,4,"Sim, muito diferentes",Baixa,Baixa,Alta,Redes Sociais,Outro
583,Maria,E,<18,Feminino,Prefiro não dizer,Preta,Agnóstico,Direita,Divorciado,Com parceiro e/ou filhos,7-10,6314,Publicidade e Propaganda,2,"Sim, porém pouco",Baixa,Moderada,Baixa,E-mail,Compartilhamento por influenciadores
584,Lucas,D,65+,Feminino,Não binário,Amarela,Evangélica,Centro Direita,Solteiro,Outro,4-6,6923,Jornalismo,7,"Sim, porém pouco",Alta,Alta,Moderada,E-mail,Ausência das agências de checagem
585,Maria,D,25-34,Masculino,Prefiro não dizer,Amarela,Ateu,Centro Esquerda,Separado,Com parceiro e/ou filhos,1-3,7255,Jornalismo,4,"Sim, porém pouco",Baixa,Baixa,Baixa,Portais de notícias,Compartilhando por familiares e amigos
586,Marcos,D,55-64,Outro,Não binário,Prefiro não dizer,Espírita,Extrema Esquerda,Divorciado,Com amigos,>10,6718,Relações Públicas,7,Não são diferentes,Alta,Alta,Alta,Televisão e/ou Rádio,Compartilhando por familiares e amigos
587,Gabriel,B,25-34,Feminino,Cisgênero,Prefiro não dizer,Ateu,Centro Direita,Viúvo,Com parceiro e/ou filhos,7-10,8031,Outro,3,"Sim, porém pouco",Alta,Baixa,Alta,Redes Sociais,Compartilhamento por influenciadores
588,Marcos,B,25-34,Outro,Cisgênero,Preta,Católica,Extrema Esquerda,Divorciado,Com parceiro e/ou filhos,>10,6160,Outro,6,Não são diferentes,Baixa,Alta,Moderada,Aplicativos de mensagem,As pessoas acreditam em notícias que lhes convêm
589,Marcos,A,<18,Outro,Transgênero,Indígena,Evangélica,Não se interessa,Separado,Com amigos,>10,5192,Cinema e Audiovisual,1,"Sim, porém pouco",Alta,Moderada,Baixa,Aplicativos de mensagem,Polarização
590,Thiago,A,18-24,Masculino,Outro,Parda,Outras,Centro Direita,Casado,Outro,4-6,6014,Publicidade e Propaganda,5,"Sim, porém pouco",Moderada,Moderada,Alta,Portais de notícias,Compartilhamento por influenciadores
591,Talita,D,65+,Outro,Transgênero,Preta,Agnóstico,Direita,Separado,Outro,7-10,5881,Cinema e Audiovisual,4,Não,Moderada,Alta,Moderada,Televisão e/ou Rádio,Compartilhamento por influenciadores
592,Talita,E,35-44,Masculino,Cisgênero,Indígena,Agnóstico,Centro,Prefiro não dizer,Com parceiro e/ou filhos,7-10,6033,Jornalismo,2,Não,Alta,Alta,Baixa,Televisão e/ou Rádio,Polarização
593,Gabriel,B,65+,Feminino,Cisgênero,Preta,Espírita,Centro,Solteiro,Com pais ou responsáveis,<1,6794,Outro,2,Não sei,Alta,Alta,Baixa,Outro,A forma como a notícia é apresentada
594,Amanda,E,45-54,Outro,Outro,Branca,Ateu,Extrema Esquerda,Casado,Outro,>10,9308,Cinema e Audiovisual,1,Não,Baixa,Moderada,Baixa,Outro,As pessoas acreditam em notícias que lhes convêm
595,Jonathan,D,25-34,Outro,Cisgênero,Amarela,Ateu,Centro Esquerda,Viúvo,Com amigos,<1,8670,Outro,8,Não sei,Moderada,Baixa,Alta,Portais de notícias,Desinformação
596,Jonathan,B,18-24,Feminino,Transgênero,Prefiro não dizer,Ateu,Extrema Direita,Prefiro não dizer,Com parceiro e/ou filhos,4-6,8401,Relações Públicas,8,"Sim, muito diferentes",Alta,Alta,Alta,Redes Sociais,A forma como a notícia é apresentada
597,Thiago,A,45-54,Masculino,Cisgênero,Prefiro não dizer,Judaíca,Extrema Esquerda,Solteiro,Com amigos,<1,6726,Jornalismo,8,"Sim, muito diferentes",Moderada,Moderada,Moderada,Aplicativos de mensagem,Compartilhamento por influenciadores
598,Lucas,E,55-64,Outro,Cisgênero,Prefiro não dizer,Outras,Extrema Direita,Solteiro,Com amigos,1-3,8334,Publicidade e Propaganda,7,Não são diferentes,Moderada,Moderada,Moderada,Portais de notícias,As pessoas acreditam em notícias que lhes convêm
599,Marcos,B,35-44,Masculino,Outro,Amarela,Outras,Não se interessa,Divorciado,Com amigos,7-10,7707,Outro,7,Não são diferentes,Baixa,Alta,Moderada,Aplicativos de mensagem,A forma como a notícia é apresentada
600,Rayane,A,<18,Masculino,Não binário,Indígena,Agnóstico,Extrema Esquerda,Viúvo,Com amigos,1-3,8211,Jornalismo,5,"Sim, muito diferentes",Moderada,Moderada,Alta,Portais de notícias,Compartilhamento por influenciadores
601,Thiago,A,45-54,Feminino,Prefiro não dizer,Parda,Espírita,Centro Direita,Viúvo,Com parceiro e/ou filhos,7-10,7214,Publicidade e Propaganda,6,Não,Moderada,Baixa,Moderada,Redes Sociais,Confiança excessiva em fontes duvidosas
602,Francielly,B,25-34,Masculino,Transgênero,Preta,Católica,Não se interessa,Solteiro,Com parceiro e/ou filhos,>10,6086,Outro,4,Não,Baixa,Alta,Moderada,Outro,A forma como a notícia é apresentada
603,Rayane,E,25-34,Outro,Cisgênero,Indígena,Ateu,Centro,Prefiro não dizer,Sozinho,7-10,9415,Publicidade e Propaganda,1,Não sei,Moderada,Moderada,Alta,Televisão e/ou Rádio,Desinformação
604,Thiago,D,45-54,Feminino,Transgênero,Prefiro não dizer,Judaíca,Centro,Solteiro,Com parceiro e/ou filhos,>10,6484,Jornalismo,4,"Sim, porém pouco",Moderada,Moderada,Moderada,Redes Sociais,Compartilhamento por influenciadores
605,Francielly,B,35-44,Outro,Outro,Parda,Outras,Centro,Prefiro não dizer,Com pais ou responsáveis,>10,7723,Outro,5,Não são diferentes,Alta,Baixa,Alta,Aplicativos de mensagem,Confiança excessiva em fontes duvidosas
606,Lucas,D,35-44,Outro,Não binário,Indígena,Outras,Centro Direita,Solteiro,Outro,>10,6178,Cinema e Audiovisual,4,Não,Baixa,Baixa,Baixa,Outro,Outro
607,Jonathan,D,18-24,Feminino,Cisgênero,Parda,Judaíca,Centro Direita,Solteiro,Com pais ou responsáveis,1-3,6839,Cinema e Audiovisual,4,"Sim, porém pouco",Moderada,Moderada,Baixa,Redes Sociais,A forma como a notícia é apresentada
608,Vanessa,D,65+,Masculino,Cisgênero,Prefiro não dizer,Outras,Centro Esquerda,Solteiro,Com pais ou responsáveis,>10,8599,Publicidade e Propaganda,8,"Sim, porém pouco",Baixa,Alta,Baixa,Redes Sociais,Compartilhando por familiares e amigos
609,Rayane,D,18-24,Masculino,Cisgênero,Preta,Ateu,Não se interessa,Viúvo,Com pais ou responsáveis,7-10,9937,Publicidade e Propaganda,1,Não são diferentes,Baixa,Moderada,Moderada,Portais de notícias,Quando a manchete chama muita atenção
610,Francielly,B,25-34,Feminino,Transgênero,Branca,Católica,Extrema Esquerda,Casado,Outro,>10,8532,Outro,3,Não,Alta,Moderada,Moderada,Redes Sociais,Desinformação
611,Francielly,C,<18,Feminino,Não binário,Branca,Outras,Centro Esquerda,Viúvo,Com pais ou responsáveis,4-6,8431,Jornalismo,2,"Sim, muito diferentes",Moderada,Baixa,Moderada,Redes Sociais,As pessoas acreditam em notícias que lhes convêm
612,Lucas,C,<18,Feminino,Prefiro não dizer,Prefiro não dizer,Agnóstico,Centro Direita,Prefiro não dizer,Com parceiro e/ou filhos,4-6,6325,Relações Públicas,5,Não sei,Alta,Alta,Alta,Portais de notícias,As pessoas acreditam em notícias que lhes convêm
613,Ysadora,C,65+,Feminino,Transgênero,Amarela,Agnóstico,Não se interessa,Viúvo,Sozinho,>10,6340,Relações Públicas,1,"Sim, muito diferentes",Alta,Baixa,Moderada,Outro,Ausência das agências de checagem
614,Rayane,B,65+,Masculino,Transgênero,Branca,Evangélica,Centro,Divorciado,Com amigos,7-10,9647,Jornalismo,7,"Sim, muito diferentes",Moderada,Moderada,Moderada,E-mail,A forma como a notícia é apresentada
615,Marcos,B,65+,Feminino,Transgênero,Indígena,Católica,Direita,Solteiro,Com amigos,1-3,5648,Relações Públicas,5,Não são diferentes,Moderada,Baixa,Moderada,Redes Sociais,Desinformação
616,Vanessa,E,35-44,Feminino,Transgênero,Amarela,Agnóstico,Centro,Separado,Com amigos,7-10,6886,Jornalismo,3,Não,Alta,Baixa,Alta,E-mail,Outro
617,Marcos,B,65+,Feminino,Outro,Prefiro não dizer,Judaíca,Não se interessa,Solteiro,Sozinho,<1,5252,Relações Públicas,2,Não sei,Baixa,Baixa,Moderada,Portais de notícias,A forma como a notícia é apresentada
618,Talita,B,<18,Outro,Transgênero,Parda,Judaíca,Centro Esquerda,Prefiro não dizer,Com amigos,>10,7143,Publicidade e Propaganda,3,Não são diferentes,Baixa,Baixa,Alta,Televisão e/ou Rádio,Outro
619,Gabriel,A,25-34,Outro,Não binário,Branca,Outras,Esquerda,Divorciado,Com parceiro e/ou filhos,<1,7235,Cinema e Audiovisual,3,Não são diferentes,Moderada,Alta,Alta,Redes Sociais,A forma como a notícia é apresentada
620,Amanda,B,25-34,Feminino,Não binário,Indígena,Judaíca,Esquerda,Casado,Outro,4-6,6766,Relações Públicas,6,Não sei,Moderada,Moderada,Moderada,Televisão e/ou Rádio,Ausência das agências de checagem
621,Amanda,D,55-64,Outro,Não binário,Prefiro não dizer,Agnóstico,Centro Direita,Separado,Com parceiro e/ou filhos,4-6,6768,Relações Públicas,4,"Sim, muito diferentes",Moderada,Baixa,Alta,Redes Sociais,Compartilhamento por influenciadores
622,Thiago,E,45-54,Masculino,Transgênero,Parda,Evangélica,Centro Direita,Separado,Com pais ou responsáveis,1-3,6352,Outro,8,Não sei,Baixa,Alta,Moderada,Outro,Compartilhando por familiares e amigos
623,Thiago,A,55-64,Masculino,Cisgênero,Indígena,Outras,Extrema Direita,Casado,Com amigos,7-10,7642,Relações Públicas,6,"Sim, muito diferentes",Moderada,Moderada,Alta,Televisão e/ou Rádio,Compartilhamento por influenciadores
624,Jonathan,D,45-54,Masculino,Não binário,Parda,Ateu,Esquerda,Solteiro,Com amigos,1-3,6613,Cinema e Audiovisual,5,"Sim, porém pouco",Baixa,Alta,Alta,Portais de notícias,A forma como a notícia é apresentada
625,Thiago,C,45-54,Outro,Cisgênero,Indígena,Agnóstico,Esquerda,Separado,Com pais ou responsáveis,7-10,7575,Outro,5,Não sei,Baixa,Alta,Moderada,Redes Sociais,Quando a manchete chama muita atenção
626,Thiago,B,18-24,Masculino,Transgênero,Amarela,Agnóstico,Esquerda,Prefiro não dizer,Outro,<1,9647,Relações Públicas,1,"Sim, porém pouco",Baixa,Alta,Alta,Televisão e/ou Rádio,Compartilhando por familiares e amigos
627,Francielly,A,35-44,Outro,Não binário,Prefiro não dizer,Agnóstico,Centro Direita,Viúvo,Outro,7-10,8772,Jornalismo,7,"Sim, porém pouco",Baixa,Baixa,Alta,E-mail,A forma como a notícia é apresentada
628,Ana,D,<18,Masculino,Outro,Preta,Evangélica,Esquerda,Viúvo,Com parceiro e/ou filhos,7-10,8845,Jornalismo,1,"Sim, porém pouco",Baixa,Alta,Alta,Televisão e/ou Rádio,Confiança excessiva em fontes duvidosas
629,Ysadora,D,35-44,Masculino,Transgênero,Parda,Espírita,Direita,Viúvo,Com pais ou responsáveis,>10,9448,Publicidade e Propaganda,4,"Sim, muito diferentes",Moderada,Alta,Baixa,Outro,Polarização
630,Vanessa,D,45-54,Outro,Cisgênero,Amarela,Outras,Extrema Direita,Viúvo,Sozinho,>10,5223,Relações Públicas,3,Não sei,Alta,Baixa,Alta,Portais de notícias,Compartilhando por familiares e amigos
631,Jonathan,E,25-34,Feminino,Outro,Parda,Espírita,Não se interessa,Viúvo,Outro,>10,5509,Jornalismo,2,"Sim, porém pouco",Baixa,Moderada,Baixa,Aplicativos de mensagem,Quando a manchete chama muita atenção
632,Francielly,E,55-64,Outro,Cisgênero,Parda,Espírita,Centro Direita,Solteiro,Com parceiro e/ou filhos,4-6,9591,Cinema e Audiovisual,2,Não são diferentes,Alta,Moderada,Alta,Televisão e/ou Rádio,Confiança excessiva em fontes duvidosas
633,Lucas,D,65+,Masculino,Cisgênero,Branca,Espírita,Esquerda,Solteiro,Outro,7-10,8725,Outro,1,"Sim, porém pouco",Baixa,Alta,Alta,Redes Sociais,Outro
634,Gabriel,B,45-54,Masculino,Outro,Amarela,Católica,Extrema Direita,Prefiro não dizer,Com pais ou responsáveis,>10,8450,Publicidade e Propaganda,1,Não são diferentes,Moderada,Moderada,Baixa,Outro,As pessoas acreditam em notícias que lhes convêm
635,Ana,C,18-24,Masculino,Transgênero,Prefiro não dizer,Judaíca,Esquerda,Divorciado,Outro,4-6,9670,Outro,5,Não sei,Baixa,Baixa,Moderada,Portais de notícias,Quando a manchete chama muita atenção
636,Talita,C,45-54,Masculino,Transgênero,Parda,Outras,Direita,Solteiro,Outro,<1,8097,Relações Públicas,2,Não são diferentes,Moderada,Baixa,Baixa,Outro,Desinformação
637,Marcos,A,35-44,Outro,Transgênero,Branca,Católica,Centro Esquerda,Divorciado,Com pais ou responsáveis,<1,8415,Publicidade e Propaganda,7,Não,Baixa,Moderada,Moderada,Portais de notícias,A forma como a notícia é apresentada
638,Marcos,C,35-44,Feminino,Outro,Preta,Outras,Extrema Direita,Viúvo,Com amigos,7-10,8813,Relações Públicas,4,"Sim, muito diferentes",Alta,Alta,Alta,Portais de notícias,A forma como a notícia é apresentada
639,Ysadora,C,45-54,Masculino,Outro,Branca,Espírita,Esquerda,Casado,Com amigos,1-3,5148,Outro,2,Não são diferentes,Baixa,Alta,Baixa,Outro,Desinformação
640,Rayane,B,25-34,Outro,Outro,Indígena,Outras,Esquerda,Separado,Sozinho,1-3,6462,Publicidade e Propaganda,4,Não sei,Baixa,Moderada,Alta,Outro,Quando a manchete chama muita atenção
641,Talita,A,25-34,Masculino,Transgênero,Indígena,Evangélica,Esquerda,Divorciado,Com pais ou responsáveis,7-10,6458,Publicidade e Propaganda,3,"Sim, muito diferentes",Moderada,Baixa,Moderada,Outro,Confiança excessiva em fontes duvidosas
642,Lucas,B,45-54,Masculino,Cisgênero,Amarela,Agnóstico,Esquerda,Separado,Outro,<1,6280,Jornalismo,7,"Sim, muito diferentes",Moderada,Baixa,Baixa,Aplicativos de mensagem,Compartilhando por familiares e amigos
643,Thiago,E,65+,Masculino,Transgênero,Amarela,Judaíca,Extrema Esquerda,Viúvo,Com amigos,4-6,9436,Relações Públicas,1,"Sim, porém pouco",Moderada,Baixa,Alta,Redes Sociais,Confiança excessiva em fontes duvidosas
644,Maria,D,45-54,Feminino,Não binário,Amarela,Evangélica,Extrema Esquerda,Prefiro não dizer,Outro,>10,6088,Outro,3,Não,Alta,Alta,Baixa,Televisão e/ou Rádio,Outro
645,Maria,C,55-64,Outro,Outro,Preta,Evangélica,Direita,Separado,Com pais ou responsáveis,1-3,6090,Outro,4,Não sei,Moderada,Moderada,Alta,E-mail,Quando a manchete chama muita atenção
646,Maria,E,<18,Outro,Transgênero,Preta,Católica,Centro Direita,Solteiro,Com amigos,1-3,7859,Cinema e Audiovisual,6,"Sim, muito diferentes",Alta,Alta,Alta,Outro,Quando a manchete chama muita atenção
647,Ysadora,B,65+,Feminino,Cisgênero,Preta,Católica,Direita,Separado,Sozinho,7-10,8314,Relações Públicas,5,Não são diferentes,Moderada,Moderada,Alta,Outro,Desinformação
648,Thiago,D,65+,Feminino,Cisgênero,Parda,Evangélica,Extrema Direita,Prefiro não dizer,Com parceiro e/ou filhos,1-3,6423,Publicidade e Propaganda,8,"Sim, muito diferentes",Moderada,Baixa,Alta,Aplicativos de mensagem,Quando a manchete chama muita atenção
649,Francielly,A,35-44,Masculino,Outro,Branca,Espírita,Extrema Direita,Prefiro não dizer,Outro,<1,7210,Relações Públicas,2,Não sei,Baixa,Moderada,Alta,E-mail,As pessoas acreditam em notícias que lhes convêm
650,Francielly,A,55-64,Outro,Não binário,Indígena,Católica,Esquerda,Solteiro,Com parceiro e/ou filhos,>10,7181,Relações Públicas,2,"Sim, muito diferentes",Baixa,Alta,Moderada,Outro,Desinformação
651,Ysadora,E,45-54,Masculino,Não binário,Prefiro não dizer,Espírita,Não se interessa,Separado,Sozinho,<1,9047,Publicidade e Propaganda,2,"Sim, muito diferentes",Moderada,Moderada,Moderada,Televisão e/ou Rádio,Outro
652,Talita,A,45-54,Feminino,Não binário,Parda,Outras,Direita,Casado,Com parceiro e/ou filhos,7-10,5505,Cinema e Audiovisual,1,Não,Baixa,Moderada,Moderada,Redes Sociais,Compartilhamento por influenciadores
653,Rayane,D,35-44,Outro,Outro,Parda,Judaíca,Extrema Direita,Viúvo,Outro,7-10,8668,Relações Públicas,2,Não sei,Alta,Baixa,Moderada,Aplicativos de mensagem,Quando a manchete chama muita atenção
654,Gabriel,D,25-34,Feminino,Não binário,Preta,Católica,Extrema Direita,Casado,Outro,<1,8939,Relações Públicas,7,"Sim, muito diferentes",Moderada,Moderada,Alta,Redes Sociais,A forma como a notícia é apresentada
655,Talita,B,45-54,Feminino,Cisgênero,Branca,Espírita,Extrema Direita,Solteiro,Com parceiro e/ou filhos,>10,5030,Cinema e Audiovisual,5,Não são diferentes,Moderada,Moderada,Alta,Televisão e/ou Rádio,A forma como a notícia é apresentada
656,Amanda,C,<18,Feminino,Prefiro não dizer,Parda,Ateu,Centro Esquerda,Solteiro,Com pais ou responsáveis,<1,9852,Outro,5,"Sim, porém pouco",Alta,Baixa,Baixa,Televisão e/ou Rádio,Polarização
657,Marcos,B,<18,Masculino,Prefiro não dizer,Indígena,Espírita,Não se interessa,Separado,Sozinho,4-6,6896,Publicidade e Propaganda,7,Não,Baixa,Moderada,Moderada,Portais de notícias,Confiança excessiva em fontes duvidosas
658,Ana,E,55-64,Outro,Prefiro não dizer,Indígena,Judaíca,Centro,Casado,Com pais ou responsáveis,<1,9603,Relações Públicas,4,Não,Baixa,Moderada,Moderada,E-mail,A forma como a notícia é apresentada
659,Vanessa,C,55-64,Masculino,Outro,Prefiro não dizer,Judaíca,Extrema Direita,Separado,Com parceiro e/ou filhos,>10,5964,Publicidade e Propaganda,7,Não são diferentes,Baixa,Baixa,Baixa,Redes Sociais,Outro
660,Jonathan,B,55-64,Outro,Outro,Prefiro não dizer,Ateu,Esquerda,Casado,Com parceiro e/ou filhos,1-3,6954,Jornalismo,1,Não são diferentes,Alta,Alta,Baixa,Aplicativos de mensagem,Confiança excessiva em fontes duvidosas
661,Ana,A,18-24,Feminino,Transgênero,Indígena,Judaíca,Direita,Divorciado,Com parceiro e/ou filhos,1-3,9805,Publicidade e Propaganda,6,Não,Baixa,Alta,Moderada,E-mail,Quando a manchete chama muita atenção
662,Rayane,C,45-54,Masculino,Não binário,Indígena,Ateu,Centro,Solteiro,Outro,4-6,9160,Jornalismo,3,Não,Moderada,Moderada,Moderada,E-mail,Quando a manchete chama muita atenção
663,Ana,C,65+,Outro,Não binário,Amarela,Católica,Centro Esquerda,Divorciado,Outro,1-3,7022,Relações Públicas,7,Não são diferentes,Alta,Moderada,Baixa,Outro,Outro
664,Thiago,A,45-54,Outro,Cisgênero,Parda,Evangélica,Centro Esquerda,Separado,Com pais ou responsáveis,>10,7694,Outro,2,"Sim, porém pouco",Moderada,Alta,Baixa,Aplicativos de mensagem,Ausência das agências de checagem
665,Jonathan,B,25-34,Masculino,Prefiro não dizer,Parda,Judaíca,Não se interessa,Divorciado,Sozinho,4-6,9377,Relações Públicas,1,"Sim, porém pouco",Baixa,Moderada,Baixa,E-mail,As pessoas acreditam em notícias que lhes convêm
666,Marcos,A,25-34,Outro,Outro,Branca,Judaíca,Direita,Casado,Com pais ou responsáveis,<1,9376,Relações Públicas,5,Não sei,Baixa,Baixa,Moderada,E-mail,Compartilhando por familiares e amigos
667,Rayane,D,25-34,Outro,Transgênero,Amarela,Espírita,Não se interessa,Solteiro,Outro,1-3,8039,Outro,4,Não sei,Alta,Baixa,Baixa,Outro,Compartilhamento por influenciadores
668,Jonathan,B,65+,Outro,Outro,Prefiro não dizer,Judaíca,Centro Esquerda,Separado,Com amigos,4-6,8310,Outro,4,"Sim, muito diferentes",Alta,Baixa,Moderada,Outro,Quando a manchete chama muita atenção
669,Lucas,C,18-24,Masculino,Prefiro não dizer,Prefiro não dizer,Católica,Centro,Casado,Com amigos,7-10,7881,Cinema e Audiovisual,4,"Sim, porém pouco",Moderada,Alta,Baixa,Portais de notícias,Desinformação
670,Amanda,D,18-24,Feminino,Prefiro não dizer,Amarela,Católica,Direita,Casado,Com parceiro e/ou filhos,4-6,9604,Relações Públicas,5,"Sim, muito diferentes",Baixa,Baixa,Alta,E-mail,Desinformação
671,Rayane,D,65+,Feminino,Não binário,Indígena,Judaíca,Não se interessa,Divorciado,Com pais ou responsáveis,>10,8673,Jornalismo,7,"Sim, porém pouco",Alta,Alta,Alta,E-mail,Compartilhando por familiares e amigos
672,Ana,E,45-54,Outro,Outro,Preta,Espírita,Não se interessa,Separado,Outro,7-10,7196,Outro,1,"Sim, muito diferentes",Moderada,Baixa,Baixa,Outro,Quando a manchete chama muita atenção
673,Gabriel,E,18-24,Feminino,Prefiro não dizer,Prefiro não dizer,Evangélica,Centro,Divorciado,Com parceiro e/ou filhos,<1,9862,Jornalismo,8,Não sei,Moderada,Baixa,Moderada,Televisão e/ou Rádio,Confiança excessiva em fontes duvidosas
674,Ysadora,B,45-54,Feminino,Não binário,Branca,Judaíca,Extrema Direita,Separado,Com pais ou responsáveis,4-6,7931,Publicidade e Propaganda,6,Não,Moderada,Alta,Alta,Televisão e/ou Rádio,Compartilhamento por influenciadores
675,Gabriel,B,65+,Masculino,Transgênero,Preta,Ateu,Centro,Divorciado,Com amigos,1-3,6934,Cinema e Audiovisual,8,"Sim, porém pouco",Baixa,Moderada,Baixa,Redes Sociais,Polarização
676,Amanda,C,18-24,Outro,Cisgênero,Preta,Espírita,Esquerda,Solteiro,Sozinho,7-10,8934,Cinema e Audiovisual,3,"Sim, porém pouco",Baixa,Alta,Baixa,E-mail,Outro
677,Marcos,C,<18,Feminino,Não binário,Indígena,Espírita,Não se interessa,Casado,Com pais ou responsáveis,<1,8535,Publicidade e Propaganda,7,"Sim, muito diferentes",Moderada,Alta,Moderada,E-mail,A forma como a notícia é apresentada
678,Amanda,D,25-34,Masculino,Transgênero,Parda,Católica,Centro Esquerda,Viúvo,Sozinho,<1,9499,Cinema e Audiovisual,1,Não sei,Alta,Baixa,Alta,Aplicativos de mensagem,As pessoas acreditam em notícias que lhes convêm
679,Rayane,C,18-24,Masculino,Não binário,Prefiro não dizer,Ateu,Centro Direita,Casado,Outro,<1,9233,Outro,4,"Sim, muito diferentes",Moderada,Alta,Baixa,Televisão e/ou Rádio,Quando a manchete chama muita atenção
680,Talita,A,55-64,Masculino,Prefiro não dizer,Preta,Outras,Extrema Direita,Divorciado,Com parceiro e/ou filhos,7-10,7313,Jornalismo,3,Não são diferentes,Alta,Baixa,Alta,Televisão e/ou Rádio,As pessoas acreditam em notícias que lhes convêm
681,Francielly,B,25-34,Masculino,Transgênero,Amarela,Agnóstico,Centro Esquerda,Solteiro,Com amigos,<1,9889,Jornalismo,8,"Sim, muito diferentes",Alta,Alta,Moderada,Redes Sociais,Polarização
682,Maria,A,<18,Masculino,Cisgênero,Prefiro não dizer,Espírita,Direita,Casado,Com parceiro e/ou filhos,>10,8203,Jornalismo,1,Não sei,Baixa,Moderada,Moderada,Redes Sociais,Desinformação
683,Jonathan,B,<18,Masculino,Prefiro não dizer,Indígena,Outras,Extrema Esquerda,Separado,Com pais ou responsáveis,>10,9533,Relações Públicas,5,"Sim, muito diferentes",Baixa,Baixa,Alta,Redes Sociais,Compartilhando por familiares e amigos
684,Ana,B,<18,Feminino,Transgênero,Parda,Ateu,Centro Direita,Prefiro não dizer,Outro,7-10,7479,Outro,7,Não sei,Moderada,Alta,Alta,Outro,Confiança excessiva em fontes duvidosas
685,Jonathan,D,18-24,Masculino,Cisgênero,Parda,Católica,Centro,Prefiro não dizer,Sozinho,<1,8193,Publicidade e Propaganda,3,Não são diferentes,Moderada,Alta,Moderada,Redes Sociais,Compartilhando por familiares e amigos
686,Lucas,D,18-24,Masculino,Prefiro não dizer,Amarela,Católica,Centro Esquerda,Solteiro,Sozinho,1-3,6834,Relações Públicas,1,"Sim, muito diferentes",Alta,Baixa,Baixa,E-mail,As pessoas acreditam em notícias que lhes convêm
687,Amanda,C,<18,Outro,Outro,Amarela,Judaíca,Extrema Esquerda,Viúvo,Com pais ou responsáveis,1-3,7044,Relações Públicas,2,Não,Alta,Moderada,Baixa,Aplicativos de mensagem,Desinformação
688,Marcos,B,18-24,Masculino,Cisgênero,Prefiro não dizer,Ateu,Direita,Viúvo,Com pais ou responsáveis,<1,7530,Publicidade e Propaganda,5,"Sim, porém pouco",Moderada,Moderada,Moderada,Outro,Outro
689,Amanda,E,18-24,Outro,Outro,Indígena,Ateu,Esquerda,Divorciado,Com parceiro e/ou filhos,>10,8243,Publicidade e Propaganda,3,Não são diferentes,Baixa,Moderada,Moderada,Aplicativos de mensagem,Compartilhando por familiares e amigos
690,Thiago,C,18-24,Masculino,Não binário,Branca,Ateu,Centro Direita,Solteiro,Com amigos,7-10,5177,Cinema e Audiovisual,4,Não são diferentes,Baixa,Moderada,Baixa,Outro,Compartilhando por familiares e amigos
691,Jonathan,C,35-44,Feminino,Não binário,Preta,Católica,Centro Direita,Casado,Sozinho,7-10,5423,Jornalismo,3,Não sei,Moderada,Baixa,Alta,Portais de notícias,As pessoas acreditam em notícias que lhes convêm
692,Ana,B,25-34,Outro,Cisgênero,Prefiro não dizer,Judaíca,Centro,Prefiro não dizer,Outro,7-10,9567,Outro,7,"Sim, muito diferentes",Alta,Baixa,Alta,Portais de notícias,Compartilhamento por influenciadores
693,Ysadora,C,65+,Feminino,Cisgênero,Parda,Ateu,Centro Direita,Solteiro,Outro,>10,5005,Jornalismo,4,Não sei,Moderada,Moderada,Alta,Portais de notícias,Quando a manchete chama muita atenção
694,Jonathan,E,45-54,Masculino,Transgênero,Preta,Ateu,Centro,Solteiro,Sozinho,<1,8245,Cinema e Audiovisual,1,Não são diferentes,Alta,Alta,Moderada,E-mail,Desinformação
695,Gabriel,A,55-64,Feminino,Transgênero,Indígena,Espírita,Centro Esquerda,Divorciado,Com amigos,4-6,7539,Jornalismo,3,Não sei,Moderada,Baixa,Alta,Aplicativos de mensagem,Desinformação
696,Talita,E,55-64,Feminino,Cisgênero,Amarela,Católica,Centro,Separado,Com amigos,<1,9084,Outro,8,"Sim, muito diferentes",Moderada,Moderada,Baixa,Aplicativos de mensagem,A forma como a notícia é apresentada
697,Maria,B,18-24,Feminino,Cisgênero,Branca,Outras,Direita,Viúvo,Outro,>10,8916,Outro,8,"Sim, porém pouco",Moderada,Moderada,Moderada,Aplicativos de mensagem,As pessoas acreditam em notícias que lhes convêm
698,Marcos,D,35-44,Outro,Cisgênero,Preta,Evangélica,Centro Esquerda,Viúvo,Com pais ou responsáveis,4-6,8235,Outro,7,Não são diferentes,Baixa,Moderada,Alta,Aplicativos de mensagem,Desinformação
699,Maria,E,65+,Feminino,Cisgênero,Prefiro não dizer,Espírita,Direita,Solteiro,Outro,<1,5519,Jornalismo,3,Não são diferentes,Alta,Moderada,Baixa,Televisão e/ou Rádio,Desinformação
700,Lucas,B,35-44,Feminino,Não binário,Preta,Outras,Centro Esquerda,Casado,Sozinho,7-10,9387,Publicidade e Propaganda,7,Não são diferentes,Alta,Moderada,Baixa,Televisão e/ou Rádio,Quando a manchete chama muita atenção
701,Gabriel,B,45-54,Outro,Não binário,Indígena,Católica,Extrema Direita,Prefiro não dizer,Com pais ou responsáveis,>10,9900,Outro,7,Não,Moderada,Alta,Baixa,Outro,Compartilhando por familiares e amigos
702,Ana,C,<18,Masculino,Outro,Prefiro não dizer,Evangélica,Não se interessa,Solteiro,Com parceiro e/ou filhos,4-6,6725,Jornalismo,4,"Sim, porém pouco",Moderada,Alta,Alta,Televisão e/ou Rádio,Confiança excessiva em fontes duvidosas
703,Ana,A,45-54,Feminino,Outro,Prefiro não dizer,Espírita,Não se interessa,Casado,Com pais ou responsáveis,>10,9792,Publicidade e Propaganda,8,"Sim, muito diferentes",Moderada,Moderada,Moderada,E-mail,Ausência das agências de checagem
704,Ana,B,18-24,Outro,Não binário,Amarela,Outras,Extrema Direita,Casado,Outro,<1,9313,Cinema e Audiovisual,7,Não são diferentes,Baixa,Moderada,Moderada,Aplicativos de mensagem,Desinformação
705,Amanda,C,55-64,Outro,Não binário,Branca,Evangélica,Extrema Esquerda,Divorciado,Com amigos,4-6,9351,Cinema e Audiovisual,2,Não são diferentes,Moderada,Alta,Alta,Redes Sociais,Outro
706,Ysadora,E,45-54,Outro,Não binário,Prefiro não dizer,Agnóstico,Extrema Direita,Prefiro não dizer,Com pais ou responsáveis,4-6,9804,Jornalismo,2,Não,Baixa,Moderada,Alta,Portais de notícias,As pessoas acreditam em notícias que lhes convêm
707,Ysadora,E,45-54,Masculino,Transgênero,Parda,Judaíca,Direita,Solteiro,Com parceiro e/ou filhos,7-10,5833,Outro,7,"Sim, muito diferentes",Moderada,Baixa,Moderada,Portais de notícias,Compartilhando por familiares e amigos
708,Vanessa,C,45-54,Masculino,Não binário,Branca,Ateu,Extrema Direita,Solteiro,Outro,<1,5784,Cinema e Audiovisual,4,Não sei,Alta,Alta,Moderada,Portais de notícias,As pessoas acreditam em notícias que lhes convêm
709,Maria,E,45-54,Feminino,Prefiro não dizer,Prefiro não dizer,Evangélica,Extrema Esquerda,Solteiro,Outro,<1,8700,Outro,5,Não sei,Baixa,Alta,Baixa,Portais de notícias,Desinformação
710,Ana,B,65+,Masculino,Outro,Prefiro não dizer,Outras,Extrema Esquerda,Divorciado,Com parceiro e/ou filhos,1-3,5081,Jornalismo,7,Não,Alta,Baixa,Baixa,Redes Sociais,Desinformação
711,Amanda,B,<18,Masculino,Prefiro não dizer,Amarela,Agnóstico,Não se interessa,Solteiro,Com amigos,4-6,8324,Cinema e Audiovisual,6,Não,Moderada,Moderada,Moderada,E-mail,Polarização
712,Thiago,E,<18,Outro,Outro,Parda,Agnóstico,Direita,Viúvo,Com amigos,>10,6738,Outro,8,"Sim, muito diferentes",Alta,Baixa,Baixa,Aplicativos de mensagem,Compartilhamento por influenciadores
713,Thiago,E,65+,Outro,Cisgênero,Prefiro não dizer,Judaíca,Centro Esquerda,Solteiro,Outro,7-10,8655,Cinema e Audiovisual,8,"Sim, muito diferentes",Moderada,Baixa,Baixa,E-mail,Polarização
714,Francielly,A,45-54,Masculino,Não binário,Parda,Outras,Centro Direita,Solteiro,Outro,>10,8565,Publicidade e Propaganda,6,Não são diferentes,Alta,Moderada,Moderada,Redes Sociais,A forma como a notícia é apresentada
715,Gabriel,A,25-34,Outro,Transgênero,Preta,Evangélica,Não se interessa,Casado,Outro,>10,8125,Relações Públicas,1,Não,Alta,Baixa,Moderada,Portais de notícias,Polarização
716,Marcos,B,18-24,Outro,Outro,Amarela,Evangélica,Centro Direita,Divorciado,Com parceiro e/ou filhos,<1,8156,Relações Públicas,3,Não sei,Alta,Moderada,Baixa,Portais de notícias,As pessoas acreditam em notícias que lhes convêm
717,Amanda,B,65+,Masculino,Outro,Indígena,Católica,Direita,Divorciado,Com parceiro e/ou filhos,7-10,6872,Relações Públicas,3,Não,Baixa,Alta,Alta,Redes Sociais,Quando a manchete chama muita atenção
718,Ana,A,<18,Feminino,Prefiro não dizer,Indígena,Ateu,Centro Direita,Casado,Com amigos,<1,5819,Outro,5,Não são diferentes,Alta,Baixa,Baixa,Aplicativos de mensagem,Confiança excessiva em fontes duvidosas
719,Gabriel,C,25-34,Feminino,Cisgênero,Amarela,Agnóstico,Esquerda,Prefiro não dizer,Sozinho,>10,6575,Publicidade e Propaganda,1,Não são diferentes,Alta,Baixa,Moderada,Aplicativos de mensagem,Desinformação
720,Thiago,E,18-24,Feminino,Não binário,Parda,Espírita,Extrema Direita,Solteiro,Com amigos,4-6,9885,Publicidade e Propaganda,1,"Sim, porém pouco",Moderada,Moderada,Baixa,Redes Sociais,Desinformação
721,Talita,C,65+,Feminino,Prefiro não dizer,Branca,Outras,Centro Direita,Viúvo,Com pais ou responsáveis,4-6,8915,Publicidade e Propaganda,7,Não são diferentes,Moderada,Baixa,Baixa,Portais de notícias,Desinformação
722,Ana,A,18-24,Outro,Outro,Prefiro não dizer,Outras,Esquerda,Separado,Com parceiro e/ou filhos,>10,6177,Relações Públicas,3,"Sim, muito diferentes",Alta,Baixa,Moderada,Outro,Outro
723,Maria,E,45-54,Masculino,Transgênero,Parda,Evangélica,Centro,Casado,Com amigos,7-10,8263,Outro,6,"Sim, porém pouco",Baixa,Baixa,Alta,E-mail,As pessoas acreditam em notícias que lhes convêm
724,Amanda,E,55-64,Masculino,Outro,Preta,Outras,Centro Esquerda,Separado,Com parceiro e/ou filhos,<1,5546,Jornalismo,8,"Sim, muito diferentes",Moderada,Alta,Moderada,Outro,Outro
725,Vanessa,D,65+,Outro,Não binário,Branca,Judaíca,Centro Esquerda,Casado,Com amigos,1-3,5977,Publicidade e Propaganda,1,Não,Baixa,Moderada,Alta,Redes Sociais,Compartilhamento por influenciadores
726,Lucas,B,<18,Outro,Prefiro não dizer,Preta,Espírita,Não se interessa,Separado,Outro,1-3,5848,Outro,8,"Sim, muito diferentes",Moderada,Alta,Baixa,E-mail,Confiança excessiva em fontes duvidosas
727,Gabriel,D,35-44,Outro,Cisgênero,Amarela,Ateu,Extrema Direita,Separado,Outro,>10,9826,Relações Públicas,2,"Sim, porém pouco",Baixa,Alta,Alta,Aplicativos de mensagem,Polarização
728,Talita,D,<18,Outro,Prefiro não dizer,Preta,Ateu,Esquerda,Solteiro,Com pais ou responsáveis,4-6,9017,Relações Públicas,4,"Sim, muito diferentes",Moderada,Moderada,Baixa,E-mail,Compartilhando por familiares e amigos
729,Francielly,C,65+,Outro,Outro,Amarela,Ateu,Centro Direita,Casado,Com amigos,<1,6424,Outro,6,Não,Baixa,Baixa,Moderada,E-mail,Ausência das agências de checagem
730,Ana,D,25-34,Masculino,Cisgênero,Branca,Agnóstico,Centro Esquerda,Prefiro não dizer,Com amigos,>10,9823,Jornalismo,2,Não sei,Moderada,Baixa,Moderada,Televisão e/ou Rádio,Quando a manchete chama muita atenção
731,Amanda,D,25-34,Outro,Transgênero,Amarela,Espírita,Extrema Esquerda,Solteiro,Outro,7-10,6212,Jornalismo,8,Não,Moderada,Alta,Moderada,Redes Sociais,Ausência das agências de checagem
732,Ana,E,18-24,Masculino,Transgênero,Branca,Agnóstico,Esquerda,Divorciado,Com parceiro e/ou filhos,>10,6684,Publicidade e Propaganda,3,Não,Moderada,Alta,Moderada,Outro,As pessoas acreditam em notícias que lhes convêm
733,Lucas,D,25-34,Outro,Transgênero,Parda,Espírita,Extrema Esquerda,Separado,Com amigos,1-3,5879,Publicidade e Propaganda,3,Não,Baixa,Alta,Moderada,E-mail,A forma como a notícia é apresentada
734,Francielly,B,45-54,Feminino,Não binário,Preta,Católica,Extrema Direita,Solteiro,Sozinho,4-6,7269,Cinema e Audiovisual,4,"Sim, muito diferentes",Alta,Moderada,Moderada,Aplicativos de mensagem,Desinformação
735,Thiago,D,45-54,Masculino,Outro,Preta,Judaíca,Centro Esquerda,Solteiro,Outro,7-10,8015,Outro,5,"Sim, muito diferentes",Alta,Moderada,Baixa,Portais de notícias,Compartilhando por familiares e amigos
736,Talita,D,<18,Outro,Transgênero,Indígena,Ateu,Centro,Separado,Com parceiro e/ou filhos,>10,7549,Outro,7,Não sei,Moderada,Alta,Alta,E-mail,A forma como a notícia é apresentada
737,Thiago,C,55-64,Outro,Cisgênero,Amarela,Ateu,Centro Esquerda,Divorciado,Com parceiro e/ou filhos,4-6,9193,Relações Públicas,2,Não são diferentes,Moderada,Baixa,Moderada,Redes Sociais,Desinformação
738,Amanda,B,45-54,Outro,Prefiro não dizer,Preta,Espírita,Centro,Viúvo,Com parceiro e/ou filhos,>10,9728,Publicidade e Propaganda,3,"Sim, muito diferentes",Alta,Alta,Baixa,Redes Sociais,Outro
739,Gabriel,D,35-44,Masculino,Outro,Prefiro não dizer,Católica,Centro,Separado,Sozinho,1-3,6332,Outro,2,Não sei,Alta,Alta,Alta,Televisão e/ou Rádio,Confiança excessiva em fontes duvidosas
740,Talita,D,65+,Feminino,Transgênero,Amarela,Judaíca,Extrema Direita,Solteiro,Sozinho,4-6,9874,Publicidade e Propaganda,1,Não são diferentes,Alta,Alta,Alta,Redes Sociais,As pessoas acreditam em notícias que lhes convêm
741,Maria,C,55-64,Outro,Cisgênero,Amarela,Agnóstico,Extrema Direita,Prefiro não dizer,Sozinho,1-3,9534,Relações Públicas,6,Não,Baixa,Moderada,Alta,Redes Sociais,Compartilhando por familiares e amigos
742,Thiago,B,25-34,Masculino,Cisgênero,Indígena,Outras,Esquerda,Casado,Com parceiro e/ou filhos,<1,8521,Cinema e Audiovisual,2,Não,Alta,Baixa,Moderada,Portais de notícias,Desinformação
743,Vanessa,C,18-24,Feminino,Transgênero,Amarela,Evangélica,Extrema Direita,Solteiro,Com amigos,4-6,5426,Cinema e Audiovisual,2,"Sim, porém pouco",Baixa,Baixa,Baixa,Televisão e/ou Rádio,Desinformação
744,Marcos,B,35-44,Masculino,Não binário,Prefiro não dizer,Católica,Não se interessa,Viúvo,Com parceiro e/ou filhos,>10,5641,Cinema e Audiovisual,2,Não são diferentes,Moderada,Baixa,Alta,Portais de notícias,As pessoas acreditam em notícias que lhes convêm
745,Maria,D,<18,Masculino,Transgênero,Amarela,Evangélica,Centro Direita,Divorciado,Com amigos,4-6,9230,Relações Públicas,6,Não sei,Baixa,Baixa,Alta,Televisão e/ou Rádio,Polarização
746,Amanda,A,45-54,Masculino,Outro,Prefiro não dizer,Judaíca,Centro Esquerda,Casado,Com pais ou responsáveis,7-10,8209,Publicidade e Propaganda,1,Não sei,Alta,Moderada,Baixa,Redes Sociais,Ausência das agências de checagem
747,Vanessa,E,45-54,Feminino,Não binário,Parda,Agnóstico,Centro,Divorciado,Com amigos,<1,5041,Publicidade e Propaganda,4,Não,Baixa,Moderada,Alta,E-mail,A forma como a notícia é apresentada
748,Francielly,A,35-44,Outro,Outro,Indígena,Outras,Centro Esquerda,Viúvo,Com amigos,1-3,6010,Publicidade e Propaganda,1,"Sim, muito diferentes",Baixa,Baixa,Alta,Redes Sociais,Outro
749,Thiago,D,65+,Outro,Cisgênero,Indígena,Evangélica,Esquerda,Separado,Sozinho,<1,8226,Jornalismo,3,"Sim, muito diferentes",Alta,Moderada,Moderada,E-mail,A forma como a notícia é apresentada
750,Maria,B,35-44,Outro,Outro,Indígena,Agnóstico,Extrema Esquerda,Separado,Outro,<1,6633,Cinema e Audiovisual,2,Não são diferentes,Alta,Alta,Moderada,Portais de notícias,Outro
751,Francielly,C,55-64,Feminino,Outro,Indígena,Judaíca,Extrema Esquerda,Solteiro,Outro,7-10,9141,Cinema e Audiovisual,5,Não sei,Alta,Alta,Moderada,Portais de notícias,Compartilhamento por influenciadores
752,Jonathan,B,35-44,Outro,Cisgênero,Amarela,Outras,Esquerda,Prefiro não dizer,Sozinho,7-10,9284,Relações Públicas,1,"Sim, porém pouco",Alta,Moderada,Moderada,Outro,Ausência das agências de checagem
753,Ana,A,<18,Feminino,Cisgênero,Branca,Outras,Extrema Esquerda,Casado,Sozinho,<1,9750,Relações Públicas,7,Não são diferentes,Baixa,Baixa,Baixa,E-mail,A forma como a notícia é apresentada
754,Marcos,B,<18,Outro,Não binário,Prefiro não dizer,Ateu,Centro Esquerda,Separado,Sozinho,7-10,9563,Cinema e Audiovisual,1,"Sim, porém pouco",Alta,Baixa,Baixa,Portais de notícias,Desinformação
755,Francielly,E,<18,Feminino,Outro,Amarela,Evangélica,Extrema Direita,Divorciado,Sozinho,4-6,8964,Outro,6,Não,Moderada,Alta,Moderada,E-mail,Outro
756,Lucas,B,35-44,Masculino,Outro,Prefiro não dizer,Outras,Centro,Prefiro não dizer,Sozinho,7-10,7184,Outro,7,Não,Baixa,Baixa,Baixa,Outro,Compartilhando por familiares e amigos
757,Marcos,C,55-64,Outro,Cisgênero,Branca,Espírita,Extrema Direita,Separado,Com pais ou responsáveis,>10,6248,Relações Públicas,6,Não,Alta,Moderada,Alta,Redes Sociais,As pessoas acreditam em notícias que lhes convêm
758,Rayane,E,18-24,Masculino,Não binário,Indígena,Ateu,Não se interessa,Divorciado,Sozinho,1-3,9747,Outro,3,Não sei,Alta,Baixa,Baixa,E-mail,A forma como a notícia é apresentada
759,Thiago,B,25-34,Feminino,Prefiro não dizer,Parda,Ateu,Centro Esquerda,Solteiro,Com amigos,1-3,6774,Cinema e Audiovisual,3,Não são diferentes,Alta,Baixa,Alta,Portais de notícias,Compartilhamento por influenciadores
760,Francielly,C,35-44,Masculino,Não binário,Indígena,Evangélica,Direita,Viúvo,Com parceiro e/ou filhos,<1,8111,Relações Públicas,4,"Sim, muito diferentes",Baixa,Baixa,Alta,Televisão e/ou Rádio,Confiança excessiva em fontes duvidosas
761,Amanda,B,55-64,Masculino,Outro,Prefiro não dizer,Ateu,Centro Direita,Viúvo,Com parceiro e/ou filhos,1-3,8980,Relações Públicas,3,"Sim, muito diferentes",Moderada,Baixa,Alta,Portais de notícias,As pessoas acreditam em notícias que lhes convêm
762,Vanessa,B,18-24,Feminino,Outro,Preta,Agnóstico,Centro,Viúvo,Sozinho,4-6,7612,Relações Públicas,7,"Sim, muito diferentes",Moderada,Alta,Moderada,Portais de notícias,As pessoas acreditam em notícias que lhes convêm
763,Gabriel,A,65+,Feminino,Cisgênero,Indígena,Ateu,Centro,Separado,Com pais ou responsáveis,>10,5047,Jornalismo,6,Não,Moderada,Alta,Baixa,Televisão e/ou Rádio,Outro
764,Amanda,E,18-24,Feminino,Prefiro não dizer,Indígena,Espírita,Centro,Solteiro,Sozinho,4-6,9609,Publicidade e Propaganda,2,"Sim, porém pouco",Baixa,Moderada,Alta,Portais de notícias,Desinformação
765,Rayane,D,<18,Feminino,Não binário,Parda,Ateu,Extrema Direita,Casado,Com pais ou responsáveis,>10,9367,Cinema e Audiovisual,3,"Sim, porém pouco",Baixa,Baixa,Moderada,Redes Sociais,Quando a manchete chama muita atenção
766,Thiago,E,18-24,Outro,Não binário,Branca,Católica,Não se interessa,Viúvo,Outro,4-6,6068,Publicidade e Propaganda,5,Não,Moderada,Alta,Baixa,Aplicativos de mensagem,Confiança excessiva em fontes duvidosas
767,Lucas,B,55-64,Feminino,Transgênero,Indígena,Ateu,Centro,Casado,Com pais ou responsáveis,>10,6731,Publicidade e Propaganda,2,"Sim, muito diferentes",Baixa,Baixa,Alta,E-mail,Compartilhando por familiares e amigos
768,Lucas,D,35-44,Feminino,Prefiro não dizer,Branca,Espírita,Centro Direita,Casado,Com amigos,>10,9246,Jornalismo,3,Não,Moderada,Baixa,Baixa,Redes Sociais,Compartilhamento por influenciadores
769,Amanda,A,65+,Feminino,Transgênero,Branca,Espírita,Centro Direita,Casado,Com pais ou responsáveis,7-10,8121,Outro,7,"Sim, porém pouco",Baixa,Moderada,Baixa,Portais de notícias,Polarização
770,Vanessa,E,55-64,Feminino,Outro,Preta,Evangélica,Extrema Direita,Divorciado,Com amigos,1-3,7290,Jornalismo,7,Não sei,Baixa,Alta,Baixa,E-mail,Compartilhando por familiares e amigos
771,Ysadora,E,45-54,Outro,Prefiro não dizer,Amarela,Ateu,Esquerda,Casado,Com amigos,4-6,7693,Outro,8,Não são diferentes,Alta,Baixa,Alta,Outro,Desinformação
772,Rayane,C,<18,Outro,Outro,Amarela,Espírita,Extrema Direita,Divorciado,Outro,1-3,7249,Cinema e Audiovisual,8,"Sim, porém pouco",Alta,Baixa,Moderada,E-mail,Quando a manchete chama muita atenção
773,Talita,B,35-44,Feminino,Prefiro não dizer,Prefiro não dizer,Católica,Extrema Esquerda,Separado,Outro,>10,6738,Publicidade e Propaganda,3,Não são diferentes,Moderada,Alta,Moderada,Televisão e/ou Rádio,Ausência das agências de checagem
774,Rayane,D,55-64,Outro,Não binário,Preta,Evangélica,Centro,Solteiro,Com parceiro e/ou filhos,4-6,5498,Outro,4,Não são diferentes,Baixa,Alta,Moderada,E-mail,As pessoas acreditam em notícias que lhes convêm
775,Thiago,A,<18,Outro,Prefiro não dizer,Amarela,Ateu,Centro Direita,Casado,Com pais ou responsáveis,7-10,7368,Jornalismo,6,"Sim, muito diferentes",Baixa,Baixa,Alta,Redes Sociais,As pessoas acreditam em notícias que lhes convêm
776,Maria,E,55-64,Masculino,Não binário,Amarela,Espírita,Não se interessa,Divorciado,Com pais ou responsáveis,<1,9009,Publicidade e Propaganda,2,"Sim, muito diferentes",Baixa,Baixa,Moderada,Outro,Outro
777,Ana,E,25-34,Feminino,Outro,Preta,Judaíca,Centro Esquerda,Prefiro não dizer,Sozinho,>10,7849,Cinema e Audiovisual,5,"Sim, porém pouco",Baixa,Baixa,Moderada,E-mail,Confiança excessiva em fontes duvidosas
778,Francielly,D,35-44,Outro,Transgênero,Branca,Outras,Direita,Casado,Com parceiro e/ou filhos,>10,6625,Publicidade e Propaganda,4,Não sei,Moderada,Moderada,Baixa,Aplicativos de mensagem,Polarização
779,Jonathan,D,18-24,Feminino,Não binário,Prefiro não dizer,Ateu,Extrema Esquerda,Divorciado,Sozinho,7-10,5994,Jornalismo,2,"Sim, porém pouco",Baixa,Baixa,Moderada,Outro,Polarização
780,Ysadora,A,18-24,Outro,Transgênero,Parda,Católica,Centro Direita,Casado,Com parceiro e/ou filhos,>10,6433,Publicidade e Propaganda,6,"Sim, muito diferentes",Baixa,Moderada,Alta,Outro,A forma como a notícia é apresentada
781,Jonathan,D,55-64,Masculino,Transgênero,Branca,Outras,Esquerda,Casado,Com parceiro e/ou filhos,4-6,9093,Cinema e Audiovisual,2,"Sim, porém pouco",Alta,Moderada,Alta,Outro,Quando a manchete chama muita atenção
782,Talita,D,25-34,Outro,Cisgênero,Preta,Espírita,Extrema Direita,Viúvo,Sozinho,<1,5804,Jornalismo,2,"Sim, porém pouco",Alta,Moderada,Alta,Aplicativos de mensagem,Compartilhando por familiares e amigos
783,Ysadora,D,45-54,Outro,Transgênero,Preta,Evangélica,Não se interessa,Viúvo,Com amigos,1-3,7750,Relações Públicas,4,Não sei,Alta,Moderada,Moderada,E-mail,Quando a manchete chama muita atenção
784,Ana,E,45-54,Feminino,Outro,Parda,Ateu,Extrema Esquerda,Solteiro,Com amigos,>10,9147,Relações Públicas,6,Não são diferentes,Baixa,Alta,Alta,E-mail,Confiança excessiva em fontes duvidosas
785,Vanessa,A,18-24,Outro,Não binário,Prefiro não dizer,Ateu,Extrema Esquerda,Divorciado,Com parceiro e/ou filhos,>10,9375,Outro,4,Não são diferentes,Baixa,Moderada,Baixa,Portais de notícias,A forma como a notícia é apresentada
786,Ysadora,E,18-24,Outro,Transgênero,Amarela,Judaíca,Centro Esquerda,Casado,Com amigos,4-6,7665,Cinema e Audiovisual,4,Não sei,Moderada,Baixa,Alta,Aplicativos de mensagem,Ausência das agências de checagem
787,Gabriel,E,55-64,Masculino,Não binário,Branca,Espírita,Centro Direita,Prefiro não dizer,Sozinho,4-6,7283,Cinema e Audiovisual,1,Não sei,Moderada,Moderada,Alta,Redes Sociais,Quando a manchete chama muita atenção
788,Vanessa,A,18-24,Outro,Não binário,Branca,Evangélica,Esquerda,Separado,Sozinho,7-10,5455,Relações Públicas,5,"Sim, porém pouco",Baixa,Alta,Baixa,Redes Sociais,Compartilhando por familiares e amigos
789,Francielly,E,<18,Masculino,Transgênero,Indígena,Evangélica,Extrema Direita,Prefiro não dizer,Com pais ou responsáveis,7-10,6984,Cinema e Audiovisual,4,"Sim, porém pouco",Baixa,Alta,Alta,E-mail,Quando a manchete chama muita atenção
790,Thiago,D,65+,Feminino,Não binário,Preta,Ateu,Centro Direita,Casado,Outro,1-3,6004,Outro,8,"Sim, muito diferentes",Moderada,Baixa,Baixa,Redes Sociais,Polarização
791,Vanessa,A,18-24,Feminino,Não binário,Amarela,Judaíca,Esquerda,Viúvo,Com parceiro e/ou filhos,7-10,7427,Outro,6,Não,Moderada,Baixa,Alta,Portais de notícias,A forma como a notícia é apresentada
792,Gabriel,B,35-44,Outro,Não binário,Branca,Espírita,Centro Esquerda,Viúvo,Com pais ou responsáveis,<1,6458,Cinema e Audiovisual,3,"Sim, muito diferentes",Alta,Moderada,Moderada,Redes Sociais,Ausência das agências de checagem
793,Rayane,E,45-54,Masculino,Cisgênero,Parda,Espírita,Esquerda,Separado,Com amigos,>10,7836,Relações Públicas,7,"Sim, porém pouco",Moderada,Alta,Moderada,Portais de notícias,As pessoas acreditam em notícias que lhes convêm
794,Rayane,C,25-34,Masculino,Prefiro não dizer,Branca,Espírita,Centro,Casado,Sozinho,7-10,5897,Outro,2,Não são diferentes,Baixa,Alta,Moderada,Televisão e/ou Rádio,Compartilhamento por influenciadores
795,Gabriel,C,<18,Outro,Prefiro não dizer,Indígena,Outras,Direita,Divorciado,Com parceiro e/ou filhos,4-6,9723,Outro,3,"Sim, porém pouco",Alta,Baixa,Moderada,Outro,Polarização
796,Maria,D,55-64,Masculino,Prefiro não dizer,Parda,Espírita,Centro Direita,Divorciado,Com amigos,7-10,9454,Jornalismo,1,"Sim, porém pouco",Baixa,Alta,Baixa,Aplicativos de mensagem,Outro
797,Thiago,B,25-34,Masculino,Transgênero,Parda,Judaíca,Centro Direita,Solteiro,Com pais ou responsáveis,>10,7618,Jornalismo,6,"Sim, porém pouco",Baixa,Moderada,Baixa,Portais de notícias,Confiança excessiva em fontes duvidosas
798,Gabriel,B,45-54,Outro,Outro,Prefiro não dizer,Judaíca,Direita,Solteiro,Com pais ou responsáveis,<1,5796,Publicidade e Propaganda,6,"Sim, porém pouco",Baixa,Alta,Moderada,Outro,As pessoas acreditam em notícias que lhes convêm
799,Francielly,C,18-24,Feminino,Cisgênero,Prefiro não dizer,Outras,Centro Esquerda,Solteiro,Com pais ou responsáveis,>10,8011,Jornalismo,2,"Sim, porém pouco",Moderada,Moderada,Alta,Redes Sociais,Outro
800,Vanessa,C,35-44,Outro,Prefiro não dizer,Indígena,Católica,Extrema Direita,Viúvo,Sozinho,7-10,6273,Outro,3,"Sim, muito diferentes",Baixa,Alta,Alta,E-mail,Quando a manchete chama muita atenção
801,Amanda,C,<18,Masculino,Outro,Preta,Evangélica,Esquerda,Viúvo,Outro,<1,8293,Relações Públicas,5,Não,Alta,Alta,Moderada,Outro,Compartilhamento por influenciadores
802,Ysadora,A,<18,Outro,Não binário,Prefiro não dizer,Judaíca,Extrema Esquerda,Casado,Com amigos,<1,6473,Cinema e Audiovisual,2,"Sim, porém pouco",Moderada,Alta,Baixa,Redes Sociais,Compartilhamento por influenciadores
803,Rayane,B,25-34,Outro,Transgênero,Preta,Ateu,Centro,Viúvo,Com pais ou responsáveis,7-10,6565,Jornalismo,4,"Sim, porém pouco",Alta,Moderada,Alta,Redes Sociais,Desinformação
804,Maria,D,65+,Outro,Outro,Branca,Agnóstico,Extrema Esquerda,Casado,Outro,7-10,5531,Relações Públicas,5,Não,Baixa,Moderada,Alta,Outro,Ausência das agências de checagem
805,Ana,D,35-44,Outro,Transgênero,Indígena,Católica,Centro Direita,Divorciado,Com amigos,4-6,5935,Publicidade e Propaganda,6,Não,Alta,Alta,Alta,Aplicativos de mensagem,Confiança excessiva em fontes duvidosas
806,Vanessa,E,25-34,Masculino,Cisgênero,Prefiro não dizer,Agnóstico,Centro Direita,Solteiro,Com pais ou responsáveis,1-3,8668,Jornalismo,5,Não sei,Alta,Baixa,Baixa,Televisão e/ou Rádio,Compartilhando por familiares e amigos
807,Rayane,C,55-64,Feminino,Não binário,Preta,Judaíca,Direita,Solteiro,Com parceiro e/ou filhos,<1,8443,Cinema e Audiovisual,1,"Sim, porém pouco",Alta,Alta,Moderada,Redes Sociais,Ausência das agências de checagem
808,Maria,D,55-64,Feminino,Cisgênero,Indígena,Judaíca,Direita,Divorciado,Outro,4-6,8496,Outro,7,"Sim, muito diferentes",Alta,Alta,Alta,Televisão e/ou Rádio,Desinformação
809,Vanessa,B,35-44,Masculino,Prefiro não dizer,Prefiro não dizer,Agnóstico,Centro Direita,Divorciado,Sozinho,<1,9146,Relações Públicas,6,Não são diferentes,Alta,Alta,Alta,Outro,Quando a manchete chama muita atenção
810,Gabriel,A,25-34,Masculino,Outro,Preta,Agnóstico,Direita,Prefiro não dizer,Sozinho,4-6,6711,Outro,1,Não sei,Moderada,Baixa,Baixa,Aplicativos de mensagem,Desinformação
811,Ana,E,65+,Masculino,Transgênero,Branca,Ateu,Extrema Direita,Divorciado,Com amigos,4-6,6909,Publicidade e Propaganda,8,Não são diferentes,Moderada,Alta,Alta,E-mail,Compartilhando por familiares e amigos
812,Vanessa,A,55-64,Masculino,Prefiro não dizer,Prefiro não dizer,Agnóstico,Centro Esquerda,Casado,Com parceiro e/ou filhos,<1,9333,Jornalismo,2,Não,Alta,Baixa,Alta,Portais de notícias,A forma como a notícia é apresentada
813,Lucas,A,45-54,Feminino,Prefiro não dizer,Preta,Católica,Direita,Divorciado,Com pais ou responsáveis,1-3,6008,Publicidade e Propaganda,7,"Sim, muito diferentes",Baixa,Alta,Moderada,Televisão e/ou Rádio,A forma como a notícia é apresentada
814,Ana,D,<18,Outro,Outro,Amarela,Outras,Não se interessa,Viúvo,Outro,7-10,5966,Jornalismo,2,Não sei,Moderada,Alta,Moderada,Aplicativos de mensagem,As pessoas acreditam em notícias que lhes convêm
815,Marcos,B,65+,Masculino,Outro,Prefiro não dizer,Ateu,Centro Direita,Casado,Outro,4-6,9589,Cinema e Audiovisual,6,Não são diferentes,Baixa,Alta,Baixa,Portais de notícias,Outro
816,Lucas,E,18-24,Feminino,Cisgênero,Branca,Judaíca,Centro Direita,Casado,Com pais ou responsáveis,<1,9370,Jornalismo,2,"Sim, muito diferentes",Alta,Baixa,Moderada,Redes Sociais,Desinformação
817,Marcos,B,<18,Outro,Outro,Branca,Espírita,Extrema Direita,Separado,Com amigos,4-6,5386,Relações Públicas,7,Não são diferentes,Alta,Baixa,Moderada,Televisão e/ou Rádio,Quando a manchete chama muita atenção
818,Rayane,B,65+,Outro,Cisgênero,Parda,Agnóstico,Centro,Viúvo,Com parceiro e/ou filhos,<1,5685,Cinema e Audiovisual,3,"Sim, muito diferentes",Baixa,Moderada,Baixa,Aplicativos de mensagem,Outro
819,Jonathan,E,<18,Outro,Outro,Prefiro não dizer,Judaíca,Direita,Prefiro não dizer,Com pais ou responsáveis,<1,8201,Cinema e Audiovisual,1,"Sim, porém pouco",Moderada,Baixa,Alta,Portais de notícias,Quando a manchete chama muita atenção
820,Lucas,C,65+,Outro,Prefiro não dizer,Parda,Agnóstico,Não se interessa,Divorciado,Com parceiro e/ou filhos,7-10,8149,Relações Públicas,5,Não,Moderada,Baixa,Moderada,Redes Sociais,Desinformação
821,Marcos,D,65+,Outro,Outro,Parda,Católica,Extrema Direita,Solteiro,Sozinho,>10,9101,Publicidade e Propaganda,8,Não,Baixa,Moderada,Moderada,Outro,Quando a manchete chama muita atenção
822,Vanessa,A,45-54,Feminino,Outro,Amarela,Espírita,Esquerda,Divorciado,Com pais ou responsáveis,7-10,9059,Publicidade e Propaganda,2,Não sei,Baixa,Baixa,Baixa,Outro,A forma como a notícia é apresentada
823,Marcos,C,45-54,Masculino,Transgênero,Branca,Católica,Centro Direita,Divorciado,Sozinho,<1,6452,Relações Públicas,1,Não sei,Moderada,Baixa,Moderada,Redes Sociais,As pessoas acreditam em notícias que lhes convêm
824,Vanessa,C,55-64,Feminino,Não binário,Preta,Espírita,Centro Direita,Solteiro,Outro,>10,8454,Publicidade e Propaganda,2,Não,Moderada,Baixa,Baixa,Aplicativos de mensagem,A forma como a notícia é apresentada
825,Vanessa,C,25-34,Feminino,Prefiro não dizer,Prefiro não dizer,Evangélica,Esquerda,Divorciado,Sozinho,4-6,7981,Relações Públicas,5,"Sim, porém pouco",Alta,Moderada,Moderada,Outro,Compartilhando por familiares e amigos
826,Thiago,E,25-34,Feminino,Prefiro não dizer,Indígena,Católica,Não se interessa,Casado,Com parceiro e/ou filhos,7-10,7941,Publicidade e Propaganda,8,"Sim, porém pouco",Alta,Alta,Moderada,Portais de notícias,Desinformação
827,Thiago,A,<18,Masculino,Cisgênero,Amarela,Ateu,Não se interessa,Divorciado,Com parceiro e/ou filhos,1-3,5336,Cinema e Audiovisual,1,Não sei,Moderada,Alta,Baixa,Aplicativos de mensagem,Compartilhamento por influenciadores
828,Lucas,C,35-44,Outro,Outro,Preta,Judaíca,Centro Direita,Divorciado,Com pais ou responsáveis,4-6,8308,Cinema e Audiovisual,3,Não são diferentes,Baixa,Alta,Baixa,E-mail,Polarização
829,Gabriel,C,35-44,Outro,Transgênero,Branca,Espírita,Direita,Separado,Outro,7-10,5299,Relações Públicas,7,"Sim, muito diferentes",Moderada,Alta,Baixa,Outro,Compartilhando por familiares e amigos
830,Thiago,E,25-34,Feminino,Prefiro não dizer,Parda,Católica,Direita,Prefiro não dizer,Com amigos,<1,7769,Cinema e Audiovisual,1,Não,Baixa,Moderada,Baixa,Portais de notícias,Outro
831,Ana,D,18-24,Outro,Prefiro não dizer,Parda,Evangélica,Centro,Casado,Com amigos,<1,7199,Relações Públicas,2,Não,Baixa,Alta,Moderada,Televisão e/ou Rádio,Quando a manchete chama muita atenção
832,Francielly,A,45-54,Outro,Outro,Indígena,Judaíca,Centro Esquerda,Separado,Com amigos,<1,7025,Outro,4,Não são diferentes,Moderada,Alta,Alta,E-mail,Outro
833,Rayane,C,35-44,Feminino,Cisgênero,Indígena,Agnóstico,Não se interessa,Separado,Com pais ou responsáveis,1-3,7739,Cinema e Audiovisual,2,"Sim, muito diferentes",Moderada,Moderada,Alta,Outro,As pessoas acreditam em notícias que lhes convêm
834,Ana,D,55-64,Outro,Prefiro não dizer,Prefiro não dizer,Evangélica,Centro Direita,Prefiro não dizer,Com parceiro e/ou filhos,7-10,8314,Outro,6,Não sei,Baixa,Baixa,Alta,Aplicativos de mensagem,A forma como a notícia é apresentada
835,Vanessa,A,45-54,Masculino,Prefiro não dizer,Preta,Ateu,Não se interessa,Divorciado,Com pais ou responsáveis,<1,9574,Cinema e Audiovisual,3,"Sim, muito diferentes",Baixa,Alta,Baixa,Portais de notícias,Compartilhando por familiares e amigos
836,Amanda,E,18-24,Feminino,Outro,Preta,Ateu,Extrema Esquerda,Prefiro não dizer,Sozinho,>10,9130,Outro,2,Não,Alta,Baixa,Moderada,Televisão e/ou Rádio,Outro
837,Vanessa,E,45-54,Outro,Não binário,Parda,Judaíca,Esquerda,Separado,Com parceiro e/ou filhos,1-3,6029,Jornalismo,3,Não,Alta,Moderada,Moderada,Outro,Polarização
838,Talita,A,55-64,Masculino,Prefiro não dizer,Prefiro não dizer,Judaíca,Extrema Esquerda,Prefiro não dizer,Com parceiro e/ou filhos,7-10,5901,Outro,4,"Sim, muito diferentes",Alta,Alta,Baixa,Aplicativos de mensagem,Polarização
839,Amanda,D,18-24,Outro,Prefiro não dizer,Preta,Ateu,Esquerda,Solteiro,Com parceiro e/ou filhos,4-6,9677,Cinema e Audiovisual,7,Não,Moderada,Baixa,Moderada,Aplicativos de mensagem,Compartilhamento por influenciadores
840,Rayane,D,45-54,Outro,Prefiro não dizer,Amarela,Judaíca,Centro Esquerda,Viúvo,Com pais ou responsáveis,4-6,9694,Relações Públicas,6,Não,Moderada,Baixa,Moderada,Aplicativos de mensagem,Confiança excessiva em fontes duvidosas
841,Maria,E,65+,Outro,Não binário,Indígena,Ateu,Centro Esquerda,Casado,Com amigos,>10,8788,Publicidade e Propaganda,7,Não sei,Baixa,Baixa,Moderada,Redes Sociais,Compartilhamento por influenciadores
842,Gabriel,E,55-64,Feminino,Cisgênero,Parda,Judaíca,Esquerda,Viúvo,Sozinho,1-3,9871,Relações Públicas,3,Não sei,Alta,Moderada,Alta,Televisão e/ou Rádio,Compartilhamento por influenciadores
843,Maria,E,65+,Outro,Cisgênero,Prefiro não dizer,Ateu,Esquerda,Divorciado,Outro,>10,5124,Cinema e Audiovisual,8,"Sim, muito diferentes",Alta,Baixa,Moderada,Redes Sociais,Confiança excessiva em fontes duvidosas
844,Ana,C,45-54,Feminino,Transgênero,Prefiro não dizer,Judaíca,Centro,Viúvo,Com pais ou responsáveis,1-3,6903,Outro,7,Não sei,Baixa,Moderada,Moderada,Portais de notícias,Desinformação
845,Francielly,C,18-24,Masculino,Cisgênero,Amarela,Judaíca,Extrema Esquerda,Solteiro,Com parceiro e/ou filhos,<1,6251,Cinema e Audiovisual,6,"Sim, porém pouco",Moderada,Moderada,Baixa,Aplicativos de mensagem,Desinformação
846,Ana,A,18-24,Masculino,Outro,Preta,Ateu,Esquerda,Viúvo,Outro,1-3,7231,Relações Públicas,5,Não são diferentes,Baixa,Baixa,Baixa,Televisão e/ou Rádio,As pessoas acreditam em notícias que lhes convêm
847,Rayane,C,18-24,Outro,Cisgênero,Preta,Evangélica,Centro Esquerda,Divorciado,Com pais ou responsáveis,1-3,7503,Jornalismo,2,"Sim, muito diferentes",Baixa,Moderada,Alta,Redes Sociais,Compartilhamento por influenciadores
848,Ysadora,E,35-44,Masculino,Prefiro não dizer,Parda,Evangélica,Extrema Direita,Prefiro não dizer,Outro,<1,8115,Jornalismo,4,Não,Moderada,Baixa,Alta,Portais de notícias,Confiança excessiva em fontes duvidosas
849,Lucas,D,55-64,Outro,Não binário,Preta,Outras,Centro Direita,Viúvo,Outro,1-3,7483,Jornalismo,3,Não são diferentes,Baixa,Alta,Moderada,Redes Sociais,Quando a manchete chama muita atenção
850,Jonathan,D,65+,Outro,Outro,Preta,Agnóstico,Centro Direita,Separado,Outro,>10,8995,Relações Públicas,2,Não são diferentes,Alta,Baixa,Alta,Outro,As pessoas acreditam em notícias que lhes convêm
851,Thiago,B,18-24,Feminino,Não binário,Branca,Outras,Centro Direita,Prefiro não dizer,Com amigos,1-3,8158,Cinema e Audiovisual,2,"Sim, porém pouco",Moderada,Alta,Baixa,Aplicativos de mensagem,Compartilhamento por influenciadores
852,Jonathan,C,18-24,Outro,Cisgênero,Amarela,Outras,Extrema Direita,Prefiro não dizer,Sozinho,1-3,6344,Relações Públicas,8,"Sim, muito diferentes",Moderada,Moderada,Baixa,Redes Sociais,Compartilhando por familiares e amigos
853,Vanessa,D,45-54,Masculino,Cisgênero,Amarela,Evangélica,Extrema Direita,Solteiro,Com pais ou responsáveis,<1,5384,Cinema e Audiovisual,1,"Sim, porém pouco",Alta,Alta,Baixa,Redes Sociais,As pessoas acreditam em notícias que lhes convêm
854,Francielly,D,65+,Feminino,Não binário,Indígena,Agnóstico,Centro Esquerda,Separado,Sozinho,1-3,8679,Publicidade e Propaganda,1,Não,Moderada,Baixa,Moderada,Outro,As pessoas acreditam em notícias que lhes convêm
855,Ana,B,25-34,Outro,Transgênero,Prefiro não dizer,Evangélica,Esquerda,Solteiro,Com parceiro e/ou filhos,7-10,6099,Cinema e Audiovisual,6,"Sim, muito diferentes",Moderada,Alta,Alta,Portais de notícias,Compartilhando por familiares e amigos
856,Maria,C,45-54,Outro,Outro,Prefiro não dizer,Ateu,Extrema Direita,Divorciado,Outro,4-6,7689,Publicidade e Propaganda,4,"Sim, muito diferentes",Alta,Alta,Moderada,Redes Sociais,Compartilhamento por influenciadores
857,Ysadora,C,18-24,Masculino,Não binário,Prefiro não dizer,Evangélica,Centro Direita,Solteiro,Outro,7-10,5666,Cinema e Audiovisual,4,"Sim, porém pouco",Moderada,Moderada,Moderada,E-mail,Quando a manchete chama muita atenção
858,Maria,E,18-24,Outro,Prefiro não dizer,Prefiro não dizer,Espírita,Centro Esquerda,Viúvo,Sozinho,>10,8186,Publicidade e Propaganda,3,"Sim, muito diferentes",Baixa,Baixa,Alta,Portais de notícias,Confiança excessiva em fontes duvidosas
859,Marcos,D,25-34,Masculino,Prefiro não dizer,Branca,Espírita,Centro Direita,Prefiro não dizer,Com amigos,>10,8046,Jornalismo,1,Não,Moderada,Alta,Moderada,E-mail,Confiança excessiva em fontes duvidosas
860,Jonathan,E,25-34,Outro,Prefiro não dizer,Parda,Espírita,Centro Esquerda,Viúvo,Com pais ou responsáveis,7-10,6592,Jornalismo,5,"Sim, porém pouco",Alta,Alta,Moderada,Outro,Compartilhamento por influenciadores
861,Francielly,E,25-34,Masculino,Prefiro não dizer,Prefiro não dizer,Católica,Esquerda,Viúvo,Com parceiro e/ou filhos,>10,6915,Relações Públicas,2,Não,Baixa,Alta,Alta,Redes Sociais,As pessoas acreditam em notícias que lhes convêm
862,Marcos,C,65+,Outro,Prefiro não dizer,Parda,Evangélica,Extrema Esquerda,Solteiro,Sozinho,<1,5536,Outro,6,Não,Moderada,Moderada,Moderada,Televisão e/ou Rádio,Compartilhando por familiares e amigos
863,Talita,E,55-64,Masculino,Não binário,Amarela,Outras,Centro Esquerda,Solteiro,Com amigos,>10,9723,Cinema e Audiovisual,3,"Sim, porém pouco",Moderada,Alta,Moderada,Redes Sociais,Confiança excessiva em fontes duvidosas
864,Maria,A,<18,Masculino,Transgênero,Amarela,Espírita,Extrema Direita,Separado,Com parceiro e/ou filhos,7-10,8737,Cinema e Audiovisual,3,"Sim, porém pouco",Baixa,Alta,Baixa,Portais de notícias,Quando a manchete chama muita atenção
865,Ysadora,D,35-44,Feminino,Outro,Preta,Ateu,Extrema Direita,Solteiro,Com parceiro e/ou filhos,4-6,5682,Jornalismo,5,"Sim, porém pouco",Moderada,Baixa,Baixa,Televisão e/ou Rádio,Compartilhando por familiares e amigos
866,Ana,D,<18,Feminino,Cisgênero,Preta,Católica,Centro Esquerda,Solteiro,Com pais ou responsáveis,>10,8270,Relações Públicas,7,"Sim, muito diferentes",Alta,Moderada,Alta,E-mail,A forma como a notícia é apresentada
867,Ysadora,D,<18,Outro,Não binário,Prefiro não dizer,Judaíca,Esquerda,Viúvo,Outro,<1,5051,Relações Públicas,7,Não,Moderada,Moderada,Alta,E-mail,Outro
868,Rayane,A,45-54,Outro,Cisgênero,Prefiro não dizer,Judaíca,Esquerda,Viúvo,Sozinho,<1,7932,Jornalismo,5,Não sei,Alta,Moderada,Moderada,Televisão e/ou Rádio,Outro
869,Gabriel,B,<18,Outro,Cisgênero,Amarela,Evangélica,Centro,Viúvo,Outro,7-10,9083,Jornalismo,4,"Sim, porém pouco",Baixa,Moderada,Alta,Portais de notícias,Ausência das agências de checagem
870,Rayane,B,35-44,Outro,Transgênero,Branca,Ateu,Direita,Viúvo,Com amigos,>10,9725,Publicidade e Propaganda,4,Não,Alta,Alta,Alta,Outro,Confiança excessiva em fontes duvidosas
871,Jonathan,A,45-54,Outro,Cisgênero,Branca,Evangélica,Esquerda,Prefiro não dizer,Outro,>10,7019,Publicidade e Propaganda,7,"Sim, muito diferentes",Baixa,Alta,Moderada,Portais de notícias,Desinformação
872,Jonathan,B,35-44,Outro,Transgênero,Indígena,Católica,Extrema Direita,Divorciado,Com parceiro e/ou filhos,>10,5598,Relações Públicas,2,Não,Alta,Baixa,Alta,Aplicativos de mensagem,Quando a manchete chama muita atenção
873,Maria,E,18-24,Outro,Outro,Preta,Evangélica,Centro Esquerda,Divorciado,Com pais ou responsáveis,1-3,8889,Publicidade e Propaganda,1,Não sei,Baixa,Alta,Moderada,Televisão e/ou Rádio,Polarização
874,Ana,E,45-54,Outro,Outro,Prefiro não dizer,Outras,Centro Esquerda,Separado,Com pais ou responsáveis,4-6,6380,Outro,6,Não sei,Alta,Baixa,Alta,Portais de notícias,Quando a manchete chama muita atenção
875,Jonathan,C,45-54,Masculino,Não binário,Branca,Judaíca,Não se interessa,Viúvo,Com amigos,1-3,6648,Relações Públicas,7,"Sim, muito diferentes",Baixa,Alta,Alta,Redes Sociais,Polarização
876,Francielly,A,65+,Feminino,Prefiro não dizer,Parda,Católica,Centro Esquerda,Solteiro,Sozinho,4-6,5007,Outro,1,"Sim, muito diferentes",Moderada,Moderada,Baixa,Portais de notícias,Compartilhamento por influenciadores
877,Marcos,A,65+,Masculino,Transgênero,Preta,Evangélica,Direita,Viúvo,Com parceiro e/ou filhos,>10,5696,Outro,5,Não são diferentes,Moderada,Alta,Alta,E-mail,Quando a manchete chama muita atenção
878,Thiago,E,45-54,Outro,Transgênero,Branca,Ateu,Centro Direita,Prefiro não dizer,Outro,4-6,6352,Outro,8,Não,Alta,Moderada,Baixa,Televisão e/ou Rádio,Ausência das agências de checagem
879,Ana,C,55-64,Outro,Não binário,Prefiro não dizer,Agnóstico,Centro,Prefiro não dizer,Outro,1-3,6081,Outro,8,Não sei,Moderada,Baixa,Alta,E-mail,Outro
880,Marcos,C,65+,Outro,Outro,Indígena,Evangélica,Centro,Prefiro não dizer,Com amigos,1-3,9290,Jornalismo,6,"Sim, porém pouco",Alta,Alta,Alta,Aplicativos de mensagem,Compartilhamento por influenciadores
881,Vanessa,D,18-24,Feminino,Cisgênero,Parda,Agnóstico,Não se interessa,Separado,Outro,1-3,5639,Jornalismo,3,"Sim, muito diferentes",Alta,Baixa,Baixa,Redes Sociais,Ausência das agências de checagem
882,Gabriel,A,45-54,Outro,Transgênero,Amarela,Católica,Esquerda,Separado,Com parceiro e/ou filhos,>10,9886,Publicidade e Propaganda,3,Não são diferentes,Moderada,Alta,Moderada,Outro,Compartilhamento por influenciadores
883,Lucas,A,25-34,Feminino,Outro,Preta,Ateu,Centro Direita,Divorciado,Outro,1-3,9594,Outro,1,"Sim, porém pouco",Alta,Moderada,Baixa,Portais de notícias,Quando a manchete chama muita atenção
884,Marcos,E,<18,Feminino,Cisgênero,Parda,Outras,Centro Direita,Casado,Outro,7-10,9132,Publicidade e Propaganda,1,Não são diferentes,Baixa,Baixa,Moderada,E-mail,As pessoas acreditam em notícias que lhes convêm
885,Talita,B,<18,Feminino,Não binário,Prefiro não dizer,Ateu,Não se interessa,Divorciado,Outro,<1,8530,Publicidade e Propaganda,1,Não sei,Alta,Baixa,Alta,Outro,Outro
886,Maria,E,18-24,Masculino,Transgênero,Parda,Católica,Esquerda,Viúvo,Com amigos,4-6,5967,Outro,7,"Sim, porém pouco",Baixa,Baixa,Alta,Portais de notícias,Outro
887,Ysadora,A,65+,Feminino,Cisgênero,Parda,Judaíca,Direita,Casado,Com amigos,<1,7668,Outro,2,"Sim, porém pouco",Baixa,Moderada,Baixa,Televisão e/ou Rádio,Desinformação
888,Maria,D,65+,Feminino,Não binário,Parda,Judaíca,Direita,Prefiro não dizer,Com parceiro e/ou filhos,7-10,9137,Publicidade e Propaganda,8,"Sim, muito diferentes",Baixa,Baixa,Baixa,Portais de notícias,Polarização
889,Francielly,A,35-44,Masculino,Não binário,Amarela,Católica,Extrema Direita,Prefiro não dizer,Com parceiro e/ou filhos,1-3,7046,Relações Públicas,8,Não são diferentes,Baixa,Baixa,Alta,Redes Sociais,Quando a manchete chama muita atenção
890,Vanessa,A,25-34,Masculino,Não binário,Preta,Ateu,Extrema Esquerda,Divorciado,Com parceiro e/ou filhos,4-6,7231,Relações Públicas,4,Não sei,Alta,Baixa,Baixa,Portais de notícias,As pessoas acreditam em notícias que lhes convêm
891,Marcos,C,55-64,Masculino,Prefiro não dizer,Indígena,Católica,Extrema Esquerda,Separado,Sozinho,7-10,5412,Outro,1,Não,Alta,Moderada,Moderada,Redes Sociais,Confiança excessiva em fontes duvidosas
892,Rayane,E,18-24,Outro,Prefiro não dizer,Parda,Agnóstico,Centro Direita,Solteiro,Com parceiro e/ou filhos,4-6,7047,Jornalismo,6,Não sei,Baixa,Baixa,Baixa,E-mail,Ausência das agências de checagem
893,Marcos,E,65+,Masculino,Não binário,Amarela,Agnóstico,Esquerda,Separado,Com amigos,1-3,7281,Cinema e Audiovisual,2,Não,Baixa,Alta,Moderada,Outro,Polarização
894,Gabriel,C,55-64,Outro,Transgênero,Preta,Judaíca,Não se interessa,Viúvo,Sozinho,7-10,7772,Outro,2,"Sim, porém pouco",Baixa,Moderada,Moderada,Outro,Ausência das agências de checagem
895,Maria,D,35-44,Masculino,Transgênero,Preta,Agnóstico,Centro Direita,Solteiro,Com pais ou responsáveis,>10,5324,Cinema e Audiovisual,4,"Sim, muito diferentes",Baixa,Alta,Moderada,Aplicativos de mensagem,Outro
896,Thiago,A,18-24,Masculino,Transgênero,Parda,Espírita,Extrema Esquerda,Divorciado,Sozinho,7-10,5646,Publicidade e Propaganda,4,"Sim, porém pouco",Alta,Moderada,Baixa,E-mail,As pessoas acreditam em notícias que lhes convêm
897,Jonathan,B,18-24,Feminino,Transgênero,Amarela,Católica,Centro Direita,Casado,Com parceiro e/ou filhos,>10,6452,Publicidade e Propaganda,6,Não,Alta,Baixa,Alta,Outro,Confiança excessiva em fontes duvidosas
898,Thiago,E,55-64,Masculino,Prefiro não dizer,Preta,Católica,Extrema Direita,Prefiro não dizer,Com parceiro e/ou filhos,1-3,5631,Jornalismo,5,Não,Alta,Baixa,Alta,Televisão e/ou Rádio,As pessoas acreditam em notícias que lhes convêm
899,Rayane,C,18-24,Outro,Transgênero,Indígena,Católica,Centro,Solteiro,Com parceiro e/ou filhos,1-3,8581,Outro,7,Não são diferentes,Moderada,Moderada,Moderada,Portais de notícias,A forma como a notícia é apresentada
900,Jonathan,D,55-64,Feminino,Não binário,Preta,Católica,Direita,Prefiro não dizer,Com amigos,1-3,8053,Publicidade e Propaganda,5,"Sim, muito diferentes",Alta,Baixa,Moderada,Televisão e/ou Rádio,Ausência das agências de checagem
901,Gabriel,C,18-24,Outro,Prefiro não dizer,Parda,Judaíca,Centro,Viúvo,Sozinho,1-3,6031,Publicidade e Propaganda,7,"Sim, muito diferentes",Baixa,Baixa,Baixa,Outro,Outro
902,Jonathan,D,25-34,Outro,Transgênero,Indígena,Evangélica,Não se interessa,Solteiro,Com parceiro e/ou filhos,<1,6275,Outro,6,"Sim, porém pouco",Alta,Baixa,Moderada,E-mail,Polarização
903,Amanda,C,<18,Masculino,Prefiro não dizer,Preta,Ateu,Centro Esquerda,Prefiro não dizer,Com parceiro e/ou filhos,1-3,6916,Outro,3,"Sim, muito diferentes",Alta,Baixa,Moderada,Televisão e/ou Rádio,As pessoas acreditam em notícias que lhes convêm
904,Marcos,D,18-24,Outro,Transgênero,Branca,Católica,Não se interessa,Solteiro,Sozinho,<1,5672,Publicidade e Propaganda,3,Não são diferentes,Moderada,Moderada,Moderada,Aplicativos de mensagem,Compartilhando por familiares e amigos
905,Marcos,B,45-54,Masculino,Outro,Parda,Agnóstico,Não se interessa,Prefiro não dizer,Outro,<1,7062,Jornalismo,8,Não,Moderada,Moderada,Moderada,Televisão e/ou Rádio,As pessoas acreditam em notícias que lhes convêm
906,Talita,D,55-64,Outro,Não binário,Branca,Outras,Não se interessa,Casado,Com amigos,1-3,7806,Publicidade e Propaganda,5,Não sei,Baixa,Baixa,Moderada,Televisão e/ou Rádio,Compartilhando por familiares e amigos
907,Thiago,C,35-44,Outro,Transgênero,Branca,Outras,Centro Direita,Separado,Sozinho,>10,7900,Publicidade e Propaganda,1,Não,Alta,Alta,Moderada,Redes Sociais,Compartilhamento por influenciadores
908,Thiago,D,45-54,Feminino,Outro,Branca,Católica,Centro Esquerda,Prefiro não dizer,Com amigos,1-3,9184,Outro,4,Não sei,Baixa,Alta,Baixa,Outro,A forma como a notícia é apresentada
909,Rayane,C,55-64,Feminino,Transgênero,Preta,Outras,Esquerda,Viúvo,Com parceiro e/ou filhos,4-6,6398,Publicidade e Propaganda,8,"Sim, porém pouco",Alta,Baixa,Moderada,Outro,Polarização
910,Thiago,D,65+,Masculino,Outro,Preta,Ateu,Extrema Direita,Viúvo,Outro,>10,8666,Relações Públicas,1,"Sim, porém pouco",Baixa,Baixa,Alta,Outro,Ausência das agências de checagem
911,Thiago,A,45-54,Feminino,Prefiro não dizer,Indígena,Agnóstico,Direita,Separado,Sozinho,4-6,7243,Outro,5,"Sim, muito diferentes",Alta,Baixa,Alta,Redes Sociais,Quando a manchete chama muita atenção
912,Marcos,E,45-54,Feminino,Transgênero,Parda,Judaíca,Extrema Esquerda,Divorciado,Sozinho,1-3,6887,Publicidade e Propaganda,1,Não sei,Moderada,Moderada,Alta,E-mail,A forma como a notícia é apresentada
913,Rayane,A,35-44,Feminino,Outro,Branca,Católica,Centro Esquerda,Prefiro não dizer,Sozinho,7-10,7888,Relações Públicas,1,Não sei,Baixa,Baixa,Baixa,E-mail,Compartilhamento por influenciadores
914,Ysadora,D,25-34,Feminino,Prefiro não dizer,Amarela,Espírita,Centro Esquerda,Solteiro,Outro,7-10,6645,Cinema e Audiovisual,1,"Sim, muito diferentes",Moderada,Moderada,Baixa,Redes Sociais,Ausência das agências de checagem
915,Amanda,E,25-34,Outro,Transgênero,Parda,Católica,Centro Esquerda,Prefiro não dizer,Com pais ou responsáveis,4-6,7030,Jornalismo,3,"Sim, muito diferentes",Moderada,Baixa,Baixa,Portais de notícias,As pessoas acreditam em notícias que lhes convêm
916,Talita,E,65+,Outro,Transgênero,Parda,Espírita,Centro,Solteiro,Outro,<1,9887,Jornalismo,7,Não sei,Baixa,Alta,Moderada,Portais de notícias,Compartilhando por familiares e amigos
917,Talita,C,<18,Outro,Não binário,Amarela,Católica,Direita,Separado,Sozinho,>10,6536,Publicidade e Propaganda,8,"Sim, porém pouco",Alta,Baixa,Baixa,E-mail,Confiança excessiva em fontes duvidosas
918,Gabriel,E,55-64,Feminino,Não binário,Amarela,Outras,Centro Direita,Separado,Outro,<1,7579,Cinema e Audiovisual,3,"Sim, porém pouco",Baixa,Baixa,Alta,Outro,Compartilhando por familiares e amigos
919,Amanda,D,65+,Masculino,Outro,Parda,Católica,Centro Esquerda,Casado,Com amigos,<1,7724,Relações Públicas,6,"Sim, porém pouco",Moderada,Baixa,Alta,Outro,Desinformação
920,Thiago,A,18-24,Outro,Cisgênero,Indígena,Evangélica,Extrema Direita,Viúvo,Outro,>10,6313,Cinema e Audiovisual,6,"Sim, porém pouco",Baixa,Moderada,Alta,Portais de notícias,Compartilhando por familiares e amigos
921,Gabriel,B,<18,Feminino,Outro,Preta,Judaíca,Direita,Prefiro não dizer,Com amigos,>10,8937,Outro,8,Não,Moderada,Moderada,Moderada,Televisão e/ou Rádio,Compartilhamento por influenciadores
922,Ana,B,18-24,Feminino,Não binário,Prefiro não dizer,Agnóstico,Extrema Direita,Prefiro não dizer,Sozinho,1-3,8545,Publicidade e Propaganda,3,"Sim, muito diferentes",Moderada,Moderada,Baixa,E-mail,Confiança excessiva em fontes duvidosas
923,Ysadora,B,45-54,Feminino,Não binário,Indígena,Judaíca,Centro Esquerda,Solteiro,Com pais ou responsáveis,7-10,5718,Relações Públicas,8,Não são diferentes,Alta,Alta,Alta,Televisão e/ou Rádio,Compartilhando por familiares e amigos
924,Maria,B,45-54,Outro,Cisgênero,Prefiro não dizer,Espírita,Esquerda,Prefiro não dizer,Sozinho,4-6,6069,Relações Públicas,3,Não são diferentes,Baixa,Alta,Moderada,E-mail,Polarização
925,Thiago,A,65+,Outro,Prefiro não dizer,Indígena,Agnóstico,Não se interessa,Viúvo,Outro,7-10,5529,Cinema e Audiovisual,6,"Sim, porém pouco",Moderada,Alta,Alta,E-mail,Outro
926,Talita,A,65+,Outro,Não binário,Prefiro não dizer,Evangélica,Centro Esquerda,Divorciado,Com parceiro e/ou filhos,1-3,7703,Publicidade e Propaganda,4,Não,Baixa,Baixa,Alta,Outro,Desinformação
927,Rayane,E,<18,Feminino,Cisgênero,Branca,Ateu,Não se interessa,Prefiro não dizer,Com amigos,<1,6083,Relações Públicas,8,Não são diferentes,Moderada,Baixa,Baixa,Televisão e/ou Rádio,A forma como a notícia é apresentada
928,Ysadora,A,<18,Feminino,Outro,Prefiro não dizer,Agnóstico,Extrema Esquerda,Viúvo,Sozinho,>10,7137,Relações Públicas,8,"Sim, muito diferentes",Baixa,Baixa,Moderada,Aplicativos de mensagem,Compartilhando por familiares e amigos
929,Talita,E,25-34,Feminino,Prefiro não dizer,Amarela,Agnóstico,Direita,Viúvo,Com parceiro e/ou filhos,1-3,5554,Outro,5,Não sei,Alta,Alta,Alta,Aplicativos de mensagem,Confiança excessiva em fontes duvidosas
930,Rayane,B,25-34,Outro,Transgênero,Branca,Ateu,Extrema Direita,Solteiro,Sozinho,4-6,9341,Jornalismo,1,"Sim, muito diferentes",Alta,Alta,Alta,Televisão e/ou Rádio,A forma como a notícia é apresentada
931,Jonathan,A,18-24,Feminino,Transgênero,Parda,Agnóstico,Não se interessa,Viúvo,Outro,4-6,9054,Outro,5,Não,Alta,Baixa,Moderada,Redes Sociais,Polarização
932,Maria,E,55-64,Feminino,Outro,Amarela,Judaíca,Extrema Direita,Prefiro não dizer,Outro,1-3,6601,Publicidade e Propaganda,7,Não são diferentes,Moderada,Alta,Moderada,Televisão e/ou Rádio,Polarização
933,Thiago,A,18-24,Outro,Transgênero,Amarela,Evangélica,Centro Direita,Divorciado,Com pais ou responsáveis,1-3,8921,Cinema e Audiovisual,1,Não são diferentes,Baixa,Alta,Moderada,Aplicativos de mensagem,Compartilhamento por influenciadores
934,Jonathan,D,<18,Masculino,Prefiro não dizer,Prefiro não dizer,Ateu,Extrema Esquerda,Prefiro não dizer,Com pais ou responsáveis,1-3,8109,Jornalismo,4,"Sim, porém pouco",Moderada,Alta,Moderada,Portais de notícias,As pessoas acreditam em notícias que lhes convêm
935,Francielly,E,45-54,Feminino,Cisgênero,Parda,Ateu,Esquerda,Divorciado,Outro,<1,5513,Cinema e Audiovisual,2,Não,Moderada,Baixa,Moderada,Televisão e/ou Rádio,A forma como a notícia é apresentada
936,Gabriel,C,<18,Masculino,Transgênero,Parda,Agnóstico,Centro Esquerda,Separado,Com amigos,<1,6720,Outro,5,Não sei,Moderada,Moderada,Moderada,Outro,Ausência das agências de checagem
937,Ysadora,B,18-24,Outro,Transgênero,Indígena,Ateu,Centro Direita,Solteiro,Com parceiro e/ou filhos,4-6,9289,Publicidade e Propaganda,7,Não,Alta,Moderada,Baixa,Televisão e/ou Rádio,As pessoas acreditam em notícias que lhes convêm
938,Jonathan,B,45-54,Feminino,Não binário,Branca,Outras,Extrema Esquerda,Prefiro não dizer,Outro,7-10,6865,Jornalismo,3,"Sim, muito diferentes",Baixa,Moderada,Alta,Redes Sociais,Polarização
939,Lucas,C,18-24,Outro,Outro,Amarela,Judaíca,Direita,Separado,Com pais ou responsáveis,7-10,5663,Cinema e Audiovisual,4,Não são diferentes,Moderada,Moderada,Moderada,E-mail,Outro
940,Talita,D,18-24,Masculino,Outro,Branca,Católica,Esquerda,Prefiro não dizer,Outro,4-6,8485,Cinema e Audiovisual,2,Não,Moderada,Moderada,Baixa,E-mail,Quando a manchete chama muita atenção
941,Thiago,E,65+,Masculino,Outro,Amarela,Espírita,Extrema Direita,Divorciado,Sozinho,7-10,6432,Relações Públicas,6,"Sim, porém pouco",Baixa,Baixa,Alta,Portais de notícias,Ausência das agências de checagem
942,Jonathan,C,45-54,Feminino,Outro,Preta,Católica,Direita,Casado,Com amigos,<1,7776,Jornalismo,3,Não,Alta,Moderada,Alta,Televisão e/ou Rádio,Polarização
943,Amanda,A,35-44,Feminino,Prefiro não dizer,Indígena,Espírita,Centro Esquerda,Prefiro não dizer,Com pais ou responsáveis,7-10,7275,Jornalismo,2,Não sei,Alta,Moderada,Moderada,Portais de notícias,Polarização
944,Jonathan,C,65+,Outro,Cisgênero,Branca,Judaíca,Esquerda,Separado,Com amigos,4-6,5699,Outro,6,Não,Baixa,Baixa,Moderada,E-mail,Quando a manchete chama muita atenção
945,Thiago,E,25-34,Outro,Prefiro não dizer,Amarela,Evangélica,Não se interessa,Viúvo,Com parceiro e/ou filhos,<1,7195,Relações Públicas,8,Não,Moderada,Moderada,Alta,Redes Sociais,Desinformação
946,Amanda,A,35-44,Masculino,Cisgênero,Prefiro não dizer,Agnóstico,Centro,Solteiro,Sozinho,4-6,8766,Jornalismo,4,Não sei,Moderada,Alta,Alta,Televisão e/ou Rádio,A forma como a notícia é apresentada
947,Rayane,B,45-54,Feminino,Cisgênero,Preta,Ateu,Centro Direita,Divorciado,Sozinho,4-6,8519,Jornalismo,2,Não são diferentes,Alta,Alta,Baixa,Portais de notícias,Polarização
948,Jonathan,D,45-54,Feminino,Prefiro não dizer,Parda,Judaíca,Centro Esquerda,Divorciado,Com amigos,>10,8242,Publicidade e Propaganda,1,"Sim, muito diferentes",Alta,Baixa,Moderada,Aplicativos de mensagem,Polarização
949,Vanessa,A,25-34,Outro,Outro,Indígena,Católica,Centro,Viúvo,Sozinho,>10,9167,Relações Públicas,8,Não,Moderada,Baixa,Baixa,Outro,A forma como a notícia é apresentada
950,Lucas,D,55-64,Outro,Não binário,Branca,Ateu,Extrema Direita,Viúvo,Outro,1-3,7036,Relações Públicas,1,Não,Moderada,Baixa,Baixa,E-mail,Compartilhamento por influenciadores
951,Amanda,C,<18,Feminino,Prefiro não dizer,Amarela,Agnóstico,Centro Esquerda,Separado,Com pais ou responsáveis,7-10,8957,Relações Públicas,6,Não,Alta,Alta,Alta,Televisão e/ou Rádio,Compartilhamento por influenciadores
952,Rayane,D,35-44,Outro,Cisgênero,Prefiro não dizer,Católica,Centro Direita,Solteiro,Outro,1-3,7344,Outro,3,Não,Alta,Baixa,Alta,Redes Sociais,Compartilhando por familiares e amigos
953,Gabriel,D,45-54,Feminino,Outro,Branca,Ateu,Não se interessa,Viúvo,Outro,>10,5617,Jornalismo,3,Não sei,Alta,Moderada,Alta,Portais de notícias,Compartilhamento por influenciadores
954,Gabriel,E,65+,Masculino,Cisgênero,Prefiro não dizer,Evangélica,Centro Esquerda,Prefiro não dizer,Sozinho,>10,8124,Jornalismo,8,Não são diferentes,Alta,Alta,Moderada,Redes Sociais,Outro
955,Ysadora,E,18-24,Masculino,Transgênero,Parda,Judaíca,Direita,Casado,Outro,7-10,6861,Outro,3,Não,Moderada,Moderada,Moderada,Portais de notícias,Outro
956,Ysadora,B,35-44,Feminino,Prefiro não dizer,Preta,Ateu,Centro,Casado,Outro,7-10,5747,Publicidade e Propaganda,4,Não são diferentes,Moderada,Alta,Baixa,Televisão e/ou Rádio,Ausência das agências de checagem
957,Talita,D,45-54,Masculino,Transgênero,Prefiro não dizer,Evangélica,Extrema Esquerda,Divorciado,Com pais ou responsáveis,>10,5833,Outro,5,"Sim, porém pouco",Baixa,Baixa,Alta,E-mail,Quando a manchete chama muita atenção
958,Maria,C,25-34,Feminino,Prefiro não dizer,Indígena,Judaíca,Extrema Esquerda,Casado,Sozinho,4-6,9538,Jornalismo,8,Não,Baixa,Baixa,Moderada,Portais de notícias,Compartilhando por familiares e amigos
959,Vanessa,C,<18,Masculino,Não binário,Indígena,Agnóstico,Extrema Direita,Separado,Com pais ou responsáveis,<1,8624,Publicidade e Propaganda,7,Não,Alta,Alta,Baixa,Outro,Compartilhamento por influenciadores
960,Ysadora,A,45-54,Feminino,Outro,Prefiro não dizer,Judaíca,Centro Esquerda,Casado,Outro,1-3,9198,Cinema e Audiovisual,1,Não são diferentes,Baixa,Moderada,Moderada,Televisão e/ou Rádio,A forma como a notícia é apresentada
961,Vanessa,E,25-34,Outro,Não binário,Branca,Católica,Centro,Separado,Com pais ou responsáveis,7-10,5837,Jornalismo,6,Não,Moderada,Moderada,Baixa,Portais de notícias,Compartilhando por familiares e amigos
962,Ysadora,A,45-54,Feminino,Não binário,Indígena,Ateu,Centro,Divorciado,Sozinho,4-6,9389,Cinema e Audiovisual,7,Não sei,Baixa,Moderada,Moderada,Redes Sociais,Polarização
963,Vanessa,A,25-34,Outro,Outro,Parda,Evangélica,Centro Esquerda,Viúvo,Com amigos,7-10,5815,Publicidade e Propaganda,2,"Sim, muito diferentes",Alta,Moderada,Moderada,Redes Sociais,Polarização
964,Lucas,C,55-64,Outro,Prefiro não dizer,Parda,Evangélica,Centro Direita,Prefiro não dizer,Outro,>10,8366,Publicidade e Propaganda,7,Não sei,Alta,Baixa,Baixa,Portais de notícias,Compartilhando por familiares e amigos
965,Talita,C,35-44,Feminino,Prefiro não dizer,Prefiro não dizer,Espírita,Extrema Direita,Prefiro não dizer,Com pais ou responsáveis,1-3,6294,Publicidade e Propaganda,7,Não sei,Moderada,Baixa,Moderada,E-mail,Polarização
966,Thiago,E,18-24,Outro,Outro,Branca,Católica,Centro Esquerda,Prefiro não dizer,Com amigos,>10,7967,Outro,3,Não sei,Moderada,Baixa,Alta,Televisão e/ou Rádio,Polarização
967,Talita,A,55-64,Masculino,Cisgênero,Indígena,Espírita,Centro Esquerda,Divorciado,Outro,<1,5971,Publicidade e Propaganda,6,"Sim, muito diferentes",Moderada,Baixa,Baixa,E-mail,A forma como a notícia é apresentada
968,Vanessa,E,45-54,Masculino,Não binário,Branca,Católica,Centro Direita,Casado,Com amigos,<1,8888,Relações Públicas,1,"Sim, porém pouco",Baixa,Moderada,Alta,E-mail,Desinformação
969,Amanda,A,<18,Masculino,Cisgênero,Preta,Ateu,Não se interessa,Solteiro,Com parceiro e/ou filhos,<1,5726,Relações Públicas,4,Não sei,Baixa,Baixa,Moderada,Aplicativos de mensagem,Compartilhamento por influenciadores
970,Ysadora,D,25-34,Feminino,Outro,Prefiro não dizer,Católica,Extrema Direita,Prefiro não dizer,Outro,7-10,9681,Jornalismo,2,Não são diferentes,Alta,Alta,Moderada,Portais de notícias,Quando a manchete chama muita atenção
971,Maria,E,65+,Masculino,Cisgênero,Branca,Agnóstico,Não se interessa,Solteiro,Com amigos,4-6,7424,Publicidade e Propaganda,5,"Sim, muito diferentes",Alta,Baixa,Alta,Outro,Desinformação
972,Ana,B,65+,Masculino,Outro,Preta,Judaíca,Extrema Esquerda,Casado,Outro,>10,9056,Jornalismo,7,Não são diferentes,Moderada,Baixa,Alta,Portais de notícias,Quando a manchete chama muita atenção
973,Francielly,A,25-34,Feminino,Cisgênero,Preta,Espírita,Não se interessa,Divorciado,Outro,<1,8074,Relações Públicas,8,"Sim, muito diferentes",Alta,Moderada,Baixa,Redes Sociais,A forma como a notícia é apresentada
974,Marcos,D,25-34,Outro,Prefiro não dizer,Parda,Evangélica,Direita,Solteiro,Sozinho,>10,5578,Outro,7,"Sim, porém pouco",Moderada,Baixa,Moderada,Portais de notícias,Polarização
975,Marcos,D,25-34,Outro,Prefiro não dizer,Indígena,Espírita,Direita,Divorciado,Com parceiro e/ou filhos,<1,6333,Cinema e Audiovisual,3,Não,Baixa,Moderada,Alta,Televisão e/ou Rádio,As pessoas acreditam em notícias que lhes convêm
976,Rayane,E,<18,Masculino,Não binário,Prefiro não dizer,Espírita,Centro Direita,Divorciado,Com amigos,>10,7389,Relações Públicas,2,Não são diferentes,Moderada,Moderada,Moderada,Televisão e/ou Rádio,Outro
977,Vanessa,C,55-64,Masculino,Transgênero,Parda,Evangélica,Extrema Esquerda,Prefiro não dizer,Sozinho,7-10,9041,Relações Públicas,6,"Sim, porém pouco",Alta,Baixa,Baixa,Aplicativos de mensagem,Outro
978,Jonathan,E,18-24,Outro,Outro,Branca,Agnóstico,Direita,Separado,Com parceiro e/ou filhos,>10,9020,Jornalismo,2,"Sim, muito diferentes",Baixa,Alta,Moderada,Aplicativos de mensagem,Outro
979,Talita,E,45-54,Outro,Transgênero,Prefiro não dizer,Outras,Extrema Direita,Divorciado,Com parceiro e/ou filhos,<1,7373,Jornalismo,1,"Sim, muito diferentes",Baixa,Moderada,Baixa,E-mail,As pessoas acreditam em notícias que lhes convêm
980,Amanda,B,25-34,Feminino,Prefiro não dizer,Branca,Ateu,Esquerda,Solteiro,Com parceiro e/ou filhos,1-3,9863,Publicidade e Propaganda,5,Não,Baixa,Moderada,Baixa,E-mail,As pessoas acreditam em notícias que lhes convêm
981,Talita,B,45-54,Masculino,Prefiro não dizer,Branca,Espírita,Esquerda,Divorciado,Com amigos,7-10,5031,Jornalismo,8,"Sim, porém pouco",Moderada,Baixa,Moderada,Redes Sociais,Compartilhando por familiares e amigos
982,Marcos,A,45-54,Feminino,Transgênero,Amarela,Outras,Centro Direita,Divorciado,Com amigos,<1,9326,Cinema e Audiovisual,8,Não,Moderada,Alta,Moderada,Redes Sociais,Outro
983,Gabriel,C,18-24,Feminino,Prefiro não dizer,Indígena,Judaíca,Centro Esquerda,Viúvo,Com amigos,7-10,6043,Outro,7,"Sim, muito diferentes",Moderada,Baixa,Moderada,Televisão e/ou Rádio,Ausência das agências de checagem
984,Amanda,B,18-24,Masculino,Transgênero,Prefiro não dizer,Espírita,Direita,Viúvo,Com parceiro e/ou filhos,1-3,6342,Relações Públicas,2,Não sei,Baixa,Baixa,Moderada,E-mail,Desinformação
985,Maria,E,65+,Feminino,Não binário,Prefiro não dizer,Outras,Extrema Esquerda,Viúvo,Com parceiro e/ou filhos,7-10,9577,Jornalismo,4,"Sim, porém pouco",Baixa,Baixa,Moderada,Aplicativos de mensagem,Polarização
986,Maria,A,35-44,Masculino,Cisgênero,Prefiro não dizer,Católica,Centro Direita,Divorciado,Com amigos,<1,8199,Publicidade e Propaganda,6,"Sim, muito diferentes",Baixa,Baixa,Baixa,Aplicativos de mensagem,Outro
987,Marcos,D,18-24,Masculino,Prefiro não dizer,Parda,Ateu,Esquerda,Divorciado,Outro,7-10,7725,Relações Públicas,3,Não,Moderada,Alta,Moderada,Redes Sociais,Ausência das agências de checagem
988,Talita,E,45-54,Feminino,Não binário,Amarela,Judaíca,Direita,Viúvo,Outro,1-3,9546,Publicidade e Propaganda,2,"Sim, muito diferentes",Alta,Alta,Baixa,Televisão e/ou Rádio,Confiança excessiva em fontes duvidosas
989,Thiago,E,25-34,Outro,Cisgênero,Indígena,Judaíca,Não se interessa,Solteiro,Com pais ou responsáveis,>10,9543,Jornalismo,8,Não sei,Baixa,Baixa,Alta,Outro,Confiança excessiva em fontes duvidosas
990,Ysadora,E,35-44,Masculino,Não binário,Parda,Católica,Esquerda,Separado,Com pais ou responsáveis,<1,7328,Cinema e Audiovisual,5,Não,Alta,Baixa,Alta,Outro,Confiança excessiva em fontes duvidosas
991,Jonathan,C,35-44,Feminino,Não binário,Indígena,Outras,Não se interessa,Casado,Outro,4-6,5964,Cinema e Audiovisual,3,"Sim, muito diferentes",Alta,Baixa,Moderada,Televisão e/ou Rádio,Confiança excessiva em fontes duvidosas
992,Rayane,E,65+,Masculino,Prefiro não dizer,Prefiro não dizer,Espírita,Não se interessa,Divorciado,Sozinho,7-10,5418,Relações Públicas,3,"Sim, muito diferentes",Moderada,Alta,Alta,E-mail,A forma como a notícia é apresentada
993,Lucas,A,45-54,Feminino,Não binário,Parda,Agnóstico,Direita,Solteiro,Outro,>10,7611,Outro,6,Não,Alta,Moderada,Alta,Redes Sociais,Compartilhamento por influenciadores
994,Talita,E,35-44,Feminino,Não binário,Parda,Ateu,Extrema Esquerda,Casado,Com amigos,7-10,6319,Relações Públicas,1,"Sim, porém pouco",Baixa,Alta,Baixa,E-mail,Outro
995,Ana,D,65+,Outro,Prefiro não dizer,Parda,Católica,Extrema Esquerda,Prefiro não dizer,Com amigos,<1,8476,Publicidade e Propaganda,7,Não sei,Moderada,Moderada,Moderada,Redes Sociais,A forma como a notícia é apresentada
996,Talita,B,45-54,Feminino,Não binário,Parda,Católica,Extrema Esquerda,Solteiro,Com parceiro e/ou filhos,<1,5297,Cinema e Audiovisual,6,"Sim, porém pouco",Moderada,Moderada,Alta,Outro,Confiança excessiva em fontes duvidosas
997,Talita,C,18-24,Feminino,Cisgênero,Parda,Evangélica,Não se interessa,Viúvo,Com pais ou responsáveis,>10,8132,Cinema e Audiovisual,4,Não,Baixa,Moderada,Baixa,Outro,Polarização
998,Ana,D,65+,Feminino,Prefiro não dizer,Prefiro não dizer,Agnóstico,Extrema Esquerda,Prefiro não dizer,Outro,7-10,5567,Relações Públicas,5,Não,Moderada,Moderada,Moderada,Televisão e/ou Rádio,Desinformação
999,Talita,B,18-24,Outro,Transgênero,Preta,Evangélica,Direita,Solteiro,Com pais ou responsáveis,7-10,8228,Publicidade e Propaganda,7,Não sei,Alta,Baixa,Baixa,Outro,Outro
