ID Seguidor,Clasificação Social,Estado,Dispositivo que mais usa,Raça/cor,Religião,Política,Renda familiar (Salários Mínimos),Escolaridade,Gênero,Faixa Etária
0,C,São Paulo,Notebook/Netbook,Amarela,Agnóstico,Centro Esquerda,7-10,,,
1,B,Sergipe,Notebook/Netbook,Amarela,Agnóstico,Extrema Direita,4-6,,,
2,E,Roraima,Notebook/Netbook,Amarela,Ateu,Não se interessa,1-3,,,
3,B,Roraima,Desktop/Computador de mesa,Amarela,Outras,Centro Esquerda,1-3,,,
4,E,São Paulo,Tablet,Parda,Outras,Extrema Esquerda,<1,,,
5,B,Alagoas,Notebook/Netbook,Prefiro não dizer,Judaíca,Esquerda,1-3,,,
6,A,Rio Grande do Norte,Desktop/Computador de mesa,Branca,Católica,Extrema Direita,4-6,,,
7,D,Mato Grosso do Sul,Smartphone/Celular,Amarela,Católica,Não se interessa,>10,,,
8,B,Minas Gerais,Tablet,Indígena,Agnóstico,Centro,1-3,,,
9,C,Rondônia,Outro,Prefiro não dizer,Espírita,Direita,1-3,,,
10,E,Ceará,Notebook/Netbook,Branca,Evangélica,Extrema Esquerda,>10,,,
11,B,Ceará,Notebook/Netbook,Amarela,Evangélica,Centro Esquerda,4-6,,,
12,A,Tocantins,Notebook/Netbook,Preta,Outras,Centro,4-6,,,
13,A,Roraima,Tablet,Preta,Agnóstico,Centro,7-10,,,
14,E,Maranhão,Outro,Preta,Judaíca,Centro Esquerda,4-6,,,
15,C,Espírito Santo,Smartphone/Celular,Preta,Católica,Esquerda,1-3,,,
16,D,Rio Grande do Sul,Smartphone/Celular,Indígena,Agnóstico,Centro Direita,7-10,,,
17,B,Rio Grande do Norte,Desktop/Computador de mesa,Parda,Evangélica,Direita,4-6,,,
18,E,Sergipe,Outro,Branca,Judaíca,Extrema Esquerda,4-6,,,
19,E,Mato Grosso,Smartphone/Celular,Preta,Evangélica,Não se interessa,1-3,,,
20,D,Rio Grande do Norte,Desktop/Computador de mesa,Preta,Agnóstico,Extrema Esquerda,1-3,,,
21,B,São Paulo,Notebook/Netbook,Indígena,Outras,Centro Esquerda,4-6,,,
22,D,Amapá,Tablet,Prefiro não dizer,Católica,Não se interessa,4-6,,,
23,A,Pará,Desktop/Computador de mesa,Preta,Evangélica,Centro,>10,,,
24,E,Pernambuco,Desktop/Computador de mesa,Amarela,Ateu,Extrema Esquerda,<1,,,
25,E,Mato Grosso do Sul,Outro,Indígena,Católica,Centro Esquerda,<1,,,
26,A,São Paulo,Tablet,Preta,Judaíca,Centro Direita,1-3,,,
27,A,Alagoas,Desktop/Computador de mesa,Indígena,Espírita,Esquerda,1-3,,,
28,D,Goiás,Desktop/Computador de mesa,Branca,Evangélica,Centro Esquerda,<1,,,
29,D,Amazonas,Smartphone/Celular,Branca,Agnóstico,Extrema Direita,4-6,,,
30,C,Rondônia,Tablet,Amarela,Evangélica,Extrema Direita,7-10,,,
31,E,Distrito Federal,Tablet,Preta,Outras,Esquerda,<1,,,
32,E,Rio de Janeiro,Desktop/Computador de mesa,Preta,Ateu,Extrema Esquerda,>10,,,
33,E,Pernambuco,Smartphone/Celular,Parda,Ateu,Centro Direita,7-10,,,
34,A,Paraná,Smartphone/Celular,Amarela,Católica,Centro,<1,,,
35,C,Maranhão,Tablet,Branca,Ateu,Centro,4-6,,,
36,B,Tocantins,Notebook/Netbook,Preta,Judaíca,Centro,>10,,,
37,E,Piauí,Smartphone/Celular,Indígena,Judaíca,Centro Esquerda,7-10,,,
38,A,Paraíba,Desktop/Computador de mesa,Branca,Evangélica,Centro Esquerda,>10,,,
39,C,São Paulo,Desktop/Computador de mesa,Amarela,Espírita,Extrema Esquerda,4-6,,,
40,A,Mato Grosso do Sul,Notebook/Netbook,Amarela,Evangélica,Esquerda,4-6,,,
41,A,Mato Grosso do Sul,Notebook/Netbook,Branca,Judaíca,Não se interessa,7-10,,,
42,E,Paraná,Tablet,Indígena,Católica,Centro Esquerda,1-3,,,
43,A,Espírito Santo,Outro,Amarela,Ateu,Direita,1-3,,,
44,C,Sergipe,Tablet,Amarela,Católica,Esquerda,7-10,,,
45,D,Amazonas,Tablet,Parda,Católica,Direita,4-6,,,
46,E,Acre,Tablet,Prefiro não dizer,Ateu,Centro,4-6,,,
47,B,Mato Grosso,Outro,Parda,Evangélica,Centro,<1,,,
48,C,Rio Grande do Norte,Desktop/Computador de mesa,Preta,Católica,Extrema Esquerda,7-10,,,
49,A,Bahia,Smartphone/Celular,Prefiro não dizer,Católica,Esquerda,<1,,,
50,D,Sergipe,Smartphone/Celular,Parda,Ateu,Centro Direita,>10,,,
51,B,Minas Gerais,Desktop/Computador de mesa,Branca,Católica,Extrema Direita,>10,,,
52,D,São Paulo,Outro,Indígena,Evangélica,Extrema Esquerda,7-10,,,
53,E,Amazonas,Outro,Amarela,Espírita,Extrema Direita,1-3,,,
54,A,Paraíba,Outro,Parda,Ateu,Não se interessa,4-6,,,
55,B,Rio Grande do Sul,Smartphone/Celular,Branca,Católica,Centro Direita,1-3,,,
56,A,Rio de Janeiro,Tablet,Parda,Espírita,Direita,<1,,,
57,A,Rio de Janeiro,Tablet,Branca,Agnóstico,Direita,4-6,,,
58,A,Distrito Federal,Desktop/Computador de mesa,Parda,Católica,Extrema Direita,1-3,,,
59,C,Maranhão,Notebook/Netbook,Prefiro não dizer,Judaíca,Esquerda,>10,,,
60,D,Paraná,Tablet,Amarela,Espírita,Direita,7-10,,,
61,C,Mato Grosso do Sul,Tablet,Prefiro não dizer,Católica,Centro Direita,>10,,,
62,C,Espírito Santo,Smartphone/Celular,Parda,Agnóstico,Não se interessa,4-6,,,
63,C,Goiás,Notebook/Netbook,Amarela,Espírita,Extrema Esquerda,4-6,,,
64,C,Santa Catarina,Notebook/Netbook,Preta,Agnóstico,Centro Esquerda,1-3,,,
65,A,Santa Catarina,Notebook/Netbook,Indígena,Católica,Centro Direita,7-10,,,
66,C,Piauí,Tablet,Indígena,Ateu,Esquerda,<1,,,
67,A,Tocantins,Notebook/Netbook,Indígena,Judaíca,Centro Direita,7-10,,,
68,C,São Paulo,Tablet,Amarela,Evangélica,Direita,1-3,,,
69,C,Amapá,Notebook/Netbook,Prefiro não dizer,Judaíca,Centro Direita,<1,,,
70,C,Espírito Santo,Notebook/Netbook,Prefiro não dizer,Outras,Centro Esquerda,<1,,,
71,C,Minas Gerais,Outro,Indígena,Judaíca,Esquerda,>10,,,
72,C,Ceará,Notebook/Netbook,Indígena,Judaíca,Extrema Esquerda,<1,,,
73,C,Santa Catarina,Outro,Parda,Espírita,Centro,4-6,,,
74,B,Roraima,Outro,Prefiro não dizer,Agnóstico,Direita,1-3,,,
75,C,Amazonas,Smartphone/Celular,Prefiro não dizer,Espírita,Centro Direita,4-6,,,
76,B,Amazonas,Tablet,Preta,Evangélica,Centro Esquerda,1-3,,,
77,E,Amazonas,Tablet,Indígena,Espírita,Não se interessa,>10,,,
78,E,Mato Grosso do Sul,Outro,Amarela,Outras,Centro Esquerda,7-10,,,
79,A,Roraima,Tablet,Indígena,Católica,Não se interessa,4-6,,,
80,C,Rondônia,Smartphone/Celular,Indígena,Ateu,Esquerda,7-10,,,
81,B,Espírito Santo,Tablet,Prefiro não dizer,Católica,Centro,4-6,,,
82,A,Amapá,Tablet,Indígena,Ateu,Centro Direita,1-3,,,
83,E,Rondônia,Desktop/Computador de mesa,Amarela,Agnóstico,Centro,4-6,,,
84,D,Ceará,Smartphone/Celular,Prefiro não dizer,Judaíca,Centro Direita,1-3,,,
85,B,Espírito Santo,Notebook/Netbook,Indígena,Ateu,Extrema Esquerda,1-3,,,
86,E,Ceará,Tablet,Branca,Ateu,Direita,>10,,,
87,B,Sergipe,Desktop/Computador de mesa,Preta,Católica,Não se interessa,4-6,,,
88,E,Distrito Federal,Desktop/Computador de mesa,Amarela,Católica,Extrema Direita,>10,,,
89,C,Alagoas,Notebook/Netbook,Amarela,Católica,Extrema Direita,4-6,,,
90,C,Amapá,Notebook/Netbook,Indígena,Judaíca,Centro,1-3,,,
91,D,Rio de Janeiro,Outro,Prefiro não dizer,Espírita,Não se interessa,<1,,,
92,E,Amazonas,Desktop/Computador de mesa,Preta,Ateu,Não se interessa,1-3,,,
93,D,Amazonas,Outro,Amarela,Espírita,Não se interessa,4-6,,,
94,C,Sergipe,Desktop/Computador de mesa,Preta,Agnóstico,Extrema Esquerda,>10,,,
95,D,Alagoas,Smartphone/Celular,Amarela,Agnóstico,Centro Esquerda,7-10,,,
96,E,Minas Gerais,Notebook/Netbook,Amarela,Evangélica,Centro Esquerda,1-3,,,
97,B,Amapá,Tablet,Branca,Católica,Não se interessa,>10,,,
98,A,Santa Catarina,Tablet,Indígena,Católica,Não se interessa,>10,,,
99,A,Amapá,Desktop/Computador de mesa,Indígena,Ateu,Não se interessa,>10,,,
100,E,Ceará,Notebook/Netbook,Branca,Outras,Extrema Esquerda,<1,,,
101,A,Pernambuco,Notebook/Netbook,Prefiro não dizer,Outras,Esquerda,1-3,,,
102,C,Amapá,Smartphone/Celular,Preta,Judaíca,Não se interessa,<1,,,
103,A,Pernambuco,Smartphone/Celular,Preta,Agnóstico,Esquerda,>10,,,
104,E,Minas Gerais,Desktop/Computador de mesa,Indígena,Espírita,Direita,>10,,,
105,B,Bahia,Desktop/Computador de mesa,Preta,Evangélica,Direita,<1,,,
106,C,Goiás,Tablet,Amarela,Espírita,Extrema Direita,<1,,,
107,D,Rio Grande do Sul,Notebook/Netbook,Branca,Judaíca,Centro Esquerda,>10,,,
108,B,Piauí,Outro,Parda,Evangélica,Direita,1-3,,,
109,A,Tocantins,Desktop/Computador de mesa,Branca,Agnóstico,Não se interessa,7-10,,,
110,D,Paraná,Desktop/Computador de mesa,Amarela,Outras,Não se interessa,<1,,,
111,A,Ceará,Notebook/Netbook,Parda,Católica,Centro Esquerda,<1,,,
112,C,Alagoas,Tablet,Indígena,Outras,Extrema Esquerda,7-10,,,
113,B,São Paulo,Tablet,Amarela,Espírita,Centro Esquerda,4-6,,,
114,D,Ceará,Notebook/Netbook,Indígena,Agnóstico,Extrema Esquerda,>10,,,
115,A,Santa Catarina,Outro,Branca,Outras,Extrema Direita,7-10,,,
116,A,Paraná,Smartphone/Celular,Prefiro não dizer,Espírita,Centro,<1,,,
117,B,Pernambuco,Smartphone/Celular,Branca,Espírita,Extrema Esquerda,1-3,,,
118,B,Acre,Outro,Amarela,Evangélica,Centro Esquerda,4-6,,,
119,D,Pernambuco,Notebook/Netbook,Amarela,Evangélica,Centro,>10,,,
120,B,Amapá,Outro,Preta,Outras,Centro Esquerda,>10,,,
121,C,Santa Catarina,Outro,Branca,Judaíca,Centro,>10,,,
122,C,Amazonas,Notebook/Netbook,Branca,Ateu,Extrema Esquerda,>10,,,
123,B,Mato Grosso,Notebook/Netbook,Indígena,Outras,Extrema Esquerda,<1,,,
124,D,Tocantins,Tablet,Preta,Evangélica,Esquerda,<1,,,
125,B,Minas Gerais,Tablet,Parda,Ateu,Esquerda,>10,,,
126,B,Mato Grosso do Sul,Outro,Indígena,Ateu,Centro Direita,7-10,,,
127,E,Mato Grosso,Outro,Preta,Agnóstico,Extrema Esquerda,1-3,,,
128,D,Ceará,Outro,Parda,Ateu,Extrema Direita,<1,,,
129,C,Tocantins,Notebook/Netbook,Preta,Agnóstico,Não se interessa,1-3,,,
130,C,Pernambuco,Tablet,Preta,Espírita,Esquerda,1-3,,,
131,A,Tocantins,Desktop/Computador de mesa,Branca,Evangélica,Extrema Direita,7-10,,,
132,C,Espírito Santo,Outro,Preta,Judaíca,Extrema Esquerda,7-10,,,
133,D,Rio de Janeiro,Outro,Prefiro não dizer,Outras,Direita,<1,,,
134,D,Mato Grosso do Sul,Smartphone/Celular,Branca,Agnóstico,Centro,<1,,,
135,B,Mato Grosso,Outro,Amarela,Ateu,Não se interessa,>10,,,
136,B,Amazonas,Tablet,Preta,Outras,Centro Direita,7-10,,,
137,B,Tocantins,Desktop/Computador de mesa,Parda,Ateu,Centro Esquerda,>10,,,
138,D,Minas Gerais,Outro,Indígena,Agnóstico,Centro,<1,,,
139,A,Ceará,Desktop/Computador de mesa,Prefiro não dizer,Ateu,Centro,7-10,,,
140,A,Paraná,Outro,Prefiro não dizer,Agnóstico,Direita,1-3,,,
141,C,Pernambuco,Smartphone/Celular,Amarela,Outras,Extrema Esquerda,4-6,,,
142,D,Rio Grande do Sul,Tablet,Parda,Judaíca,Extrema Esquerda,4-6,,,
143,A,Amazonas,Tablet,Preta,Evangélica,Centro Esquerda,>10,,,
144,B,Mato Grosso,Smartphone/Celular,Indígena,Agnóstico,Extrema Direita,>10,,,
145,C,Piauí,Desktop/Computador de mesa,Preta,Ateu,Extrema Esquerda,>10,,,
146,E,Espírito Santo,Smartphone/Celular,Indígena,Agnóstico,Extrema Direita,4-6,,,
147,E,Goiás,Outro,Indígena,Evangélica,Não se interessa,7-10,,,
148,B,Ceará,Outro,Amarela,Ateu,Centro,<1,,,
149,A,Minas Gerais,Notebook/Netbook,Indígena,Ateu,Centro,4-6,,,
150,E,Roraima,Desktop/Computador de mesa,Prefiro não dizer,Ateu,Extrema Esquerda,1-3,,,
151,A,Amapá,Smartphone/Celular,Amarela,Evangélica,Centro,>10,,,
152,B,Amapá,Tablet,Parda,Agnóstico,Não se interessa,>10,,,
153,E,Roraima,Smartphone/Celular,Preta,Evangélica,Centro Esquerda,1-3,,,
154,E,Rio de Janeiro,Smartphone/Celular,Indígena,Ateu,Extrema Esquerda,7-10,,,
155,B,Distrito Federal,Desktop/Computador de mesa,Prefiro não dizer,Agnóstico,Esquerda,>10,,,
156,C,Roraima,Desktop/Computador de mesa,Preta,Agnóstico,Centro,>10,,,
157,B,Paraíba,Notebook/Netbook,Prefiro não dizer,Espírita,Centro Direita,7-10,,,
158,B,Sergipe,Notebook/Netbook,Indígena,Católica,Extrema Esquerda,4-6,,,
159,A,Tocantins,Outro,Preta,Espírita,Extrema Direita,7-10,,,
160,B,Alagoas,Outro,Indígena,Agnóstico,Direita,7-10,,,
161,A,Minas Gerais,Smartphone/Celular,Branca,Judaíca,Centro Direita,1-3,,,
162,E,Espírito Santo,Tablet,Indígena,Evangélica,Direita,1-3,,,
163,A,Sergipe,Notebook/Netbook,Indígena,Outras,Direita,<1,,,
164,D,Paraíba,Outro,Prefiro não dizer,Evangélica,Centro Direita,<1,,,
165,E,Pernambuco,Smartphone/Celular,Indígena,Ateu,Centro Esquerda,4-6,,,
166,D,Mato Grosso do Sul,Tablet,Branca,Evangélica,Extrema Direita,>10,,,
167,E,Amazonas,Outro,Preta,Evangélica,Centro Direita,<1,,,
168,A,Rondônia,Desktop/Computador de mesa,Amarela,Espírita,Não se interessa,7-10,,,
169,C,Minas Gerais,Outro,Prefiro não dizer,Judaíca,Extrema Esquerda,1-3,,,
170,D,Distrito Federal,Notebook/Netbook,Branca,Católica,Centro Direita,>10,,,
171,B,Piauí,Smartphone/Celular,Indígena,Outras,Centro,4-6,,,
172,E,Amazonas,Notebook/Netbook,Prefiro não dizer,Judaíca,Esquerda,7-10,,,
173,E,Acre,Smartphone/Celular,Indígena,Católica,Extrema Direita,4-6,,,
174,A,Paraíba,Outro,Branca,Espírita,Não se interessa,<1,,,
175,D,Acre,Tablet,Indígena,Ateu,Centro,>10,,,
176,B,Maranhão,Outro,Amarela,Espírita,Centro,4-6,,,
177,D,Rio Grande do Norte,Desktop/Computador de mesa,Parda,Espírita,Centro Esquerda,4-6,,,
178,D,Espírito Santo,Notebook/Netbook,Amarela,Espírita,Centro Direita,1-3,,,
179,B,Tocantins,Tablet,Parda,Outras,Centro Esquerda,>10,,,
180,A,Santa Catarina,Notebook/Netbook,Preta,Espírita,Centro Direita,7-10,,,
181,E,Ceará,Desktop/Computador de mesa,Amarela,Ateu,Extrema Esquerda,<1,,,
182,D,Ceará,Smartphone/Celular,Indígena,Judaíca,Centro Direita,4-6,,,
183,D,Santa Catarina,Notebook/Netbook,Indígena,Outras,Centro Direita,<1,,,
184,E,Pernambuco,Tablet,Indígena,Outras,Extrema Esquerda,1-3,,,
185,A,São Paulo,Tablet,Preta,Católica,Centro Direita,4-6,,,
186,C,Rio Grande do Norte,Desktop/Computador de mesa,Branca,Espírita,Não se interessa,4-6,,,
187,A,Santa Catarina,Outro,Indígena,Espírita,Centro Esquerda,1-3,,,
188,B,São Paulo,Notebook/Netbook,Prefiro não dizer,Judaíca,Extrema Direita,>10,,,
189,B,São Paulo,Tablet,Preta,Outras,Extrema Direita,7-10,,,
190,A,Acre,Outro,Indígena,Espírita,Direita,4-6,,,
191,A,Piauí,Notebook/Netbook,Preta,Católica,Centro Esquerda,>10,,,
192,D,Pernambuco,Notebook/Netbook,Branca,Ateu,Esquerda,1-3,,,
193,D,Distrito Federal,Outro,Preta,Judaíca,Não se interessa,7-10,,,
194,B,Espírito Santo,Outro,Branca,Judaíca,Direita,1-3,,,
195,E,Alagoas,Desktop/Computador de mesa,Indígena,Outras,Extrema Direita,4-6,,,
196,A,Mato Grosso do Sul,Notebook/Netbook,Amarela,Agnóstico,Extrema Direita,4-6,,,
197,E,Mato Grosso,Notebook/Netbook,Parda,Outras,Direita,4-6,,,
198,A,Mato Grosso do Sul,Smartphone/Celular,Prefiro não dizer,Outras,Centro Direita,7-10,,,
199,D,Espírito Santo,Desktop/Computador de mesa,Preta,Evangélica,Centro Direita,7-10,,,
200,B,Alagoas,Outro,Indígena,Outras,Centro Direita,7-10,,,
201,D,Tocantins,Outro,Branca,Ateu,Extrema Direita,7-10,,,
202,E,Pará,Tablet,Preta,Agnóstico,Não se interessa,7-10,,,
203,C,Roraima,Outro,Branca,Espírita,Centro,<1,,,
204,A,Amazonas,Tablet,Parda,Judaíca,Centro Esquerda,1-3,,,
205,E,Piauí,Outro,Preta,Outras,Extrema Esquerda,1-3,,,
206,E,Sergipe,Smartphone/Celular,Parda,Agnóstico,Centro,>10,,,
207,E,São Paulo,Notebook/Netbook,Preta,Espírita,Esquerda,1-3,,,
208,D,Pará,Smartphone/Celular,Prefiro não dizer,Outras,Centro Direita,>10,,,
209,C,Rio Grande do Norte,Notebook/Netbook,Amarela,Outras,Extrema Esquerda,<1,,,
210,C,Distrito Federal,Tablet,Branca,Ateu,Direita,4-6,,,
211,A,Rio de Janeiro,Outro,Preta,Judaíca,Extrema Esquerda,4-6,,,
212,C,Paraíba,Smartphone/Celular,Preta,Judaíca,Extrema Direita,7-10,,,
213,C,Mato Grosso,Tablet,Indígena,Católica,Extrema Esquerda,1-3,,,
214,D,Rondônia,Notebook/Netbook,Parda,Espírita,Centro Direita,1-3,,,
215,C,Rio de Janeiro,Smartphone/Celular,Branca,Evangélica,Centro Esquerda,7-10,,,
216,B,Maranhão,Outro,Prefiro não dizer,Católica,Centro Direita,1-3,,,
217,C,Amapá,Smartphone/Celular,Preta,Ateu,Esquerda,<1,,,
218,D,Bahia,Outro,Parda,Espírita,Não se interessa,>10,,,
219,A,Mato Grosso,Outro,Preta,Evangélica,Centro Direita,<1,,,
220,E,Mato Grosso,Desktop/Computador de mesa,Amarela,Ateu,Centro Esquerda,>10,,,
221,B,Espírito Santo,Desktop/Computador de mesa,Indígena,Espírita,Centro Direita,4-6,,,
222,D,Pará,Desktop/Computador de mesa,Prefiro não dizer,Católica,Direita,7-10,,,
223,B,Amazonas,Desktop/Computador de mesa,Preta,Ateu,Centro Direita,<1,,,
224,D,Paraíba,Smartphone/Celular,Amarela,Judaíca,Não se interessa,1-3,,,
225,A,Espírito Santo,Desktop/Computador de mesa,Amarela,Judaíca,Centro,<1,,,
226,B,Pernambuco,Tablet,Amarela,Evangélica,Centro Esquerda,>10,,,
227,C,Goiás,Notebook/Netbook,Prefiro não dizer,Evangélica,Centro Esquerda,1-3,,,
228,B,Paraná,Notebook/Netbook,Branca,Evangélica,Centro Direita,>10,,,
229,C,Rio Grande do Sul,Outro,Preta,Espírita,Centro Esquerda,>10,,,
230,E,Alagoas,Tablet,Amarela,Espírita,Extrema Direita,>10,,,
231,B,Amazonas,Smartphone/Celular,Preta,Agnóstico,Centro Direita,7-10,,,
232,B,Rondônia,Smartphone/Celular,Indígena,Agnóstico,Extrema Esquerda,4-6,,,
233,B,Amapá,Smartphone/Celular,Indígena,Evangélica,Centro Esquerda,>10,,,
234,E,Pernambuco,Notebook/Netbook,Amarela,Judaíca,Centro Direita,<1,,,
235,C,Tocantins,Outro,Indígena,Ateu,Centro Esquerda,4-6,,,
236,C,Mato Grosso do Sul,Desktop/Computador de mesa,Indígena,Espírita,Não se interessa,1-3,,,
237,A,Piauí,Outro,Branca,Judaíca,Extrema Esquerda,1-3,,,
238,B,São Paulo,Smartphone/Celular,Preta,Espírita,Centro,4-6,,,
239,E,Pará,Smartphone/Celular,Amarela,Católica,Centro Esquerda,<1,,,
240,B,Santa Catarina,Smartphone/Celular,Branca,Judaíca,Centro Esquerda,1-3,,,
241,B,Maranhão,Desktop/Computador de mesa,Prefiro não dizer,Evangélica,Centro Esquerda,>10,,,
242,D,Piauí,Outro,Parda,Evangélica,Centro,1-3,,,
243,B,Maranhão,Desktop/Computador de mesa,Amarela,Espírita,Centro Esquerda,1-3,,,
244,D,Paraíba,Outro,Indígena,Evangélica,Extrema Direita,4-6,,,
245,A,Rio Grande do Norte,Outro,Parda,Católica,Centro Esquerda,>10,,,
246,D,Goiás,Outro,Branca,Judaíca,Extrema Esquerda,4-6,,,
247,B,Distrito Federal,Outro,Parda,Outras,Extrema Esquerda,7-10,,,
248,C,Distrito Federal,Smartphone/Celular,Parda,Espírita,Centro Esquerda,4-6,,,
249,A,Espírito Santo,Outro,Parda,Evangélica,Centro Esquerda,7-10,,,
250,D,Distrito Federal,Desktop/Computador de mesa,Preta,Espírita,Direita,4-6,,,
251,B,Pernambuco,Smartphone/Celular,Parda,Católica,Centro,<1,,,
252,D,Rio de Janeiro,Outro,Parda,Ateu,Centro Esquerda,4-6,,,
253,D,Alagoas,Desktop/Computador de mesa,Parda,Judaíca,Direita,7-10,,,
254,D,Amapá,Smartphone/Celular,Indígena,Agnóstico,Direita,7-10,,,
255,C,Rio de Janeiro,Tablet,Branca,Judaíca,Direita,7-10,,,
256,A,São Paulo,Notebook/Netbook,Amarela,Católica,Centro Direita,7-10,,,
257,D,Distrito Federal,Tablet,Amarela,Judaíca,Esquerda,4-6,,,
258,D,Distrito Federal,Notebook/Netbook,Preta,Outras,Esquerda,>10,,,
259,D,Rondônia,Tablet,Indígena,Católica,Esquerda,<1,,,
260,D,Amazonas,Outro,Indígena,Outras,Não se interessa,4-6,,,
261,E,Pará,Smartphone/Celular,Parda,Agnóstico,Extrema Esquerda,>10,,,
262,A,Goiás,Outro,Preta,Evangélica,Extrema Direita,4-6,,,
263,E,Pernambuco,Notebook/Netbook,Preta,Espírita,Esquerda,<1,,,
264,B,Ceará,Outro,Preta,Evangélica,Centro,7-10,,,
265,C,Distrito Federal,Notebook/Netbook,Branca,Ateu,Centro Esquerda,7-10,,,
266,B,Paraná,Notebook/Netbook,Indígena,Judaíca,Não se interessa,1-3,,,
267,A,Bahia,Outro,Prefiro não dizer,Outras,Centro Direita,<1,,,
268,E,Minas Gerais,Tablet,Parda,Evangélica,Extrema Direita,<1,,,
269,E,Roraima,Smartphone/Celular,Preta,Ateu,Não se interessa,7-10,,,
270,A,São Paulo,Tablet,Prefiro não dizer,Judaíca,Direita,4-6,,,
271,B,Paraíba,Notebook/Netbook,Prefiro não dizer,Espírita,Extrema Direita,>10,,,
272,D,Minas Gerais,Smartphone/Celular,Branca,Católica,Centro Esquerda,7-10,,,
273,C,Bahia,Notebook/Netbook,Prefiro não dizer,Judaíca,Extrema Direita,4-6,,,
274,D,Ceará,Smartphone/Celular,Branca,Ateu,Extrema Esquerda,1-3,,,
275,E,Acre,Smartphone/Celular,Preta,Agnóstico,Centro Esquerda,7-10,,,
276,A,Santa Catarina,Desktop/Computador de mesa,Indígena,Católica,Extrema Esquerda,1-3,,,
277,B,Santa Catarina,Notebook/Netbook,Prefiro não dizer,Agnóstico,Extrema Esquerda,4-6,,,
278,E,Roraima,Tablet,Branca,Ateu,Direita,>10,,,
279,E,Tocantins,Notebook/Netbook,Parda,Agnóstico,Não se interessa,<1,,,
280,E,Mato Grosso,Outro,Prefiro não dizer,Ateu,Extrema Direita,<1,,,
281,C,Pernambuco,Notebook/Netbook,Branca,Evangélica,Centro Direita,1-3,,,
282,E,Goiás,Smartphone/Celular,Prefiro não dizer,Agnóstico,Centro,1-3,,,
283,C,Goiás,Desktop/Computador de mesa,Preta,Agnóstico,Centro,7-10,,,
284,C,Espírito Santo,Smartphone/Celular,Parda,Ateu,Centro,1-3,,,
285,E,Paraíba,Notebook/Netbook,Prefiro não dizer,Agnóstico,Extrema Direita,>10,,,
286,C,Amazonas,Tablet,Prefiro não dizer,Espírita,Centro Esquerda,>10,,,
287,C,Espírito Santo,Outro,Parda,Ateu,Não se interessa,7-10,,,
288,A,Maranhão,Notebook/Netbook,Preta,Católica,Esquerda,7-10,,,
289,B,Paraíba,Notebook/Netbook,Branca,Católica,Extrema Direita,7-10,,,
290,C,Mato Grosso,Notebook/Netbook,Branca,Ateu,Direita,4-6,,,
291,E,Rio Grande do Norte,Smartphone/Celular,Preta,Outras,Extrema Direita,7-10,,,
292,B,Mato Grosso,Smartphone/Celular,Indígena,Agnóstico,Esquerda,>10,,,
293,A,Santa Catarina,Outro,Prefiro não dizer,Ateu,Centro Esquerda,>10,,,
294,C,Espírito Santo,Outro,Prefiro não dizer,Outras,Extrema Direita,7-10,,,
295,C,Rondônia,Smartphone/Celular,Preta,Católica,Direita,>10,,,
296,E,Santa Catarina,Desktop/Computador de mesa,Branca,Ateu,Não se interessa,>10,,,
297,A,Amapá,Tablet,Prefiro não dizer,Agnóstico,Centro Esquerda,1-3,,,
298,C,Tocantins,Notebook/Netbook,Indígena,Agnóstico,Centro,4-6,,,
299,E,Rondônia,Smartphone/Celular,Branca,Ateu,Não se interessa,<1,,,
300,B,Rio Grande do Sul,Outro,Indígena,Agnóstico,Não se interessa,4-6,,,
301,A,Alagoas,Outro,Parda,Espírita,Extrema Esquerda,<1,,,
302,D,Acre,Tablet,Branca,Espírita,Centro,1-3,,,
303,B,Paraíba,Tablet,Branca,Outras,Não se interessa,1-3,,,
304,B,Distrito Federal,Notebook/Netbook,Branca,Católica,Extrema Direita,1-3,,,
305,B,Sergipe,Smartphone/Celular,Parda,Católica,Extrema Direita,<1,,,
306,E,Distrito Federal,Desktop/Computador de mesa,Amarela,Judaíca,Centro Esquerda,7-10,,,
307,A,Rondônia,Desktop/Computador de mesa,Amarela,Católica,Centro,<1,,,
308,C,Santa Catarina,Smartphone/Celular,Preta,Espírita,Direita,4-6,,,
309,E,São Paulo,Notebook/Netbook,Indígena,Espírita,Extrema Esquerda,>10,,,
310,B,Rio Grande do Norte,Tablet,Preta,Ateu,Extrema Esquerda,4-6,,,
311,C,Santa Catarina,Notebook/Netbook,Prefiro não dizer,Ateu,Esquerda,7-10,,,
312,D,Amazonas,Smartphone/Celular,Amarela,Judaíca,Centro Direita,<1,,,
313,E,Distrito Federal,Outro,Preta,Ateu,Direita,<1,,,
314,B,Amazonas,Desktop/Computador de mesa,Amarela,Católica,Centro Direita,<1,,,
315,E,Rio Grande do Norte,Notebook/Netbook,Branca,Outras,Extrema Esquerda,1-3,,,
316,E,Mato Grosso,Notebook/Netbook,Prefiro não dizer,Católica,Direita,>10,,,
317,A,Paraná,Smartphone/Celular,Preta,Outras,Direita,<1,,,
318,C,Bahia,Smartphone/Celular,Preta,Judaíca,Direita,4-6,,,
319,E,Tocantins,Notebook/Netbook,Amarela,Espírita,Direita,<1,,,
320,C,Santa Catarina,Desktop/Computador de mesa,Indígena,Espírita,Não se interessa,<1,,,
321,C,Tocantins,Outro,Indígena,Católica,Extrema Direita,<1,,,
322,C,Amazonas,Notebook/Netbook,Amarela,Outras,Centro,4-6,,,
323,D,Rio Grande do Norte,Desktop/Computador de mesa,Prefiro não dizer,Ateu,Esquerda,<1,,,
324,B,Santa Catarina,Outro,Parda,Espírita,Esquerda,7-10,,,
325,B,Mato Grosso,Desktop/Computador de mesa,Parda,Católica,Esquerda,<1,,,
326,A,Pernambuco,Desktop/Computador de mesa,Branca,Ateu,Direita,1-3,,,
327,B,Rondônia,Outro,Branca,Católica,Não se interessa,>10,,,
328,E,Rio Grande do Norte,Desktop/Computador de mesa,Branca,Evangélica,Extrema Esquerda,>10,,,
329,D,Acre,Outro,Parda,Católica,Extrema Esquerda,<1,,,
330,E,Espírito Santo,Desktop/Computador de mesa,Prefiro não dizer,Católica,Direita,7-10,,,
331,E,Amapá,Outro,Branca,Espírita,Extrema Direita,<1,,,
332,B,Rio de Janeiro,Desktop/Computador de mesa,Amarela,Outras,Extrema Esquerda,1-3,,,
333,C,Rio Grande do Norte,Smartphone/Celular,Branca,Outras,Centro Esquerda,4-6,,,
334,D,Pernambuco,Desktop/Computador de mesa,Prefiro não dizer,Agnóstico,Não se interessa,1-3,,,
335,C,Rondônia,Smartphone/Celular,Parda,Espírita,Extrema Esquerda,>10,,,
336,E,Sergipe,Notebook/Netbook,Preta,Espírita,Extrema Direita,1-3,,,
337,B,Rio Grande do Sul,Smartphone/Celular,Parda,Outras,Centro Esquerda,1-3,,,
338,A,Rio Grande do Norte,Desktop/Computador de mesa,Parda,Ateu,Esquerda,7-10,,,
339,A,Minas Gerais,Notebook/Netbook,Preta,Outras,Extrema Esquerda,7-10,,,
340,D,Pernambuco,Notebook/Netbook,Parda,Outras,Centro,<1,,,
341,E,Amazonas,Tablet,Parda,Ateu,Esquerda,1-3,,,
342,C,Goiás,Desktop/Computador de mesa,Parda,Agnóstico,Direita,1-3,,,
343,B,Minas Gerais,Tablet,Preta,Evangélica,Centro Direita,<1,,,
344,B,Paraíba,Notebook/Netbook,Preta,Espírita,Centro,7-10,,,
345,C,Paraná,Notebook/Netbook,Indígena,Espírita,Extrema Direita,1-3,,,
346,B,Minas Gerais,Smartphone/Celular,Branca,Ateu,Extrema Esquerda,4-6,,,
347,E,Mato Grosso,Smartphone/Celular,Amarela,Outras,Direita,>10,,,
348,D,Pará,Smartphone/Celular,Indígena,Outras,Direita,4-6,,,
349,D,Alagoas,Notebook/Netbook,Parda,Evangélica,Centro Direita,>10,,,
350,E,Santa Catarina,Desktop/Computador de mesa,Prefiro não dizer,Evangélica,Centro Direita,7-10,,,
351,D,Santa Catarina,Smartphone/Celular,Branca,Evangélica,Não se interessa,1-3,,,
352,D,Paraná,Smartphone/Celular,Indígena,Espírita,Esquerda,1-3,,,
353,B,Espírito Santo,Outro,Prefiro não dizer,Ateu,Esquerda,>10,,,
354,C,Sergipe,Tablet,Parda,Judaíca,Não se interessa,4-6,,,
355,A,Pará,Outro,Parda,Católica,Centro Direita,<1,,,
356,A,Mato Grosso,Desktop/Computador de mesa,Indígena,Agnóstico,Centro,4-6,,,
357,C,Amapá,Tablet,Parda,Agnóstico,Centro,7-10,,,
358,E,Distrito Federal,Notebook/Netbook,Parda,Evangélica,Centro Esquerda,4-6,,,
359,E,Maranhão,Outro,Amarela,Outras,Centro Direita,7-10,,,
360,C,Piauí,Desktop/Computador de mesa,Amarela,Católica,Centro,>10,,,
361,C,Acre,Tablet,Branca,Católica,Centro Esquerda,1-3,,,
362,B,Rondônia,Smartphone/Celular,Parda,Espírita,Extrema Direita,>10,,,
363,A,Espírito Santo,Smartphone/Celular,Prefiro não dizer,Católica,Não se interessa,7-10,,,
364,E,Tocantins,Smartphone/Celular,Prefiro não dizer,Ateu,Extrema Direita,>10,,,
365,A,Amapá,Smartphone/Celular,Amarela,Outras,Esquerda,4-6,,,
366,E,Mato Grosso,Desktop/Computador de mesa,Prefiro não dizer,Católica,Centro,1-3,,,
367,E,Goiás,Smartphone/Celular,Amarela,Judaíca,Esquerda,7-10,,,
368,B,Amazonas,Smartphone/Celular,Amarela,Outras,Extrema Direita,4-6,,,
369,D,Mato Grosso do Sul,Outro,Indígena,Agnóstico,Não se interessa,7-10,,,
370,D,Bahia,Tablet,Indígena,Judaíca,Não se interessa,>10,,,
371,B,Piauí,Notebook/Netbook,Amarela,Judaíca,Centro Esquerda,1-3,,,
372,A,Maranhão,Smartphone/Celular,Amarela,Católica,Centro Direita,>10,,,
373,E,Paraíba,Smartphone/Celular,Preta,Judaíca,Direita,1-3,,,
374,D,Rondônia,Desktop/Computador de mesa,Amarela,Judaíca,Esquerda,>10,,,
375,C,Mato Grosso,Tablet,Parda,Espírita,Centro Esquerda,1-3,,,
376,E,Piauí,Desktop/Computador de mesa,Amarela,Espírita,Extrema Direita,4-6,,,
377,E,Rio Grande do Sul,Desktop/Computador de mesa,Preta,Judaíca,Não se interessa,4-6,,,
378,D,Mato Grosso,Tablet,Prefiro não dizer,Espírita,Não se interessa,>10,,,
379,D,Distrito Federal,Outro,Prefiro não dizer,Agnóstico,Direita,1-3,,,
380,C,Espírito Santo,Outro,Branca,Outras,Centro,<1,,,
381,E,Amapá,Notebook/Netbook,Amarela,Católica,Centro,<1,,,
382,B,Maranhão,Tablet,Branca,Agnóstico,Extrema Direita,<1,,,
383,B,Paraná,Smartphone/Celular,Amarela,Católica,Extrema Esquerda,<1,,,
384,C,Acre,Notebook/Netbook,Preta,Evangélica,Centro Esquerda,4-6,,,
385,E,Paraná,Smartphone/Celular,Prefiro não dizer,Judaíca,Direita,<1,,,
386,A,Amazonas,Notebook/Netbook,Indígena,Outras,Centro,4-6,,,
387,B,Rio Grande do Norte,Tablet,Prefiro não dizer,Outras,Esquerda,7-10,,,
388,E,Minas Gerais,Desktop/Computador de mesa,Parda,Espírita,Centro,>10,,,
389,D,São Paulo,Smartphone/Celular,Preta,Espírita,Centro Esquerda,1-3,,,
390,B,Ceará,Desktop/Computador de mesa,Amarela,Católica,Direita,<1,,,
391,A,Roraima,Desktop/Computador de mesa,Preta,Agnóstico,Esquerda,4-6,,,
392,C,Distrito Federal,Tablet,Prefiro não dizer,Ateu,Centro Esquerda,4-6,,,
393,E,Rio Grande do Norte,Smartphone/Celular,Amarela,Agnóstico,Extrema Direita,1-3,,,
394,D,Rondônia,Desktop/Computador de mesa,Parda,Espírita,Extrema Esquerda,<1,,,
395,C,Pernambuco,Notebook/Netbook,Parda,Espírita,Centro Esquerda,>10,,,
396,C,Alagoas,Desktop/Computador de mesa,Amarela,Outras,Esquerda,1-3,,,
397,A,Ceará,Notebook/Netbook,Amarela,Outras,Extrema Esquerda,4-6,,,
398,B,Acre,Tablet,Prefiro não dizer,Agnóstico,Não se interessa,7-10,,,
399,C,Minas Gerais,Smartphone/Celular,Parda,Agnóstico,Não se interessa,4-6,,,
400,B,Rio Grande do Norte,Desktop/Computador de mesa,Branca,Espírita,Centro,4-6,,,
401,D,Rio de Janeiro,Notebook/Netbook,Preta,Espírita,Extrema Esquerda,>10,,,
402,B,Pernambuco,Desktop/Computador de mesa,Indígena,Espírita,Não se interessa,<1,,,
403,A,Alagoas,Smartphone/Celular,Parda,Católica,Centro Direita,4-6,,,
404,C,São Paulo,Smartphone/Celular,Parda,Ateu,Esquerda,>10,,,
405,A,São Paulo,Desktop/Computador de mesa,Parda,Agnóstico,Extrema Esquerda,>10,,,
406,C,Rio Grande do Sul,Smartphone/Celular,Branca,Evangélica,Esquerda,4-6,,,
407,E,Espírito Santo,Desktop/Computador de mesa,Branca,Evangélica,Centro,<1,,,
408,B,Rio Grande do Norte,Outro,Branca,Evangélica,Direita,>10,,,
409,E,Amazonas,Smartphone/Celular,Prefiro não dizer,Espírita,Extrema Esquerda,1-3,,,
410,E,Goiás,Notebook/Netbook,Prefiro não dizer,Judaíca,Direita,4-6,,,
411,B,Tocantins,Notebook/Netbook,Amarela,Católica,Extrema Esquerda,7-10,,,
412,E,Santa Catarina,Desktop/Computador de mesa,Parda,Espírita,Extrema Esquerda,1-3,,,
413,B,Maranhão,Outro,Indígena,Evangélica,Não se interessa,>10,,,
414,D,Sergipe,Notebook/Netbook,Indígena,Ateu,Centro,4-6,,,
415,A,Rio de Janeiro,Desktop/Computador de mesa,Preta,Judaíca,Não se interessa,4-6,,,
416,C,Bahia,Desktop/Computador de mesa,Amarela,Espírita,Centro Esquerda,1-3,,,
417,A,Rondônia,Notebook/Netbook,Amarela,Agnóstico,Centro Esquerda,7-10,,,
418,E,Acre,Smartphone/Celular,Branca,Católica,Direita,>10,,,
419,D,Alagoas,Smartphone/Celular,Amarela,Ateu,Extrema Direita,>10,,,
420,C,Goiás,Outro,Indígena,Outras,Esquerda,4-6,,,
421,C,Pará,Smartphone/Celular,Branca,Ateu,Centro Esquerda,7-10,,,
422,D,Sergipe,Notebook/Netbook,Indígena,Agnóstico,Direita,<1,,,
423,C,Maranhão,Smartphone/Celular,Parda,Ateu,Centro,4-6,,,
424,E,Roraima,Notebook/Netbook,Branca,Evangélica,Centro Direita,7-10,,,
425,A,Mato Grosso,Desktop/Computador de mesa,Prefiro não dizer,Católica,Não se interessa,>10,,,
426,E,Pernambuco,Tablet,Indígena,Espírita,Direita,<1,,,
427,B,Acre,Notebook/Netbook,Preta,Outras,Direita,<1,,,
428,B,Paraná,Notebook/Netbook,Branca,Outras,Esquerda,1-3,,,
429,B,São Paulo,Outro,Preta,Outras,Direita,4-6,,,
430,D,Goiás,Smartphone/Celular,Parda,Agnóstico,Centro Esquerda,<1,,,
431,C,Rio Grande do Norte,Notebook/Netbook,Branca,Ateu,Centro,4-6,,,
432,A,Alagoas,Tablet,Prefiro não dizer,Agnóstico,Extrema Direita,7-10,,,
433,C,Paraíba,Outro,Branca,Outras,Não se interessa,1-3,,,
434,D,Minas Gerais,Smartphone/Celular,Parda,Outras,Extrema Direita,4-6,,,
435,D,Goiás,Outro,Indígena,Agnóstico,Centro Direita,1-3,,,
436,A,Alagoas,Smartphone/Celular,Prefiro não dizer,Evangélica,Centro Direita,>10,,,
437,B,Alagoas,Outro,Indígena,Outras,Centro Esquerda,4-6,,,
438,A,Pará,Tablet,Indígena,Evangélica,Extrema Esquerda,>10,,,
439,E,Bahia,Desktop/Computador de mesa,Branca,Ateu,Centro,<1,,,
440,D,Distrito Federal,Desktop/Computador de mesa,Indígena,Judaíca,Extrema Direita,1-3,,,
441,D,Paraná,Desktop/Computador de mesa,Parda,Agnóstico,Centro Esquerda,4-6,,,
442,C,Bahia,Outro,Indígena,Ateu,Extrema Esquerda,>10,,,
443,C,Piauí,Desktop/Computador de mesa,Preta,Ateu,Centro Esquerda,<1,,,
444,C,Pernambuco,Outro,Branca,Outras,Não se interessa,>10,,,
445,B,Roraima,Desktop/Computador de mesa,Indígena,Católica,Extrema Direita,1-3,,,
446,D,Paraíba,Smartphone/Celular,Indígena,Ateu,Centro Direita,<1,,,
447,A,Paraná,Notebook/Netbook,Parda,Ateu,Centro Esquerda,4-6,,,
448,E,Rio Grande do Sul,Notebook/Netbook,Preta,Católica,Centro Esquerda,1-3,,,
449,A,Paraíba,Smartphone/Celular,Preta,Outras,Extrema Direita,<1,,,
450,B,Acre,Notebook/Netbook,Branca,Católica,Extrema Esquerda,>10,,,
451,A,Minas Gerais,Tablet,Preta,Outras,Não se interessa,7-10,,,
452,C,Bahia,Desktop/Computador de mesa,Parda,Judaíca,Esquerda,1-3,,,
453,B,Ceará,Desktop/Computador de mesa,Parda,Católica,Centro Esquerda,>10,,,
454,B,Amazonas,Smartphone/Celular,Amarela,Evangélica,Extrema Direita,>10,,,
455,D,Rio de Janeiro,Desktop/Computador de mesa,Prefiro não dizer,Outras,Extrema Esquerda,1-3,,,
456,B,Mato Grosso,Outro,Amarela,Espírita,Esquerda,<1,,,
457,B,Rio Grande do Norte,Desktop/Computador de mesa,Indígena,Católica,Centro Direita,1-3,,,
458,D,Paraíba,Outro,Amarela,Ateu,Extrema Direita,<1,,,
459,B,Paraíba,Tablet,Prefiro não dizer,Judaíca,Esquerda,4-6,,,
460,C,Rio de Janeiro,Outro,Branca,Outras,Centro Direita,4-6,,,
461,D,Ceará,Outro,Indígena,Judaíca,Centro Esquerda,4-6,,,
462,C,Tocantins,Desktop/Computador de mesa,Preta,Ateu,Não se interessa,>10,,,
463,B,Rio Grande do Sul,Notebook/Netbook,Indígena,Judaíca,Não se interessa,4-6,,,
464,A,Pará,Outro,Parda,Espírita,Não se interessa,4-6,,,
465,B,Roraima,Outro,Preta,Judaíca,Extrema Esquerda,1-3,,,
466,D,Amazonas,Tablet,Prefiro não dizer,Evangélica,Esquerda,<1,,,
467,D,São Paulo,Smartphone/Celular,Branca,Judaíca,Esquerda,1-3,,,
468,E,Paraná,Outro,Parda,Católica,Não se interessa,7-10,,,
469,B,Alagoas,Desktop/Computador de mesa,Branca,Judaíca,Direita,>10,,,
470,D,Sergipe,Outro,Parda,Evangélica,Extrema Direita,4-6,,,
471,C,Rio de Janeiro,Tablet,Branca,Judaíca,Extrema Direita,4-6,,,
472,A,Minas Gerais,Notebook/Netbook,Indígena,Judaíca,Extrema Direita,4-6,,,
473,B,Mato Grosso do Sul,Desktop/Computador de mesa,Parda,Evangélica,Não se interessa,4-6,,,
474,C,Paraíba,Tablet,Parda,Evangélica,Extrema Direita,4-6,,,
475,C,Amazonas,Tablet,Indígena,Judaíca,Centro Direita,7-10,,,
476,E,Minas Gerais,Desktop/Computador de mesa,Parda,Outras,Centro Direita,>10,,,
477,A,Goiás,Outro,Preta,Ateu,Extrema Direita,7-10,,,
478,E,Maranhão,Outro,Amarela,Evangélica,Centro Esquerda,<1,,,
479,C,Roraima,Outro,Indígena,Judaíca,Extrema Direita,>10,,,
480,A,Mato Grosso,Tablet,Parda,Católica,Não se interessa,<1,,,
481,A,Acre,Outro,Prefiro não dizer,Judaíca,Extrema Direita,<1,,,
482,E,Mato Grosso do Sul,Smartphone/Celular,Indígena,Agnóstico,Não se interessa,>10,,,
483,E,Piauí,Notebook/Netbook,Indígena,Outras,Centro Direita,<1,,,
484,B,Paraná,Outro,Indígena,Ateu,Extrema Direita,1-3,,,
485,E,Espírito Santo,Tablet,Preta,Ateu,Extrema Esquerda,4-6,,,
486,A,Piauí,Outro,Amarela,Ateu,Não se interessa,>10,,,
487,E,Espírito Santo,Notebook/Netbook,Branca,Católica,Não se interessa,<1,,,
488,A,Rio Grande do Norte,Smartphone/Celular,Parda,Judaíca,Centro Esquerda,4-6,,,
489,E,Goiás,Outro,Preta,Ateu,Centro Esquerda,1-3,,,
490,B,Alagoas,Tablet,Branca,Agnóstico,Não se interessa,1-3,,,
491,E,Mato Grosso do Sul,Tablet,Preta,Agnóstico,Esquerda,<1,,,
492,E,Paraíba,Outro,Parda,Outras,Esquerda,1-3,,,
493,D,Ceará,Notebook/Netbook,Parda,Judaíca,Esquerda,7-10,,,
494,D,Pernambuco,Tablet,Preta,Espírita,Centro,<1,,,
495,B,Roraima,Tablet,Amarela,Judaíca,Direita,>10,,,
496,B,Acre,Desktop/Computador de mesa,Prefiro não dizer,Espírita,Centro,7-10,,,
497,C,Rondônia,Notebook/Netbook,Indígena,Judaíca,Esquerda,1-3,,,
498,C,Rio Grande do Sul,Tablet,Prefiro não dizer,Ateu,Extrema Esquerda,4-6,,,
499,D,Paraná,Tablet,Branca,Agnóstico,Direita,7-10,,,
500,B,Rio de Janeiro,Outro,Preta,Espírita,Centro Esquerda,4-6,,,
501,B,Maranhão,Tablet,Amarela,Ateu,Centro Direita,7-10,,,
502,A,Mato Grosso do Sul,Outro,Amarela,Católica,Esquerda,4-6,,,
503,D,Roraima,Smartphone/Celular,Parda,Evangélica,Centro Esquerda,1-3,,,
504,A,Amazonas,Smartphone/Celular,Amarela,Ateu,Esquerda,4-6,,,
505,A,Rio Grande do Sul,Desktop/Computador de mesa,Prefiro não dizer,Evangélica,Centro Esquerda,1-3,,,
506,E,Rio Grande do Sul,Tablet,Preta,Judaíca,Direita,4-6,,,
507,E,Alagoas,Outro,Branca,Judaíca,Centro,4-6,,,
508,E,Paraíba,Desktop/Computador de mesa,Preta,Outras,Não se interessa,4-6,,,
509,A,São Paulo,Smartphone/Celular,Preta,Evangélica,Centro,1-3,,,
510,A,Mato Grosso do Sul,Desktop/Computador de mesa,Indígena,Agnóstico,Direita,1-3,,,
511,C,Paraná,Outro,Parda,Evangélica,Direita,1-3,,,
512,B,Maranhão,Outro,Preta,Ateu,Não se interessa,4-6,,,
513,B,Rio Grande do Norte,Desktop/Computador de mesa,Parda,Judaíca,Centro,4-6,,,
514,A,Sergipe,Outro,Amarela,Outras,Extrema Esquerda,4-6,,,
515,E,Alagoas,Tablet,Indígena,Evangélica,Esquerda,>10,,,
516,E,Roraima,Outro,Branca,Outras,Esquerda,>10,,,
517,A,Piauí,Outro,Amarela,Ateu,Extrema Esquerda,4-6,,,
518,A,Piauí,Tablet,Amarela,Agnóstico,Centro Direita,7-10,,,
519,A,Pará,Smartphone/Celular,Parda,Ateu,Extrema Esquerda,7-10,,,
520,C,Roraima,Notebook/Netbook,Amarela,Espírita,Direita,>10,,,
521,B,Alagoas,Notebook/Netbook,Amarela,Judaíca,Extrema Direita,>10,,,
522,D,Pará,Desktop/Computador de mesa,Prefiro não dizer,Espírita,Centro,>10,,,
523,B,Sergipe,Smartphone/Celular,Prefiro não dizer,Outras,Direita,>10,,,
524,A,Espírito Santo,Smartphone/Celular,Preta,Agnóstico,Não se interessa,1-3,,,
525,E,Tocantins,Outro,Branca,Outras,Extrema Esquerda,>10,,,
526,C,Amapá,Smartphone/Celular,Preta,Judaíca,Centro Direita,7-10,,,
527,E,Amazonas,Outro,Parda,Ateu,Extrema Direita,<1,,,
528,C,Alagoas,Outro,Amarela,Outras,Esquerda,7-10,,,
529,C,Tocantins,Smartphone/Celular,Indígena,Agnóstico,Centro,7-10,,,
530,A,Paraná,Notebook/Netbook,Amarela,Judaíca,Centro Direita,4-6,,,
531,D,Sergipe,Smartphone/Celular,Preta,Outras,Direita,4-6,,,
532,B,Tocantins,Tablet,Branca,Outras,Centro Direita,<1,,,
533,C,São Paulo,Notebook/Netbook,Preta,Outras,Esquerda,>10,,,
534,E,Espírito Santo,Desktop/Computador de mesa,Indígena,Agnóstico,Esquerda,4-6,,,
535,E,Acre,Tablet,Prefiro não dizer,Outras,Esquerda,<1,,,
536,C,Goiás,Smartphone/Celular,Indígena,Judaíca,Centro Esquerda,7-10,,,
537,C,Rondônia,Tablet,Parda,Agnóstico,Extrema Esquerda,7-10,,,
538,B,Pernambuco,Notebook/Netbook,Amarela,Judaíca,Esquerda,7-10,,,
539,B,Distrito Federal,Desktop/Computador de mesa,Prefiro não dizer,Espírita,Centro,1-3,,,
540,E,Rio Grande do Sul,Desktop/Computador de mesa,Branca,Judaíca,Centro,7-10,,,
541,A,Paraná,Outro,Indígena,Católica,Extrema Esquerda,>10,,,
542,E,Maranhão,Notebook/Netbook,Preta,Católica,Não se interessa,1-3,,,
543,C,Piauí,Smartphone/Celular,Prefiro não dizer,Agnóstico,Centro Esquerda,4-6,,,
544,B,Espírito Santo,Desktop/Computador de mesa,Prefiro não dizer,Ateu,Não se interessa,4-6,,,
545,E,Paraná,Smartphone/Celular,Amarela,Católica,Esquerda,1-3,,,
546,E,Maranhão,Notebook/Netbook,Prefiro não dizer,Agnóstico,Centro Esquerda,7-10,,,
547,B,Rio de Janeiro,Smartphone/Celular,Indígena,Ateu,Centro,7-10,,,
548,D,Pará,Desktop/Computador de mesa,Preta,Católica,Direita,7-10,,,
549,D,Roraima,Smartphone/Celular,Parda,Católica,Esquerda,7-10,,,
550,C,Bahia,Smartphone/Celular,Preta,Outras,Centro Direita,1-3,,,
551,B,Rio de Janeiro,Notebook/Netbook,Branca,Evangélica,Extrema Direita,4-6,,,
552,D,Bahia,Smartphone/Celular,Prefiro não dizer,Espírita,Direita,4-6,,,
553,D,Ceará,Notebook/Netbook,Indígena,Outras,Direita,1-3,,,
554,E,Paraná,Notebook/Netbook,Parda,Católica,Não se interessa,7-10,,,
555,A,Roraima,Notebook/Netbook,Prefiro não dizer,Judaíca,Extrema Direita,4-6,,,
556,E,Amapá,Smartphone/Celular,Indígena,Espírita,Centro Esquerda,<1,,,
557,B,Minas Gerais,Smartphone/Celular,Preta,Evangélica,Centro Esquerda,1-3,,,
558,D,Goiás,Desktop/Computador de mesa,Parda,Outras,Centro Direita,4-6,,,
559,A,Alagoas,Desktop/Computador de mesa,Parda,Ateu,Direita,<1,,,
560,E,Paraíba,Desktop/Computador de mesa,Indígena,Outras,Esquerda,>10,,,
561,E,Pernambuco,Smartphone/Celular,Branca,Agnóstico,Esquerda,1-3,,,
562,D,Roraima,Outro,Branca,Evangélica,Extrema Esquerda,>10,,,
563,E,Goiás,Tablet,Amarela,Católica,Centro,<1,,,
564,A,Santa Catarina,Notebook/Netbook,Indígena,Católica,Direita,7-10,,,
565,D,Alagoas,Smartphone/Celular,Amarela,Outras,Esquerda,7-10,,,
566,A,Roraima,Tablet,Indígena,Judaíca,Centro Esquerda,<1,,,
567,E,São Paulo,Tablet,Parda,Judaíca,Centro Direita,>10,,,
568,D,Ceará,Tablet,Indígena,Agnóstico,Centro,>10,,,
569,B,Acre,Outro,Branca,Católica,Centro,>10,,,
570,D,Ceará,Smartphone/Celular,Parda,Agnóstico,Centro,4-6,,,
571,E,Santa Catarina,Outro,Indígena,Agnóstico,Direita,1-3,,,
572,A,São Paulo,Smartphone/Celular,Branca,Ateu,Direita,7-10,,,
573,B,Tocantins,Notebook/Netbook,Preta,Evangélica,Centro,7-10,,,
574,E,Roraima,Smartphone/Celular,Branca,Ateu,Extrema Esquerda,4-6,,,
575,D,Amapá,Notebook/Netbook,Amarela,Outras,Esquerda,1-3,,,
576,D,Tocantins,Tablet,Prefiro não dizer,Judaíca,Extrema Direita,<1,,,
577,E,Mato Grosso do Sul,Smartphone/Celular,Preta,Outras,Centro Direita,7-10,,,
578,E,Distrito Federal,Smartphone/Celular,Preta,Outras,Extrema Direita,1-3,,,
579,E,Santa Catarina,Smartphone/Celular,Amarela,Espírita,Centro Direita,1-3,,,
580,D,Ceará,Notebook/Netbook,Amarela,Ateu,Centro Esquerda,7-10,,,
581,A,Paraíba,Tablet,Prefiro não dizer,Ateu,Extrema Direita,<1,,,
582,B,Sergipe,Tablet,Prefiro não dizer,Evangélica,Centro Esquerda,4-6,,,
583,B,Maranhão,Desktop/Computador de mesa,Parda,Ateu,Não se interessa,<1,,,
584,E,Goiás,Tablet,Parda,Outras,Centro Esquerda,<1,,,
585,E,Roraima,Outro,Amarela,Ateu,Extrema Esquerda,4-6,,,
586,D,Paraná,Notebook/Netbook,Preta,Católica,Centro Direita,<1,,,
587,C,Distrito Federal,Smartphone/Celular,Branca,Judaíca,Extrema Direita,>10,,,
588,B,Tocantins,Tablet,Prefiro não dizer,Agnóstico,Esquerda,7-10,,,
589,E,Mato Grosso do Sul,Tablet,Branca,Católica,Extrema Esquerda,<1,,,
590,A,Mato Grosso do Sul,Outro,Amarela,Espírita,Centro Esquerda,<1,,,
591,E,Ceará,Notebook/Netbook,Preta,Judaíca,Esquerda,>10,,,
592,B,Alagoas,Notebook/Netbook,Prefiro não dizer,Outras,Não se interessa,<1,,,
593,A,Santa Catarina,Tablet,Indígena,Espírita,Centro Direita,1-3,,,
594,D,Paraíba,Outro,Prefiro não dizer,Judaíca,Extrema Esquerda,>10,,,
595,A,Pará,Smartphone/Celular,Indígena,Agnóstico,Extrema Esquerda,<1,,,
596,A,Paraná,Smartphone/Celular,Amarela,Católica,Extrema Direita,<1,,,
597,D,Sergipe,Tablet,Prefiro não dizer,Agnóstico,Esquerda,<1,,,
598,E,São Paulo,Smartphone/Celular,Parda,Agnóstico,Não se interessa,1-3,,,
599,A,Alagoas,Notebook/Netbook,Parda,Outras,Não se interessa,>10,,,
600,D,Santa Catarina,Smartphone/Celular,Parda,Agnóstico,Centro Esquerda,>10,,,
601,C,Rio de Janeiro,Smartphone/Celular,Preta,Espírita,Centro Esquerda,<1,,,
602,D,Acre,Tablet,Indígena,Agnóstico,Centro,>10,,,
603,D,Piauí,Outro,Prefiro não dizer,Agnóstico,Centro,4-6,,,
604,A,Maranhão,Tablet,Prefiro não dizer,Evangélica,Extrema Esquerda,<1,,,
605,D,Piauí,Outro,Branca,Agnóstico,Centro,4-6,,,
606,B,Sergipe,Smartphone/Celular,Indígena,Espírita,Esquerda,4-6,,,
607,C,São Paulo,Notebook/Netbook,Branca,Católica,Centro,>10,,,
608,E,Espírito Santo,Desktop/Computador de mesa,Prefiro não dizer,Agnóstico,Esquerda,1-3,,,
609,E,Sergipe,Desktop/Computador de mesa,Prefiro não dizer,Agnóstico,Não se interessa,1-3,,,
610,E,Mato Grosso do Sul,Smartphone/Celular,Amarela,Espírita,Extrema Esquerda,7-10,,,
611,B,Rio Grande do Sul,Notebook/Netbook,Branca,Espírita,Centro Direita,7-10,,,
612,E,Paraná,Tablet,Amarela,Judaíca,Centro,4-6,,,
613,D,Pará,Notebook/Netbook,Prefiro não dizer,Católica,Centro,1-3,,,
614,E,Pará,Notebook/Netbook,Preta,Católica,Direita,4-6,,,
615,E,Mato Grosso,Desktop/Computador de mesa,Indígena,Outras,Centro,>10,,,
616,E,Mato Grosso do Sul,Tablet,Branca,Evangélica,Esquerda,4-6,,,
617,C,Minas Gerais,Tablet,Parda,Espírita,Extrema Esquerda,<1,,,
618,D,Rio de Janeiro,Smartphone/Celular,Parda,Outras,Centro Direita,7-10,,,
619,B,Rio Grande do Sul,Notebook/Netbook,Branca,Evangélica,Extrema Direita,<1,,,
620,C,Paraná,Notebook/Netbook,Indígena,Outras,Centro Esquerda,>10,,,
621,A,Rio Grande do Norte,Outro,Amarela,Católica,Extrema Direita,1-3,,,
622,E,Rio de Janeiro,Desktop/Computador de mesa,Amarela,Ateu,Extrema Esquerda,7-10,,,
623,C,Roraima,Outro,Indígena,Evangélica,Extrema Esquerda,4-6,,,
624,E,Alagoas,Notebook/Netbook,Preta,Católica,Centro Direita,7-10,,,
625,A,Acre,Tablet,Preta,Ateu,Não se interessa,>10,,,
626,A,Sergipe,Outro,Prefiro não dizer,Católica,Direita,7-10,,,
627,E,Distrito Federal,Tablet,Indígena,Espírita,Extrema Esquerda,>10,,,
628,C,São Paulo,Notebook/Netbook,Indígena,Ateu,Centro Direita,<1,,,
629,C,Goiás,Desktop/Computador de mesa,Indígena,Ateu,Não se interessa,1-3,,,
630,C,Pernambuco,Desktop/Computador de mesa,Indígena,Evangélica,Direita,<1,,,
631,B,Maranhão,Desktop/Computador de mesa,Branca,Espírita,Centro Esquerda,1-3,,,
632,E,Rio Grande do Norte,Desktop/Computador de mesa,Indígena,Católica,Extrema Direita,>10,,,
633,B,Ceará,Tablet,Preta,Agnóstico,Centro Esquerda,4-6,,,
634,B,Pará,Tablet,Preta,Ateu,Centro,1-3,,,
635,E,Minas Gerais,Desktop/Computador de mesa,Branca,Agnóstico,Extrema Esquerda,4-6,,,
636,E,Pernambuco,Notebook/Netbook,Prefiro não dizer,Outras,Direita,1-3,,,
637,D,Roraima,Smartphone/Celular,Indígena,Ateu,Extrema Direita,<1,,,
638,E,Piauí,Tablet,Prefiro não dizer,Judaíca,Extrema Esquerda,1-3,,,
639,A,Roraima,Outro,Preta,Ateu,Centro Esquerda,4-6,,,
640,A,Santa Catarina,Tablet,Amarela,Católica,Centro Esquerda,>10,,,
641,E,Rio Grande do Norte,Outro,Branca,Espírita,Centro,1-3,,,
642,E,Espírito Santo,Outro,Amarela,Ateu,Centro Esquerda,<1,,,
643,C,Rio de Janeiro,Outro,Prefiro não dizer,Evangélica,Centro Esquerda,>10,,,
644,C,Sergipe,Tablet,Preta,Espírita,Centro,<1,,,
645,A,Pernambuco,Smartphone/Celular,Indígena,Outras,Não se interessa,1-3,,,
646,C,Amazonas,Smartphone/Celular,Branca,Agnóstico,Extrema Esquerda,7-10,,,
647,A,Paraíba,Notebook/Netbook,Prefiro não dizer,Outras,Centro,<1,,,
648,E,Bahia,Desktop/Computador de mesa,Parda,Agnóstico,Direita,>10,,,
649,B,Pernambuco,Tablet,Amarela,Espírita,Extrema Esquerda,1-3,,,
650,C,Mato Grosso,Outro,Preta,Ateu,Esquerda,4-6,,,
651,D,Pará,Outro,Indígena,Outras,Centro Direita,7-10,,,
652,D,São Paulo,Tablet,Preta,Ateu,Esquerda,<1,,,
653,E,Paraná,Notebook/Netbook,Prefiro não dizer,Agnóstico,Centro Esquerda,>10,,,
654,A,Minas Gerais,Tablet,Preta,Espírita,Extrema Direita,4-6,,,
655,B,Rio Grande do Norte,Smartphone/Celular,Preta,Evangélica,Centro Esquerda,7-10,,,
656,A,Roraima,Outro,Prefiro não dizer,Evangélica,Centro Esquerda,<1,,,
657,E,Espírito Santo,Desktop/Computador de mesa,Parda,Evangélica,Centro Direita,7-10,,,
658,B,Goiás,Smartphone/Celular,Parda,Judaíca,Centro,7-10,,,
659,A,Rondônia,Notebook/Netbook,Prefiro não dizer,Católica,Centro Esquerda,7-10,,,
660,D,Paraíba,Outro,Indígena,Judaíca,Centro Direita,7-10,,,
661,A,Rio de Janeiro,Notebook/Netbook,Preta,Evangélica,Esquerda,4-6,,,
662,C,Paraíba,Desktop/Computador de mesa,Prefiro não dizer,Evangélica,Centro,7-10,,,
663,E,Mato Grosso do Sul,Notebook/Netbook,Prefiro não dizer,Agnóstico,Não se interessa,4-6,,,
664,A,Amapá,Desktop/Computador de mesa,Branca,Outras,Centro Esquerda,1-3,,,
665,C,Mato Grosso,Notebook/Netbook,Branca,Agnóstico,Esquerda,<1,,,
666,D,Rio Grande do Norte,Smartphone/Celular,Branca,Judaíca,Centro Esquerda,4-6,,,
667,B,São Paulo,Smartphone/Celular,Branca,Agnóstico,Centro,1-3,,,
668,A,Tocantins,Notebook/Netbook,Prefiro não dizer,Outras,Extrema Esquerda,4-6,,,
669,E,Amazonas,Desktop/Computador de mesa,Amarela,Ateu,Esquerda,>10,,,
670,B,Amazonas,Tablet,Indígena,Agnóstico,Centro,7-10,,,
671,C,Mato Grosso,Smartphone/Celular,Amarela,Ateu,Direita,>10,,,
672,A,Distrito Federal,Smartphone/Celular,Prefiro não dizer,Evangélica,Extrema Esquerda,>10,,,
673,A,Distrito Federal,Notebook/Netbook,Prefiro não dizer,Evangélica,Esquerda,>10,,,
674,B,Goiás,Tablet,Branca,Católica,Centro Esquerda,<1,,,
675,C,Tocantins,Notebook/Netbook,Preta,Outras,Centro Esquerda,7-10,,,
676,D,São Paulo,Outro,Preta,Evangélica,Centro Direita,7-10,,,
677,B,Pernambuco,Smartphone/Celular,Indígena,Judaíca,Centro Direita,4-6,,,
678,D,Maranhão,Outro,Branca,Judaíca,Centro Direita,7-10,,,
679,B,Piauí,Desktop/Computador de mesa,Amarela,Outras,Esquerda,>10,,,
680,E,Paraíba,Smartphone/Celular,Indígena,Espírita,Não se interessa,4-6,,,
681,E,Pará,Desktop/Computador de mesa,Preta,Espírita,Centro Direita,7-10,,,
682,B,Paraíba,Desktop/Computador de mesa,Preta,Evangélica,Extrema Esquerda,<1,,,
683,A,Ceará,Tablet,Parda,Evangélica,Não se interessa,>10,,,
684,E,Maranhão,Desktop/Computador de mesa,Amarela,Católica,Extrema Direita,4-6,,,
685,D,Mato Grosso do Sul,Desktop/Computador de mesa,Parda,Espírita,Extrema Esquerda,<1,,,
686,E,Goiás,Tablet,Branca,Outras,Centro,1-3,,,
687,A,Ceará,Desktop/Computador de mesa,Preta,Agnóstico,Não se interessa,<1,,,
688,D,Espírito Santo,Smartphone/Celular,Branca,Espírita,Extrema Direita,<1,,,
689,D,Bahia,Notebook/Netbook,Preta,Judaíca,Extrema Direita,7-10,,,
690,B,Rio Grande do Sul,Desktop/Computador de mesa,Branca,Outras,Extrema Direita,>10,,,
691,E,Sergipe,Smartphone/Celular,Prefiro não dizer,Católica,Centro,4-6,,,
692,A,Paraná,Notebook/Netbook,Branca,Espírita,Direita,4-6,,,
693,A,Espírito Santo,Tablet,Branca,Ateu,Extrema Direita,7-10,,,
694,C,Paraíba,Smartphone/Celular,Parda,Ateu,Esquerda,7-10,,,
695,A,Pernambuco,Outro,Branca,Outras,Extrema Direita,>10,,,
696,D,São Paulo,Desktop/Computador de mesa,Prefiro não dizer,Judaíca,Extrema Direita,1-3,,,
697,C,Alagoas,Smartphone/Celular,Indígena,Espírita,Direita,>10,,,
698,C,Rondônia,Smartphone/Celular,Parda,Católica,Direita,4-6,,,
699,D,Espírito Santo,Desktop/Computador de mesa,Amarela,Agnóstico,Direita,>10,,,
700,D,Rondônia,Smartphone/Celular,Parda,Judaíca,Extrema Direita,4-6,,,
701,B,São Paulo,Smartphone/Celular,Amarela,Católica,Centro,7-10,,,
702,C,Santa Catarina,Notebook/Netbook,Preta,Outras,Direita,>10,,,
703,A,Rio de Janeiro,Notebook/Netbook,Preta,Agnóstico,Direita,4-6,,,
704,E,Santa Catarina,Smartphone/Celular,Parda,Outras,Extrema Direita,7-10,,,
705,B,Roraima,Smartphone/Celular,Indígena,Agnóstico,Esquerda,<1,,,
706,B,Espírito Santo,Desktop/Computador de mesa,Parda,Judaíca,Centro Esquerda,1-3,,,
707,A,Rio Grande do Norte,Smartphone/Celular,Amarela,Evangélica,Esquerda,4-6,,,
708,C,Mato Grosso,Tablet,Indígena,Outras,Centro Direita,1-3,,,
709,B,Alagoas,Notebook/Netbook,Indígena,Agnóstico,Não se interessa,7-10,,,
710,B,Tocantins,Notebook/Netbook,Branca,Agnóstico,Centro,7-10,,,
711,E,Tocantins,Tablet,Preta,Ateu,Centro,<1,,,
712,E,Pernambuco,Outro,Prefiro não dizer,Espírita,Centro Direita,<1,,,
713,A,Tocantins,Notebook/Netbook,Prefiro não dizer,Judaíca,Esquerda,1-3,,,
714,D,Espírito Santo,Desktop/Computador de mesa,Indígena,Espírita,Centro,<1,,,
715,A,Espírito Santo,Tablet,Amarela,Agnóstico,Centro,<1,,,
716,D,Santa Catarina,Desktop/Computador de mesa,Amarela,Agnóstico,Não se interessa,>10,,,
717,E,Espírito Santo,Desktop/Computador de mesa,Branca,Evangélica,Extrema Esquerda,4-6,,,
718,A,Distrito Federal,Desktop/Computador de mesa,Amarela,Ateu,Esquerda,4-6,,,
719,C,Ceará,Notebook/Netbook,Parda,Católica,Esquerda,4-6,,,
720,C,Ceará,Outro,Amarela,Agnóstico,Não se interessa,4-6,,,
721,A,Tocantins,Smartphone/Celular,Amarela,Outras,Direita,<1,,,
722,C,Espírito Santo,Outro,Amarela,Ateu,Extrema Direita,4-6,,,
723,E,Mato Grosso do Sul,Desktop/Computador de mesa,Amarela,Outras,Extrema Esquerda,>10,,,
724,C,Minas Gerais,Smartphone/Celular,Parda,Judaíca,Não se interessa,7-10,,,
725,A,Mato Grosso do Sul,Smartphone/Celular,Prefiro não dizer,Outras,Não se interessa,1-3,,,
726,E,Bahia,Desktop/Computador de mesa,Parda,Outras,Extrema Direita,>10,,,
727,A,Santa Catarina,Desktop/Computador de mesa,Parda,Católica,Extrema Direita,4-6,,,
728,C,Tocantins,Smartphone/Celular,Parda,Espírita,Direita,>10,,,
729,C,Pernambuco,Desktop/Computador de mesa,Amarela,Outras,Não se interessa,<1,,,
730,B,Acre,Outro,Indígena,Católica,Não se interessa,7-10,,,
731,B,Mato Grosso,Outro,Parda,Judaíca,Extrema Direita,4-6,,,
732,C,Distrito Federal,Tablet,Prefiro não dizer,Outras,Centro Direita,7-10,,,
733,E,Mato Grosso do Sul,Smartphone/Celular,Amarela,Evangélica,Não se interessa,7-10,,,
734,D,Paraná,Smartphone/Celular,Branca,Agnóstico,Não se interessa,<1,,,
735,C,Alagoas,Smartphone/Celular,Parda,Evangélica,Extrema Esquerda,1-3,,,
736,C,Espírito Santo,Smartphone/Celular,Indígena,Agnóstico,Esquerda,7-10,,,
737,D,Roraima,Desktop/Computador de mesa,Preta,Ateu,Direita,7-10,,,
738,E,Pernambuco,Notebook/Netbook,Branca,Agnóstico,Centro Direita,<1,,,
739,E,Mato Grosso do Sul,Desktop/Computador de mesa,Amarela,Católica,Extrema Direita,4-6,,,
740,D,Bahia,Smartphone/Celular,Branca,Outras,Não se interessa,<1,,,
741,B,Tocantins,Tablet,Branca,Outras,Não se interessa,1-3,,,
742,A,Distrito Federal,Outro,Amarela,Judaíca,Extrema Esquerda,7-10,,,
743,E,Amazonas,Tablet,Preta,Evangélica,Centro Esquerda,1-3,,,
744,C,Maranhão,Smartphone/Celular,Prefiro não dizer,Agnóstico,Não se interessa,>10,,,
745,E,Acre,Desktop/Computador de mesa,Parda,Católica,Extrema Esquerda,<1,,,
746,A,Sergipe,Tablet,Prefiro não dizer,Ateu,Esquerda,<1,,,
747,A,Rio de Janeiro,Tablet,Indígena,Agnóstico,Não se interessa,<1,,,
748,B,Amapá,Smartphone/Celular,Preta,Judaíca,Centro Esquerda,1-3,,,
749,D,Santa Catarina,Tablet,Indígena,Católica,Direita,<1,,,
750,C,Amazonas,Tablet,Branca,Espírita,Centro,>10,,,
751,D,Goiás,Desktop/Computador de mesa,Parda,Agnóstico,Esquerda,4-6,,,
752,E,Santa Catarina,Desktop/Computador de mesa,Preta,Judaíca,Esquerda,>10,,,
753,C,Mato Grosso,Smartphone/Celular,Indígena,Outras,Esquerda,<1,,,
754,D,Alagoas,Smartphone/Celular,Branca,Agnóstico,Esquerda,7-10,,,
755,D,Rio Grande do Sul,Smartphone/Celular,Parda,Ateu,Extrema Esquerda,1-3,,,
756,A,Amazonas,Desktop/Computador de mesa,Amarela,Espírita,Esquerda,1-3,,,
757,E,Pernambuco,Notebook/Netbook,Parda,Agnóstico,Extrema Esquerda,<1,,,
758,E,Distrito Federal,Tablet,Branca,Católica,Centro Esquerda,4-6,,,
759,C,Rio Grande do Norte,Tablet,Parda,Espírita,Centro Esquerda,>10,,,
760,A,Roraima,Desktop/Computador de mesa,Preta,Espírita,Esquerda,<1,,,
761,E,Distrito Federal,Tablet,Branca,Espírita,Centro Esquerda,1-3,,,
762,B,São Paulo,Smartphone/Celular,Indígena,Agnóstico,Extrema Esquerda,4-6,,,
763,A,Alagoas,Smartphone/Celular,Branca,Ateu,Direita,1-3,,,
764,D,Mato Grosso,Smartphone/Celular,Branca,Evangélica,Não se interessa,1-3,,,
765,B,Pará,Notebook/Netbook,Preta,Outras,Direita,>10,,,
766,D,Mato Grosso do Sul,Smartphone/Celular,Amarela,Outras,Não se interessa,1-3,,,
767,B,Mato Grosso,Smartphone/Celular,Parda,Agnóstico,Não se interessa,7-10,,,
768,B,Santa Catarina,Notebook/Netbook,Indígena,Espírita,Direita,>10,,,
769,B,São Paulo,Tablet,Preta,Outras,Extrema Direita,<1,,,
770,A,Pará,Tablet,Parda,Católica,Não se interessa,1-3,,,
771,E,Mato Grosso do Sul,Tablet,Preta,Agnóstico,Esquerda,>10,,,
772,C,Tocantins,Notebook/Netbook,Indígena,Ateu,Centro Esquerda,>10,,,
773,D,Pernambuco,Outro,Branca,Evangélica,Extrema Esquerda,<1,,,
774,C,Santa Catarina,Tablet,Prefiro não dizer,Ateu,Centro Direita,4-6,,,
775,A,São Paulo,Smartphone/Celular,Preta,Judaíca,Esquerda,1-3,,,
776,E,Amazonas,Notebook/Netbook,Parda,Evangélica,Esquerda,>10,,,
777,C,Minas Gerais,Outro,Amarela,Agnóstico,Esquerda,<1,,,
778,E,Paraíba,Desktop/Computador de mesa,Indígena,Espírita,Centro Esquerda,>10,,,
779,B,Sergipe,Desktop/Computador de mesa,Indígena,Judaíca,Centro,>10,,,
780,A,Distrito Federal,Notebook/Netbook,Prefiro não dizer,Católica,Centro Esquerda,1-3,,,
781,D,Paraíba,Tablet,Indígena,Espírita,Extrema Esquerda,1-3,,,
782,D,Paraná,Smartphone/Celular,Prefiro não dizer,Evangélica,Direita,1-3,,,
783,C,Maranhão,Outro,Preta,Espírita,Extrema Esquerda,7-10,,,
784,D,Roraima,Desktop/Computador de mesa,Prefiro não dizer,Agnóstico,Esquerda,>10,,,
785,B,Minas Gerais,Tablet,Parda,Evangélica,Extrema Esquerda,4-6,,,
786,D,Goiás,Smartphone/Celular,Amarela,Católica,Extrema Esquerda,4-6,,,
787,E,Rio Grande do Sul,Tablet,Indígena,Judaíca,Não se interessa,7-10,,,
788,C,Tocantins,Outro,Preta,Judaíca,Extrema Esquerda,1-3,,,
789,D,Espírito Santo,Notebook/Netbook,Amarela,Ateu,Centro,<1,,,
790,C,Alagoas,Smartphone/Celular,Branca,Evangélica,Direita,>10,,,
791,D,Acre,Notebook/Netbook,Amarela,Outras,Centro,7-10,,,
792,B,Espírito Santo,Outro,Amarela,Espírita,Extrema Direita,7-10,,,
793,D,Acre,Tablet,Indígena,Agnóstico,Direita,7-10,,,
794,C,Mato Grosso do Sul,Desktop/Computador de mesa,Indígena,Evangélica,Centro Esquerda,1-3,,,
795,B,Paraíba,Smartphone/Celular,Parda,Judaíca,Não se interessa,1-3,,,
796,D,Bahia,Tablet,Preta,Ateu,Centro,1-3,,,
797,B,Pará,Notebook/Netbook,Parda,Espírita,Esquerda,4-6,,,
798,C,Paraná,Notebook/Netbook,Parda,Agnóstico,Direita,1-3,,,
799,E,Goiás,Notebook/Netbook,Preta,Ateu,Extrema Esquerda,7-10,,,
800,C,Ceará,Desktop/Computador de mesa,Parda,Evangélica,Extrema Direita,<1,,,
801,B,Piauí,Desktop/Computador de mesa,Parda,Espírita,Extrema Direita,4-6,,,
802,C,Amazonas,Tablet,Amarela,Católica,Centro Esquerda,7-10,,,
803,E,Rio de Janeiro,Desktop/Computador de mesa,Branca,Judaíca,Não se interessa,>10,,,
804,C,São Paulo,Notebook/Netbook,Parda,Agnóstico,Centro Direita,7-10,,,
805,C,Tocantins,Notebook/Netbook,Indígena,Judaíca,Centro,4-6,,,
806,D,Paraíba,Tablet,Indígena,Espírita,Não se interessa,4-6,,,
807,B,Paraíba,Notebook/Netbook,Preta,Agnóstico,Centro,<1,,,
808,E,Amazonas,Notebook/Netbook,Parda,Judaíca,Extrema Direita,>10,,,
809,A,Paraná,Notebook/Netbook,Prefiro não dizer,Outras,Esquerda,<1,,,
810,B,Goiás,Tablet,Branca,Agnóstico,Extrema Esquerda,1-3,,,
811,E,Minas Gerais,Notebook/Netbook,Branca,Agnóstico,Extrema Direita,7-10,,,
812,B,Rondônia,Outro,Preta,Espírita,Direita,1-3,,,
813,D,Alagoas,Outro,Branca,Espírita,Centro Direita,>10,,,
814,D,Rio Grande do Norte,Desktop/Computador de mesa,Amarela,Evangélica,Direita,1-3,,,
815,B,Mato Grosso,Tablet,Prefiro não dizer,Outras,Centro,<1,,,
816,A,Roraima,Smartphone/Celular,Indígena,Evangélica,Extrema Direita,<1,,,
817,A,Pernambuco,Smartphone/Celular,Branca,Outras,Centro Direita,7-10,,,
818,E,Rondônia,Outro,Preta,Judaíca,Esquerda,>10,,,
819,B,Minas Gerais,Outro,Parda,Agnóstico,Direita,4-6,,,
820,B,Paraíba,Notebook/Netbook,Prefiro não dizer,Outras,Não se interessa,4-6,,,
821,C,Roraima,Desktop/Computador de mesa,Indígena,Evangélica,Centro Direita,7-10,,,
822,D,Pará,Desktop/Computador de mesa,Parda,Agnóstico,Centro Esquerda,7-10,,,
823,B,Alagoas,Desktop/Computador de mesa,Prefiro não dizer,Judaíca,Não se interessa,>10,,,
824,E,Acre,Tablet,Preta,Agnóstico,Extrema Direita,>10,,,
825,A,Pará,Notebook/Netbook,Amarela,Católica,Não se interessa,>10,,,
826,D,Goiás,Tablet,Amarela,Católica,Não se interessa,4-6,,,
827,D,Amapá,Notebook/Netbook,Indígena,Agnóstico,Extrema Direita,>10,,,
828,D,Goiás,Smartphone/Celular,Indígena,Outras,Direita,>10,,,
829,B,Mato Grosso,Outro,Prefiro não dizer,Ateu,Extrema Esquerda,4-6,,,
830,D,Amapá,Tablet,Prefiro não dizer,Católica,Extrema Direita,<1,,,
831,D,Pará,Outro,Prefiro não dizer,Judaíca,Centro Direita,>10,,,
832,D,Pará,Outro,Indígena,Evangélica,Não se interessa,1-3,,,
833,A,Rio Grande do Sul,Notebook/Netbook,Parda,Ateu,Esquerda,1-3,,,
834,E,Rio Grande do Sul,Outro,Indígena,Judaíca,Não se interessa,4-6,,,
835,C,Alagoas,Notebook/Netbook,Indígena,Católica,Esquerda,1-3,,,
836,C,Amapá,Smartphone/Celular,Preta,Ateu,Centro,<1,,,
837,C,Paraná,Outro,Preta,Evangélica,Centro,<1,,,
838,E,Rio Grande do Sul,Notebook/Netbook,Parda,Agnóstico,Centro Direita,4-6,,,
839,E,Distrito Federal,Smartphone/Celular,Preta,Agnóstico,Esquerda,>10,,,
840,E,Tocantins,Tablet,Preta,Judaíca,Esquerda,4-6,,,
841,C,Santa Catarina,Desktop/Computador de mesa,Preta,Católica,Extrema Direita,>10,,,
842,B,Espírito Santo,Notebook/Netbook,Prefiro não dizer,Outras,Esquerda,<1,,,
843,E,Piauí,Smartphone/Celular,Parda,Católica,Não se interessa,<1,,,
844,C,Santa Catarina,Smartphone/Celular,Parda,Evangélica,Direita,1-3,,,
845,E,Maranhão,Tablet,Amarela,Evangélica,Esquerda,>10,,,
846,E,Rondônia,Tablet,Indígena,Ateu,Extrema Esquerda,1-3,,,
847,A,Minas Gerais,Notebook/Netbook,Branca,Católica,Extrema Esquerda,<1,,,
848,D,Amapá,Notebook/Netbook,Parda,Evangélica,Extrema Direita,<1,,,
849,A,Distrito Federal,Outro,Parda,Outras,Centro Direita,1-3,,,
850,E,Paraná,Tablet,Branca,Agnóstico,Esquerda,7-10,,,
851,E,Paraíba,Tablet,Parda,Outras,Não se interessa,<1,,,
852,B,Maranhão,Notebook/Netbook,Amarela,Católica,Extrema Esquerda,4-6,,,
853,B,Mato Grosso,Tablet,Prefiro não dizer,Agnóstico,Não se interessa,<1,,,
854,C,Acre,Outro,Parda,Ateu,Centro,7-10,,,
855,A,Tocantins,Smartphone/Celular,Amarela,Ateu,Não se interessa,>10,,,
856,C,Maranhão,Tablet,Branca,Evangélica,Não se interessa,4-6,,,
857,E,Maranhão,Notebook/Netbook,Prefiro não dizer,Católica,Extrema Esquerda,7-10,,,
858,B,Rondônia,Notebook/Netbook,Prefiro não dizer,Ateu,Centro Direita,>10,,,
859,D,Piauí,Notebook/Netbook,Preta,Outras,Centro Direita,<1,,,
860,B,Piauí,Outro,Indígena,Ateu,Direita,>10,,,
861,E,Ceará,Tablet,Branca,Agnóstico,Extrema Esquerda,<1,,,
862,A,Rio Grande do Sul,Tablet,Parda,Católica,Esquerda,<1,,,
863,C,Ceará,Smartphone/Celular,Prefiro não dizer,Judaíca,Centro,7-10,,,
864,D,Pernambuco,Notebook/Netbook,Indígena,Ateu,Extrema Direita,<1,,,
865,B,Ceará,Outro,Prefiro não dizer,Ateu,Extrema Esquerda,1-3,,,
866,A,Minas Gerais,Smartphone/Celular,Branca,Espírita,Extrema Esquerda,4-6,,,
867,E,Santa Catarina,Smartphone/Celular,Indígena,Católica,Esquerda,7-10,,,
868,E,Piauí,Tablet,Indígena,Judaíca,Esquerda,<1,,,
869,E,Pará,Notebook/Netbook,Branca,Católica,Esquerda,<1,,,
870,D,São Paulo,Desktop/Computador de mesa,Preta,Ateu,Centro,4-6,,,
871,D,São Paulo,Smartphone/Celular,Indígena,Judaíca,Extrema Direita,<1,,,
872,D,Mato Grosso,Desktop/Computador de mesa,Branca,Agnóstico,Não se interessa,1-3,,,
873,A,Acre,Notebook/Netbook,Amarela,Agnóstico,Esquerda,4-6,,,
874,B,Paraíba,Outro,Prefiro não dizer,Ateu,Esquerda,<1,,,
875,D,Santa Catarina,Notebook/Netbook,Branca,Outras,Direita,1-3,,,
876,A,Espírito Santo,Outro,Preta,Espírita,Extrema Esquerda,>10,,,
877,D,Distrito Federal,Outro,Indígena,Judaíca,Centro Esquerda,1-3,,,
878,E,Minas Gerais,Tablet,Indígena,Outras,Centro Direita,7-10,,,
879,E,Rondônia,Tablet,Branca,Católica,Não se interessa,1-3,,,
880,B,Rio de Janeiro,Desktop/Computador de mesa,Preta,Evangélica,Extrema Esquerda,1-3,,,
881,C,Mato Grosso do Sul,Outro,Branca,Agnóstico,Extrema Esquerda,1-3,,,
882,C,Santa Catarina,Desktop/Computador de mesa,Parda,Espírita,Extrema Direita,<1,,,
883,A,Sergipe,Notebook/Netbook,Prefiro não dizer,Ateu,Direita,7-10,,,
884,C,Goiás,Smartphone/Celular,Branca,Evangélica,Direita,<1,,,
885,E,Ceará,Smartphone/Celular,Preta,Católica,Extrema Esquerda,<1,,,
886,D,Rio Grande do Sul,Notebook/Netbook,Amarela,Católica,Extrema Direita,4-6,,,
887,E,Distrito Federal,Notebook/Netbook,Amarela,Ateu,Centro Esquerda,7-10,,,
888,E,Amazonas,Tablet,Indígena,Ateu,Centro Direita,>10,,,
889,D,Espírito Santo,Outro,Preta,Espírita,Centro,1-3,,,
890,B,Amazonas,Outro,Prefiro não dizer,Católica,Direita,4-6,,,
891,B,Bahia,Tablet,Branca,Católica,Não se interessa,<1,,,
892,E,Amazonas,Outro,Preta,Judaíca,Centro Esquerda,<1,,,
893,D,Amazonas,Tablet,Indígena,Judaíca,Extrema Direita,1-3,,,
894,E,São Paulo,Tablet,Parda,Outras,Não se interessa,<1,,,
895,E,Acre,Desktop/Computador de mesa,Preta,Católica,Centro Esquerda,<1,,,
896,B,Santa Catarina,Notebook/Netbook,Indígena,Ateu,Não se interessa,4-6,,,
897,B,Rio Grande do Norte,Desktop/Computador de mesa,Branca,Evangélica,Centro Direita,1-3,,,
898,C,Minas Gerais,Tablet,Indígena,Ateu,Não se interessa,>10,,,
899,B,Bahia,Notebook/Netbook,Prefiro não dizer,Evangélica,Extrema Direita,7-10,,,
900,A,Rondônia,Outro,Prefiro não dizer,Ateu,Centro Esquerda,>10,,,
901,D,Sergipe,Smartphone/Celular,Branca,Ateu,Centro Esquerda,4-6,,,
902,A,Pará,Desktop/Computador de mesa,Amarela,Espírita,Centro Esquerda,4-6,,,
903,A,Pernambuco,Tablet,Amarela,Judaíca,Extrema Esquerda,4-6,,,
904,D,Rio de Janeiro,Smartphone/Celular,Parda,Ateu,Direita,<1,,,
905,D,Rio Grande do Sul,Notebook/Netbook,Preta,Agnóstico,Extrema Direita,4-6,,,
906,D,Distrito Federal,Tablet,Branca,Ateu,Não se interessa,7-10,,,
907,E,Acre,Notebook/Netbook,Amarela,Ateu,Não se interessa,1-3,,,
908,A,Roraima,Notebook/Netbook,Preta,Judaíca,Centro Direita,4-6,,,
909,E,Rio Grande do Norte,Desktop/Computador de mesa,Preta,Agnóstico,Centro Esquerda,>10,,,
910,D,Maranhão,Outro,Amarela,Espírita,Extrema Esquerda,<1,,,
911,A,Mato Grosso do Sul,Desktop/Computador de mesa,Parda,Ateu,Centro Esquerda,7-10,,,
912,B,Rio Grande do Norte,Smartphone/Celular,Branca,Evangélica,Esquerda,1-3,,,
913,B,Bahia,Outro,Parda,Católica,Direita,7-10,,,
914,B,Tocantins,Notebook/Netbook,Parda,Espírita,Esquerda,1-3,,,
915,C,Bahia,Notebook/Netbook,Preta,Agnóstico,Esquerda,<1,,,
916,B,Amapá,Smartphone/Celular,Parda,Judaíca,Extrema Direita,<1,,,
917,B,Espírito Santo,Smartphone/Celular,Branca,Agnóstico,Extrema Esquerda,7-10,,,
918,C,Rio de Janeiro,Outro,Parda,Agnóstico,Centro Esquerda,<1,,,
919,B,Amapá,Desktop/Computador de mesa,Branca,Judaíca,Centro,7-10,,,
920,C,Goiás,Smartphone/Celular,Parda,Agnóstico,Centro Esquerda,>10,,,
921,D,São Paulo,Notebook/Netbook,Parda,Ateu,Esquerda,7-10,,,
922,A,Maranhão,Smartphone/Celular,Prefiro não dizer,Outras,Não se interessa,1-3,,,
923,A,Pará,Outro,Branca,Espírita,Direita,1-3,,,
924,E,Bahia,Smartphone/Celular,Branca,Ateu,Não se interessa,1-3,,,
925,A,Amapá,Outro,Amarela,Espírita,Extrema Direita,1-3,,,
926,B,Rio Grande do Sul,Tablet,Parda,Católica,Centro Direita,1-3,,,
927,A,Pará,Notebook/Netbook,Branca,Evangélica,Extrema Direita,7-10,,,
928,A,Pernambuco,Notebook/Netbook,Prefiro não dizer,Ateu,Centro Esquerda,>10,,,
929,B,Mato Grosso,Outro,Prefiro não dizer,Agnóstico,Centro Direita,1-3,,,
930,C,Santa Catarina,Smartphone/Celular,Parda,Agnóstico,Centro,<1,,,
931,C,Rio de Janeiro,Tablet,Prefiro não dizer,Outras,Centro Direita,4-6,,,
932,D,Rio de Janeiro,Desktop/Computador de mesa,Indígena,Evangélica,Esquerda,>10,,,
933,C,Paraíba,Desktop/Computador de mesa,Prefiro não dizer,Agnóstico,Centro Esquerda,>10,,,
934,E,Santa Catarina,Tablet,Parda,Outras,Direita,<1,,,
935,D,Amapá,Tablet,Prefiro não dizer,Agnóstico,Centro Esquerda,>10,,,
936,E,Goiás,Outro,Preta,Agnóstico,Extrema Direita,7-10,,,
937,C,Alagoas,Notebook/Netbook,Preta,Agnóstico,Extrema Direita,<1,,,
938,C,Rio Grande do Sul,Notebook/Netbook,Parda,Outras,Não se interessa,>10,,,
939,C,Rio Grande do Sul,Outro,Indígena,Espírita,Esquerda,<1,,,
940,D,Distrito Federal,Notebook/Netbook,Amarela,Judaíca,Direita,>10,,,
941,A,Rio de Janeiro,Tablet,Preta,Agnóstico,Direita,<1,,,
942,A,Amapá,Smartphone/Celular,Amarela,Agnóstico,Centro Esquerda,1-3,,,
943,E,Bahia,Notebook/Netbook,Indígena,Agnóstico,Esquerda,1-3,,,
944,C,Espírito Santo,Desktop/Computador de mesa,Parda,Agnóstico,Não se interessa,7-10,,,
945,C,Maranhão,Tablet,Branca,Outras,Centro Esquerda,>10,,,
946,B,Paraíba,Desktop/Computador de mesa,Indígena,Outras,Centro Esquerda,1-3,,,
947,C,Acre,Outro,Parda,Judaíca,Direita,4-6,,,
948,B,Acre,Outro,Parda,Agnóstico,Esquerda,>10,,,
949,C,Mato Grosso do Sul,Tablet,Prefiro não dizer,Ateu,Esquerda,7-10,,,
950,A,Ceará,Outro,Amarela,Ateu,Extrema Esquerda,<1,,,
951,E,Bahia,Smartphone/Celular,Indígena,Católica,Não se interessa,4-6,,,
952,C,Mato Grosso do Sul,Outro,Parda,Agnóstico,Esquerda,1-3,,,
953,E,Paraíba,Tablet,Parda,Agnóstico,Centro Esquerda,1-3,,,
954,A,Rio Grande do Norte,Desktop/Computador de mesa,Indígena,Outras,Direita,>10,,,
955,A,Rondônia,Tablet,Parda,Evangélica,Centro,<1,,,
956,E,Roraima,Notebook/Netbook,Preta,Católica,Não se interessa,<1,,,
957,B,Acre,Outro,Branca,Ateu,Extrema Direita,<1,,,
958,B,Paraíba,Tablet,Prefiro não dizer,Espírita,Centro,7-10,,,
959,D,Rio Grande do Norte,Notebook/Netbook,Indígena,Judaíca,Direita,1-3,,,
960,A,Goiás,Smartphone/Celular,Indígena,Evangélica,Não se interessa,4-6,,,
961,D,Amazonas,Smartphone/Celular,Amarela,Outras,Extrema Direita,1-3,,,
962,B,Rio Grande do Sul,Notebook/Netbook,Indígena,Espírita,Centro Direita,4-6,,,
963,E,Sergipe,Smartphone/Celular,Branca,Espírita,Não se interessa,4-6,,,
964,B,Mato Grosso do Sul,Smartphone/Celular,Indígena,Espírita,Centro,>10,,,
965,C,Minas Gerais,Outro,Parda,Católica,Extrema Direita,>10,,,
966,D,Acre,Tablet,Preta,Espírita,Extrema Direita,1-3,,,
967,D,Amazonas,Desktop/Computador de mesa,Preta,Evangélica,Centro Esquerda,7-10,,,
968,E,Acre,Notebook/Netbook,Branca,Agnóstico,Centro Esquerda,>10,,,
969,A,Roraima,Outro,Parda,Agnóstico,Esquerda,>10,,,
970,E,Pernambuco,Outro,Prefiro não dizer,Judaíca,Centro Direita,>10,,,
971,C,Sergipe,Outro,Indígena,Evangélica,Extrema Direita,7-10,,,
972,C,Maranhão,Smartphone/Celular,Preta,Espírita,Centro,7-10,,,
973,B,Alagoas,Desktop/Computador de mesa,Prefiro não dizer,Espírita,Centro,4-6,,,
974,E,Distrito Federal,Notebook/Netbook,Preta,Evangélica,Esquerda,1-3,,,
975,C,Rio de Janeiro,Outro,Branca,Judaíca,Direita,4-6,,,
976,D,Piauí,Notebook/Netbook,Parda,Católica,Não se interessa,1-3,,,
977,C,Rondônia,Outro,Amarela,Agnóstico,Esquerda,<1,,,
978,A,Roraima,Smartphone/Celular,Indígena,Outras,Extrema Direita,<1,,,
979,C,Rio Grande do Norte,Notebook/Netbook,Branca,Evangélica,Centro,4-6,,,
980,E,Pernambuco,Notebook/Netbook,Amarela,Evangélica,Esquerda,<1,,,
981,E,Roraima,Smartphone/Celular,Prefiro não dizer,Judaíca,Esquerda,7-10,,,
982,D,Bahia,Tablet,Branca,Agnóstico,Direita,7-10,,,
983,D,Espírito Santo,Tablet,Parda,Espírita,Centro Direita,7-10,,,
984,A,Mato Grosso,Tablet,Preta,Ateu,Centro,1-3,,,
985,C,Piauí,Tablet,Indígena,Outras,Extrema Direita,4-6,,,
986,A,Acre,Outro,Branca,Católica,Não se interessa,7-10,,,
987,B,Santa Catarina,Tablet,Indígena,Judaíca,Centro Esquerda,4-6,,,
988,D,Amazonas,Notebook/Netbook,Preta,Evangélica,Esquerda,7-10,,,
989,A,Pernambuco,Smartphone/Celular,Amarela,Católica,Centro Esquerda,7-10,,,
990,D,Roraima,Outro,Amarela,Ateu,Não se interessa,>10,,,
991,C,Alagoas,Notebook/Netbook,Parda,Agnóstico,Esquerda,>10,,,
992,E,Minas Gerais,Tablet,Parda,Ateu,Extrema Direita,4-6,,,
993,A,Alagoas,Tablet,Preta,Católica,Esquerda,>10,,,
994,E,Rio de Janeiro,Notebook/Netbook,Parda,Agnóstico,Centro,1-3,,,
995,E,São Paulo,Tablet,Branca,Evangélica,Direita,1-3,,,
996,B,Pernambuco,Notebook/Netbook,Branca,Judaíca,Centro,<1,,,
997,E,Amapá,Smartphone/Celular,Parda,Judaíca,Esquerda,>10,,,
998,A,Rio Grande do Norte,Tablet,Parda,Judaíca,Extrema Esquerda,7-10,,,
999,D,Amapá,Smartphone/Celular,Amarela,Evangélica,Esquerda,7-10,,,
1000,B,Espírito Santo,Outro,Branca,Ateu,Direita,4-6,,,
1001,D,Rondônia,Desktop/Computador de mesa,Prefiro não dizer,Católica,Centro Direita,1-3,,,
1002,E,Minas Gerais,Outro,Prefiro não dizer,Católica,Centro,<1,,,
1003,C,Amapá,Desktop/Computador de mesa,Branca,Ateu,Centro Esquerda,>10,,,
1004,E,São Paulo,Desktop/Computador de mesa,Prefiro não dizer,Judaíca,Esquerda,1-3,,,
1005,B,Santa Catarina,Tablet,Parda,Agnóstico,Extrema Direita,4-6,,,
1006,D,Ceará,Notebook/Netbook,Preta,Ateu,Centro Esquerda,7-10,,,
1007,B,Paraíba,Desktop/Computador de mesa,Amarela,Agnóstico,Extrema Direita,<1,,,
1008,E,Maranhão,Outro,Branca,Agnóstico,Esquerda,>10,,,
1009,C,Roraima,Notebook/Netbook,Parda,Outras,Centro,1-3,,,
1010,A,Paraná,Desktop/Computador de mesa,Parda,Outras,Centro Esquerda,>10,,,
1011,D,Pernambuco,Desktop/Computador de mesa,Prefiro não dizer,Católica,Direita,4-6,,,
1012,B,Goiás,Smartphone/Celular,Prefiro não dizer,Católica,Centro,>10,,,
1013,E,Mato Grosso do Sul,Notebook/Netbook,Amarela,Agnóstico,Centro Direita,4-6,,,
1014,C,Maranhão,Desktop/Computador de mesa,Branca,Católica,Esquerda,7-10,,,
1015,E,Paraíba,Notebook/Netbook,Branca,Ateu,Extrema Esquerda,1-3,,,
1016,A,Roraima,Outro,Preta,Judaíca,Direita,>10,,,
1017,E,Rio Grande do Sul,Outro,Prefiro não dizer,Judaíca,Centro Direita,<1,,,
1018,D,Amapá,Notebook/Netbook,Preta,Agnóstico,Centro,7-10,,,
1019,B,Pernambuco,Smartphone/Celular,Prefiro não dizer,Outras,Centro Direita,<1,,,
1020,A,Maranhão,Desktop/Computador de mesa,Branca,Evangélica,Centro Esquerda,4-6,,,
1021,A,Ceará,Tablet,Amarela,Evangélica,Não se interessa,<1,,,
1022,C,Paraná,Smartphone/Celular,Parda,Espírita,Extrema Direita,>10,,,
1023,C,Amapá,Outro,Prefiro não dizer,Evangélica,Esquerda,>10,,,
1024,C,Rio Grande do Norte,Outro,Indígena,Outras,Centro,4-6,,,
1025,C,Paraná,Desktop/Computador de mesa,Amarela,Evangélica,Centro,4-6,,,
1026,D,Rondônia,Notebook/Netbook,Branca,Outras,Centro,<1,,,
1027,C,Pará,Smartphone/Celular,Prefiro não dizer,Outras,Direita,7-10,,,
1028,B,Rio de Janeiro,Outro,Parda,Judaíca,Extrema Esquerda,7-10,,,
1029,E,Maranhão,Desktop/Computador de mesa,Indígena,Outras,Não se interessa,7-10,,,
1030,D,Ceará,Notebook/Netbook,Indígena,Agnóstico,Centro Esquerda,>10,,,
1031,A,Rondônia,Notebook/Netbook,Parda,Agnóstico,Centro,7-10,,,
1032,E,Mato Grosso do Sul,Notebook/Netbook,Prefiro não dizer,Outras,Centro Esquerda,7-10,,,
1033,E,Ceará,Desktop/Computador de mesa,Branca,Agnóstico,Extrema Direita,4-6,,,
1034,C,Rio de Janeiro,Smartphone/Celular,Branca,Judaíca,Centro Esquerda,4-6,,,
1035,C,Distrito Federal,Desktop/Computador de mesa,Prefiro não dizer,Evangélica,Centro Esquerda,1-3,,,
1036,A,Amazonas,Smartphone/Celular,Preta,Espírita,Não se interessa,7-10,,,
1037,A,Pará,Outro,Preta,Ateu,Centro Esquerda,7-10,,,
1038,B,Sergipe,Notebook/Netbook,Branca,Evangélica,Extrema Esquerda,1-3,,,
1039,C,Mato Grosso do Sul,Outro,Parda,Ateu,Extrema Direita,7-10,,,
1040,B,Rondônia,Desktop/Computador de mesa,Prefiro não dizer,Espírita,Esquerda,1-3,,,
1041,A,Piauí,Desktop/Computador de mesa,Preta,Agnóstico,Centro Direita,<1,,,
1042,B,Roraima,Desktop/Computador de mesa,Indígena,Outras,Centro,<1,,,
1043,B,Mato Grosso,Outro,Indígena,Judaíca,Centro Esquerda,>10,,,
1044,A,São Paulo,Smartphone/Celular,Branca,Outras,Extrema Direita,<1,,,
1045,B,Roraima,Desktop/Computador de mesa,Preta,Outras,Direita,<1,,,
1046,C,Rio de Janeiro,Notebook/Netbook,Preta,Ateu,Direita,<1,,,
1047,E,Pará,Desktop/Computador de mesa,Amarela,Ateu,Centro Esquerda,>10,,,
1048,A,Amapá,Outro,Parda,Católica,Extrema Direita,4-6,,,
1049,B,Espírito Santo,Desktop/Computador de mesa,Branca,Outras,Extrema Direita,1-3,,,
1050,A,Espírito Santo,Notebook/Netbook,Indígena,Outras,Centro,4-6,,,
1051,D,Bahia,Outro,Branca,Evangélica,Esquerda,1-3,,,
1052,A,Minas Gerais,Smartphone/Celular,Preta,Outras,Extrema Direita,7-10,,,
1053,B,Maranhão,Desktop/Computador de mesa,Prefiro não dizer,Evangélica,Extrema Esquerda,4-6,,,
1054,B,Sergipe,Desktop/Computador de mesa,Preta,Ateu,Centro,7-10,,,
1055,E,Pernambuco,Outro,Amarela,Católica,Direita,4-6,,,
1056,D,Amazonas,Notebook/Netbook,Parda,Judaíca,Não se interessa,7-10,,,
1057,C,Paraíba,Tablet,Prefiro não dizer,Judaíca,Esquerda,<1,,,
1058,D,Pará,Outro,Parda,Ateu,Centro,1-3,,,
1059,A,Rio de Janeiro,Tablet,Preta,Judaíca,Esquerda,1-3,,,
1060,D,Espírito Santo,Outro,Indígena,Outras,Direita,>10,,,
1061,C,Sergipe,Smartphone/Celular,Branca,Espírita,Centro Esquerda,4-6,,,
1062,A,Rio Grande do Sul,Tablet,Parda,Agnóstico,Centro Direita,4-6,,,
1063,B,Rio Grande do Norte,Outro,Prefiro não dizer,Judaíca,Esquerda,1-3,,,
1064,C,Minas Gerais,Tablet,Preta,Judaíca,Direita,7-10,,,
1065,A,Alagoas,Tablet,Preta,Evangélica,Centro,1-3,,,
1066,C,Pernambuco,Outro,Preta,Espírita,Esquerda,>10,,,
1067,C,Distrito Federal,Desktop/Computador de mesa,Indígena,Espírita,Extrema Direita,>10,,,
1068,C,Mato Grosso do Sul,Desktop/Computador de mesa,Prefiro não dizer,Agnóstico,Esquerda,7-10,,,
1069,D,Amapá,Tablet,Parda,Espírita,Não se interessa,7-10,,,
1070,E,Maranhão,Outro,Preta,Agnóstico,Extrema Direita,>10,,,
1071,C,Goiás,Smartphone/Celular,Parda,Espírita,Não se interessa,<1,,,
1072,C,Acre,Desktop/Computador de mesa,Branca,Espírita,Esquerda,4-6,,,
1073,E,Mato Grosso do Sul,Desktop/Computador de mesa,Indígena,Ateu,Direita,1-3,,,
1074,C,Alagoas,Notebook/Netbook,Branca,Espírita,Direita,>10,,,
1075,C,Goiás,Tablet,Preta,Evangélica,Não se interessa,4-6,,,
1076,C,Rio Grande do Norte,Desktop/Computador de mesa,Indígena,Judaíca,Centro Esquerda,>10,,,
1077,B,Piauí,Outro,Indígena,Espírita,Centro Direita,4-6,,,
1078,A,Espírito Santo,Notebook/Netbook,Preta,Agnóstico,Esquerda,4-6,,,
1079,E,Rio Grande do Norte,Smartphone/Celular,Preta,Espírita,Centro Esquerda,7-10,,,
1080,B,Amapá,Outro,Parda,Católica,Extrema Direita,7-10,,,
1081,B,São Paulo,Outro,Branca,Católica,Centro Esquerda,1-3,,,
1082,B,Goiás,Tablet,Prefiro não dizer,Outras,Centro Esquerda,<1,,,
1083,C,Rondônia,Desktop/Computador de mesa,Prefiro não dizer,Outras,Centro,7-10,,,
1084,E,Rondônia,Notebook/Netbook,Prefiro não dizer,Ateu,Não se interessa,4-6,,,
1085,C,Pará,Notebook/Netbook,Indígena,Outras,Não se interessa,>10,,,
1086,C,Pernambuco,Tablet,Preta,Evangélica,Não se interessa,>10,,,
1087,E,Alagoas,Smartphone/Celular,Indígena,Outras,Direita,4-6,,,
1088,A,Distrito Federal,Notebook/Netbook,Prefiro não dizer,Espírita,Esquerda,<1,,,
1089,C,Paraná,Outro,Parda,Outras,Extrema Esquerda,>10,,,
1090,A,Mato Grosso,Desktop/Computador de mesa,Amarela,Agnóstico,Direita,7-10,,,
1091,E,Espírito Santo,Tablet,Parda,Espírita,Centro,>10,,,
1092,C,Ceará,Smartphone/Celular,Preta,Outras,Não se interessa,>10,,,
1093,B,Pará,Notebook/Netbook,Prefiro não dizer,Judaíca,Centro,<1,,,
1094,A,Rio Grande do Sul,Outro,Indígena,Ateu,Esquerda,<1,,,
1095,E,Piauí,Tablet,Amarela,Judaíca,Centro,7-10,,,
1096,C,Espírito Santo,Desktop/Computador de mesa,Branca,Evangélica,Direita,4-6,,,
1097,E,Paraná,Smartphone/Celular,Parda,Católica,Centro Esquerda,>10,,,
1098,D,Paraná,Desktop/Computador de mesa,Parda,Evangélica,Esquerda,7-10,,,
1099,B,Rio Grande do Norte,Tablet,Parda,Agnóstico,Extrema Direita,4-6,,,
1100,C,Amapá,Smartphone/Celular,Preta,Evangélica,Centro Direita,<1,,,
1101,B,Mato Grosso,Notebook/Netbook,Branca,Agnóstico,Centro,<1,,,
1102,B,Distrito Federal,Smartphone/Celular,Amarela,Católica,Não se interessa,1-3,,,
1103,E,Amazonas,Notebook/Netbook,Parda,Católica,Centro Esquerda,7-10,,,
1104,B,Amazonas,Smartphone/Celular,Prefiro não dizer,Espírita,Extrema Direita,7-10,,,
1105,B,Minas Gerais,Tablet,Prefiro não dizer,Ateu,Não se interessa,<1,,,
1106,C,Minas Gerais,Smartphone/Celular,Branca,Outras,Extrema Esquerda,1-3,,,
1107,C,Rio Grande do Sul,Outro,Indígena,Outras,Não se interessa,7-10,,,
1108,C,Piauí,Desktop/Computador de mesa,Amarela,Católica,Centro Esquerda,7-10,,,
1109,D,São Paulo,Smartphone/Celular,Prefiro não dizer,Espírita,Centro Direita,<1,,,
1110,C,Mato Grosso do Sul,Outro,Branca,Espírita,Extrema Direita,1-3,,,
1111,B,Distrito Federal,Outro,Amarela,Ateu,Extrema Esquerda,<1,,,
1112,A,Piauí,Smartphone/Celular,Branca,Judaíca,Não se interessa,1-3,,,
1113,B,Espírito Santo,Tablet,Prefiro não dizer,Ateu,Esquerda,7-10,,,
1114,E,Paraíba,Tablet,Indígena,Evangélica,Extrema Esquerda,1-3,,,
1115,B,Rio de Janeiro,Outro,Prefiro não dizer,Católica,Esquerda,<1,,,
1116,B,Rio de Janeiro,Notebook/Netbook,Indígena,Agnóstico,Direita,1-3,,,
1117,E,Goiás,Tablet,Preta,Judaíca,Esquerda,7-10,,,
1118,D,Mato Grosso do Sul,Notebook/Netbook,Indígena,Judaíca,Centro Direita,<1,,,
1119,E,Rio Grande do Sul,Tablet,Branca,Espírita,Centro Esquerda,4-6,,,
1120,B,Rio Grande do Sul,Desktop/Computador de mesa,Amarela,Outras,Direita,1-3,,,
1121,B,Ceará,Outro,Prefiro não dizer,Agnóstico,Centro,<1,,,
1122,C,Alagoas,Notebook/Netbook,Indígena,Outras,Extrema Esquerda,1-3,,,
1123,A,Pernambuco,Outro,Parda,Ateu,Centro,4-6,,,
1124,B,Paraíba,Desktop/Computador de mesa,Amarela,Espírita,Direita,1-3,,,
1125,D,Roraima,Smartphone/Celular,Amarela,Ateu,Esquerda,4-6,,,
1126,B,Espírito Santo,Outro,Parda,Espírita,Direita,7-10,,,
1127,E,Piauí,Desktop/Computador de mesa,Branca,Judaíca,Não se interessa,1-3,,,
1128,E,Mato Grosso do Sul,Outro,Preta,Judaíca,Extrema Esquerda,7-10,,,
1129,E,Santa Catarina,Outro,Indígena,Outras,Esquerda,4-6,,,
1130,D,Amazonas,Smartphone/Celular,Parda,Evangélica,Extrema Esquerda,7-10,,,
1131,E,Pará,Notebook/Netbook,Amarela,Judaíca,Centro,>10,,,
1132,E,Roraima,Tablet,Branca,Outras,Direita,>10,,,
1133,B,Piauí,Notebook/Netbook,Amarela,Evangélica,Direita,>10,,,
1134,C,Piauí,Tablet,Amarela,Católica,Extrema Esquerda,<1,,,
1135,E,Espírito Santo,Desktop/Computador de mesa,Indígena,Evangélica,Centro,1-3,,,
1136,E,Sergipe,Smartphone/Celular,Preta,Espírita,Não se interessa,7-10,,,
1137,D,Ceará,Outro,Preta,Judaíca,Extrema Esquerda,>10,,,
1138,A,Rio de Janeiro,Tablet,Branca,Agnóstico,Extrema Direita,>10,,,
1139,D,Rio Grande do Sul,Desktop/Computador de mesa,Amarela,Evangélica,Esquerda,>10,,,
1140,A,Acre,Notebook/Netbook,Preta,Evangélica,Extrema Esquerda,>10,,,
1141,A,Acre,Desktop/Computador de mesa,Preta,Católica,Centro Direita,4-6,,,
1142,D,Amapá,Smartphone/Celular,Branca,Espírita,Centro Direita,7-10,,,
1143,B,Mato Grosso,Notebook/Netbook,Amarela,Agnóstico,Direita,1-3,,,
1144,C,Rio Grande do Sul,Smartphone/Celular,Indígena,Espírita,Centro Direita,>10,,,
1145,D,Mato Grosso,Smartphone/Celular,Preta,Judaíca,Não se interessa,4-6,,,
1146,E,Amazonas,Outro,Prefiro não dizer,Outras,Centro,<1,,,
1147,A,Espírito Santo,Smartphone/Celular,Parda,Católica,Centro Direita,>10,,,
1148,A,Rondônia,Outro,Prefiro não dizer,Espírita,Extrema Esquerda,4-6,,,
1149,A,Bahia,Desktop/Computador de mesa,Prefiro não dizer,Judaíca,Centro Esquerda,1-3,,,
1150,B,Amazonas,Outro,Prefiro não dizer,Judaíca,Direita,4-6,,,
1151,B,Amazonas,Notebook/Netbook,Parda,Judaíca,Centro Esquerda,4-6,,,
1152,C,Espírito Santo,Desktop/Computador de mesa,Prefiro não dizer,Evangélica,Centro Esquerda,1-3,,,
1153,E,Amazonas,Outro,Prefiro não dizer,Católica,Centro,>10,,,
1154,E,Espírito Santo,Outro,Preta,Espírita,Extrema Direita,<1,,,
1155,B,Espírito Santo,Smartphone/Celular,Indígena,Agnóstico,Extrema Esquerda,4-6,,,
1156,C,Pará,Outro,Prefiro não dizer,Ateu,Extrema Esquerda,>10,,,
1157,A,Rio Grande do Norte,Smartphone/Celular,Parda,Ateu,Centro,4-6,,,
1158,E,Goiás,Notebook/Netbook,Prefiro não dizer,Judaíca,Extrema Esquerda,7-10,,,
1159,B,Goiás,Tablet,Prefiro não dizer,Agnóstico,Centro Esquerda,4-6,,,
1160,D,Mato Grosso do Sul,Tablet,Parda,Católica,Extrema Direita,>10,,,
1161,D,Roraima,Notebook/Netbook,Preta,Católica,Não se interessa,<1,,,
1162,C,Minas Gerais,Outro,Branca,Católica,Não se interessa,<1,,,
1163,B,Mato Grosso,Tablet,Indígena,Agnóstico,Extrema Esquerda,>10,,,
1164,D,Maranhão,Smartphone/Celular,Branca,Católica,Centro,4-6,,,
1165,A,Espírito Santo,Notebook/Netbook,Prefiro não dizer,Católica,Centro,>10,,,
1166,E,Distrito Federal,Outro,Indígena,Católica,Direita,7-10,,,
1167,C,Distrito Federal,Smartphone/Celular,Amarela,Católica,Extrema Direita,1-3,,,
1168,D,Maranhão,Notebook/Netbook,Prefiro não dizer,Agnóstico,Centro,>10,,,
1169,D,São Paulo,Outro,Prefiro não dizer,Agnóstico,Não se interessa,1-3,,,
1170,D,Mato Grosso do Sul,Notebook/Netbook,Parda,Judaíca,Não se interessa,1-3,,,
1171,E,Paraíba,Notebook/Netbook,Prefiro não dizer,Outras,Direita,1-3,,,
1172,D,Mato Grosso,Smartphone/Celular,Preta,Espírita,Direita,<1,,,
1173,A,Maranhão,Tablet,Parda,Outras,Extrema Direita,<1,,,
1174,C,Mato Grosso,Outro,Branca,Outras,Extrema Esquerda,4-6,,,
1175,A,Paraná,Desktop/Computador de mesa,Prefiro não dizer,Judaíca,Extrema Esquerda,7-10,,,
1176,D,Mato Grosso do Sul,Desktop/Computador de mesa,Preta,Judaíca,Centro Esquerda,7-10,,,
1177,B,Paraíba,Outro,Prefiro não dizer,Agnóstico,Direita,7-10,,,
1178,D,Espírito Santo,Desktop/Computador de mesa,Branca,Evangélica,Extrema Direita,4-6,,,
1179,B,Ceará,Notebook/Netbook,Amarela,Espírita,Centro Esquerda,1-3,,,
1180,E,Rio de Janeiro,Smartphone/Celular,Parda,Espírita,Centro Direita,7-10,,,
1181,E,Tocantins,Notebook/Netbook,Preta,Outras,Direita,1-3,,,
1182,A,Roraima,Tablet,Prefiro não dizer,Agnóstico,Centro,7-10,,,
1183,A,Alagoas,Outro,Parda,Judaíca,Centro Esquerda,1-3,,,
1184,E,Minas Gerais,Outro,Prefiro não dizer,Ateu,Extrema Direita,>10,,,
1185,B,Sergipe,Desktop/Computador de mesa,Branca,Evangélica,Centro,1-3,,,
1186,A,Tocantins,Notebook/Netbook,Branca,Católica,Centro Direita,>10,,,
1187,C,Amazonas,Desktop/Computador de mesa,Branca,Judaíca,Extrema Direita,4-6,,,
1188,C,Tocantins,Outro,Branca,Ateu,Centro Esquerda,<1,,,
1189,B,Goiás,Desktop/Computador de mesa,Indígena,Evangélica,Centro Direita,1-3,,,
1190,E,Alagoas,Notebook/Netbook,Branca,Evangélica,Esquerda,<1,,,
1191,E,Ceará,Notebook/Netbook,Parda,Evangélica,Extrema Direita,7-10,,,
1192,D,Sergipe,Notebook/Netbook,Prefiro não dizer,Evangélica,Extrema Esquerda,<1,,,
1193,D,Rondônia,Smartphone/Celular,Prefiro não dizer,Agnóstico,Extrema Esquerda,4-6,,,
1194,A,Distrito Federal,Tablet,Parda,Ateu,Centro,1-3,,,
1195,B,Rondônia,Desktop/Computador de mesa,Branca,Agnóstico,Esquerda,7-10,,,
1196,E,Mato Grosso,Outro,Preta,Católica,Não se interessa,>10,,,
1197,B,Amapá,Smartphone/Celular,Indígena,Espírita,Extrema Esquerda,7-10,,,
1198,D,Maranhão,Tablet,Amarela,Espírita,Extrema Esquerda,1-3,,,
1199,B,Tocantins,Tablet,Parda,Espírita,Direita,1-3,,,
1200,B,Tocantins,Outro,Preta,Católica,Esquerda,4-6,,,
1201,A,Maranhão,Notebook/Netbook,Amarela,Espírita,Centro Direita,7-10,,,
1202,A,Piauí,Desktop/Computador de mesa,Prefiro não dizer,Judaíca,Centro Esquerda,>10,,,
1203,C,Pernambuco,Outro,Parda,Judaíca,Não se interessa,1-3,,,
1204,E,São Paulo,Notebook/Netbook,Indígena,Agnóstico,Esquerda,7-10,,,
1205,A,Santa Catarina,Desktop/Computador de mesa,Preta,Evangélica,Centro Esquerda,1-3,,,
1206,E,Maranhão,Tablet,Indígena,Evangélica,Não se interessa,<1,,,
1207,A,Bahia,Desktop/Computador de mesa,Amarela,Evangélica,Centro,>10,,,
1208,B,Sergipe,Outro,Indígena,Evangélica,Centro Direita,1-3,,,
1209,C,Amapá,Smartphone/Celular,Preta,Outras,Centro Esquerda,<1,,,
1210,B,Mato Grosso do Sul,Notebook/Netbook,Indígena,Agnóstico,Centro,<1,,,
1211,D,Ceará,Tablet,Amarela,Judaíca,Centro Direita,4-6,,,
1212,D,Piauí,Outro,Branca,Outras,Não se interessa,4-6,,,
1213,B,Rio de Janeiro,Notebook/Netbook,Branca,Agnóstico,Esquerda,>10,,,
1214,D,Pernambuco,Tablet,Amarela,Judaíca,Direita,<1,,,
1215,C,Rio Grande do Norte,Outro,Preta,Outras,Centro Esquerda,4-6,,,
1216,E,Acre,Tablet,Amarela,Evangélica,Não se interessa,>10,,,
1217,E,Sergipe,Outro,Branca,Judaíca,Centro,1-3,,,
1218,A,Mato Grosso,Smartphone/Celular,Prefiro não dizer,Ateu,Centro Esquerda,4-6,,,
1219,B,São Paulo,Tablet,Prefiro não dizer,Evangélica,Centro Esquerda,7-10,,,
1220,B,Distrito Federal,Desktop/Computador de mesa,Indígena,Católica,Centro,<1,,,
1221,B,Alagoas,Smartphone/Celular,Preta,Espírita,Centro,1-3,,,
1222,E,São Paulo,Notebook/Netbook,Amarela,Evangélica,Centro Esquerda,7-10,,,
1223,D,Alagoas,Desktop/Computador de mesa,Branca,Evangélica,Direita,1-3,,,
1224,E,Acre,Outro,Parda,Judaíca,Centro,<1,,,
1225,B,Amapá,Tablet,Amarela,Agnóstico,Esquerda,>10,,,
1226,B,Mato Grosso do Sul,Smartphone/Celular,Prefiro não dizer,Ateu,Direita,7-10,,,
1227,E,Rio Grande do Sul,Tablet,Amarela,Espírita,Centro,4-6,,,
1228,C,Rondônia,Outro,Branca,Evangélica,Extrema Direita,1-3,,,
1229,D,Maranhão,Desktop/Computador de mesa,Parda,Espírita,Direita,1-3,,,
1230,D,Distrito Federal,Notebook/Netbook,Prefiro não dizer,Ateu,Centro Esquerda,>10,,,
1231,C,Maranhão,Desktop/Computador de mesa,Prefiro não dizer,Agnóstico,Extrema Esquerda,<1,,,
1232,E,Piauí,Tablet,Indígena,Ateu,Esquerda,>10,,,
1233,B,Espírito Santo,Notebook/Netbook,Branca,Católica,Direita,7-10,,,
1234,B,Rio de Janeiro,Tablet,Parda,Católica,Extrema Esquerda,<1,,,
1235,A,Amapá,Desktop/Computador de mesa,Indígena,Judaíca,Esquerda,1-3,,,
1236,B,Ceará,Tablet,Branca,Evangélica,Centro Direita,4-6,,,
1237,E,Maranhão,Outro,Parda,Judaíca,Centro,>10,,,
1238,E,São Paulo,Outro,Amarela,Evangélica,Centro,1-3,,,
1239,A,Piauí,Notebook/Netbook,Branca,Ateu,Direita,>10,,,
1240,B,Pará,Desktop/Computador de mesa,Preta,Judaíca,Não se interessa,>10,,,
1241,C,Rio Grande do Sul,Notebook/Netbook,Prefiro não dizer,Judaíca,Centro Direita,7-10,,,
1242,E,Pernambuco,Tablet,Indígena,Católica,Centro,1-3,,,
1243,E,Mato Grosso,Outro,Amarela,Católica,Esquerda,4-6,,,
1244,D,Pernambuco,Outro,Preta,Agnóstico,Esquerda,4-6,,,
1245,D,Mato Grosso,Smartphone/Celular,Indígena,Outras,Direita,7-10,,,
1246,B,Rio Grande do Norte,Notebook/Netbook,Branca,Agnóstico,Esquerda,1-3,,,
1247,E,Rio Grande do Norte,Tablet,Branca,Católica,Direita,1-3,,,
1248,B,Rio Grande do Sul,Smartphone/Celular,Branca,Agnóstico,Extrema Esquerda,7-10,,,
1249,C,Rio de Janeiro,Desktop/Computador de mesa,Amarela,Agnóstico,Esquerda,>10,,,
1250,E,Minas Gerais,Outro,Prefiro não dizer,Agnóstico,Centro Direita,<1,,,
1251,A,Tocantins,Tablet,Prefiro não dizer,Agnóstico,Centro,>10,,,
1252,E,São Paulo,Outro,Branca,Espírita,Não se interessa,<1,,,
1253,A,Piauí,Notebook/Netbook,Branca,Outras,Direita,>10,,,
1254,D,Ceará,Notebook/Netbook,Amarela,Espírita,Esquerda,>10,,,
1255,E,Rio Grande do Norte,Outro,Prefiro não dizer,Católica,Direita,4-6,,,
1256,C,Goiás,Smartphone/Celular,Parda,Ateu,Centro,>10,,,
1257,B,Ceará,Smartphone/Celular,Branca,Ateu,Extrema Direita,<1,,,
1258,E,Distrito Federal,Outro,Preta,Agnóstico,Não se interessa,4-6,,,
1259,D,Bahia,Desktop/Computador de mesa,Parda,Evangélica,Direita,7-10,,,
1260,A,Rondônia,Notebook/Netbook,Branca,Judaíca,Não se interessa,7-10,,,
1261,E,Roraima,Desktop/Computador de mesa,Indígena,Evangélica,Centro Direita,4-6,,,
1262,E,Rio Grande do Norte,Outro,Parda,Espírita,Extrema Esquerda,4-6,,,
1263,C,Alagoas,Desktop/Computador de mesa,Amarela,Outras,Extrema Esquerda,>10,,,
1264,D,Acre,Outro,Indígena,Judaíca,Não se interessa,>10,,,
1265,E,Rio Grande do Sul,Smartphone/Celular,Indígena,Agnóstico,Esquerda,4-6,,,
1266,B,Sergipe,Tablet,Prefiro não dizer,Espírita,Centro Direita,>10,,,
1267,A,Rondônia,Outro,Indígena,Agnóstico,Direita,1-3,,,
1268,C,Pernambuco,Tablet,Amarela,Espírita,Centro Direita,>10,,,
1269,B,Maranhão,Outro,Preta,Espírita,Não se interessa,<1,,,
1270,E,Distrito Federal,Smartphone/Celular,Parda,Ateu,Não se interessa,<1,,,
1271,B,Maranhão,Smartphone/Celular,Amarela,Espírita,Centro,1-3,,,
1272,A,Acre,Desktop/Computador de mesa,Preta,Outras,Direita,7-10,,,
1273,E,Ceará,Outro,Preta,Católica,Direita,4-6,,,
1274,C,Rondônia,Outro,Indígena,Espírita,Centro Esquerda,7-10,,,
1275,E,Ceará,Desktop/Computador de mesa,Preta,Espírita,Centro Direita,<1,,,
1276,B,Paraíba,Tablet,Parda,Católica,Centro Esquerda,7-10,,,
1277,E,Piauí,Smartphone/Celular,Parda,Ateu,Centro Esquerda,4-6,,,
1278,E,Espírito Santo,Tablet,Preta,Judaíca,Extrema Esquerda,<1,,,
1279,D,Minas Gerais,Tablet,Prefiro não dizer,Católica,Direita,>10,,,
1280,A,Mato Grosso do Sul,Smartphone/Celular,Branca,Agnóstico,Não se interessa,4-6,,,
1281,B,Mato Grosso,Notebook/Netbook,Prefiro não dizer,Espírita,Centro Direita,4-6,,,
1282,C,Santa Catarina,Notebook/Netbook,Preta,Evangélica,Centro Esquerda,7-10,,,
1283,D,Distrito Federal,Smartphone/Celular,Prefiro não dizer,Ateu,Extrema Direita,4-6,,,
1284,D,Acre,Tablet,Indígena,Evangélica,Esquerda,4-6,,,
1285,C,Espírito Santo,Desktop/Computador de mesa,Branca,Católica,Centro,>10,,,
1286,B,Santa Catarina,Notebook/Netbook,Prefiro não dizer,Ateu,Centro,<1,,,
1287,B,Rio Grande do Sul,Notebook/Netbook,Prefiro não dizer,Evangélica,Centro Esquerda,<1,,,
1288,C,Rio Grande do Norte,Notebook/Netbook,Indígena,Espírita,Extrema Direita,<1,,,
1289,E,Espírito Santo,Tablet,Indígena,Católica,Esquerda,<1,,,
1290,E,Tocantins,Notebook/Netbook,Prefiro não dizer,Católica,Extrema Esquerda,7-10,,,
1291,B,Maranhão,Tablet,Parda,Judaíca,Extrema Esquerda,4-6,,,
1292,C,Acre,Outro,Branca,Outras,Não se interessa,<1,,,
1293,C,Paraná,Outro,Indígena,Espírita,Centro Direita,7-10,,,
1294,A,Bahia,Smartphone/Celular,Parda,Outras,Esquerda,4-6,,,
1295,D,Espírito Santo,Outro,Prefiro não dizer,Judaíca,Não se interessa,1-3,,,
1296,D,Goiás,Smartphone/Celular,Parda,Agnóstico,Esquerda,<1,,,
1297,A,Piauí,Outro,Branca,Católica,Centro,>10,,,
1298,D,Mato Grosso do Sul,Tablet,Preta,Espírita,Extrema Esquerda,7-10,,,
1299,B,Amazonas,Desktop/Computador de mesa,Amarela,Agnóstico,Extrema Esquerda,4-6,,,
1300,A,Mato Grosso,Outro,Indígena,Agnóstico,Direita,1-3,,,
1301,E,Maranhão,Outro,Indígena,Evangélica,Extrema Direita,1-3,,,
1302,A,Rio Grande do Sul,Desktop/Computador de mesa,Parda,Católica,Centro,4-6,,,
1303,A,Rio Grande do Sul,Outro,Prefiro não dizer,Ateu,Direita,4-6,,,
1304,A,Rio Grande do Norte,Desktop/Computador de mesa,Amarela,Outras,Direita,<1,,,
1305,D,Pernambuco,Tablet,Prefiro não dizer,Evangélica,Não se interessa,>10,,,
1306,B,Acre,Outro,Parda,Agnóstico,Centro,>10,,,
1307,E,Pernambuco,Smartphone/Celular,Preta,Ateu,Centro Esquerda,7-10,,,
1308,E,Maranhão,Notebook/Netbook,Parda,Judaíca,Esquerda,4-6,,,
1309,A,Piauí,Outro,Amarela,Agnóstico,Extrema Esquerda,1-3,,,
1310,E,Ceará,Tablet,Prefiro não dizer,Evangélica,Centro Direita,>10,,,
1311,E,Amapá,Desktop/Computador de mesa,Prefiro não dizer,Católica,Centro Esquerda,4-6,,,
1312,C,Acre,Desktop/Computador de mesa,Parda,Judaíca,Centro Direita,4-6,,,
1313,A,Distrito Federal,Desktop/Computador de mesa,Prefiro não dizer,Ateu,Direita,>10,,,
1314,B,Rio de Janeiro,Desktop/Computador de mesa,Indígena,Agnóstico,Centro Direita,4-6,,,
1315,C,Paraná,Tablet,Amarela,Católica,Centro Esquerda,1-3,,,
1316,E,Mato Grosso do Sul,Desktop/Computador de mesa,Amarela,Agnóstico,Extrema Esquerda,1-3,,,
1317,D,Tocantins,Outro,Parda,Judaíca,Centro Esquerda,4-6,,,
1318,D,Maranhão,Desktop/Computador de mesa,Prefiro não dizer,Espírita,Extrema Esquerda,>10,,,
1319,D,Ceará,Outro,Indígena,Ateu,Centro Esquerda,7-10,,,
1320,D,Roraima,Desktop/Computador de mesa,Preta,Evangélica,Extrema Direita,<1,,,
1321,E,Rondônia,Desktop/Computador de mesa,Indígena,Católica,Extrema Direita,7-10,,,
1322,D,Ceará,Smartphone/Celular,Prefiro não dizer,Agnóstico,Centro Direita,4-6,,,
1323,C,Espírito Santo,Tablet,Indígena,Católica,Direita,4-6,,,
1324,E,Rio Grande do Sul,Outro,Prefiro não dizer,Evangélica,Direita,1-3,,,
1325,D,Distrito Federal,Smartphone/Celular,Branca,Espírita,Direita,7-10,,,
1326,C,Pará,Desktop/Computador de mesa,Prefiro não dizer,Evangélica,Extrema Direita,4-6,,,
1327,A,Piauí,Tablet,Branca,Católica,Esquerda,1-3,,,
1328,E,Tocantins,Desktop/Computador de mesa,Amarela,Outras,Direita,1-3,,,
1329,A,Amazonas,Smartphone/Celular,Indígena,Outras,Extrema Esquerda,7-10,,,
1330,C,Tocantins,Tablet,Amarela,Outras,Direita,7-10,,,
1331,B,Maranhão,Smartphone/Celular,Preta,Judaíca,Extrema Direita,>10,,,
1332,E,Amapá,Desktop/Computador de mesa,Prefiro não dizer,Católica,Não se interessa,>10,,,
1333,B,Bahia,Smartphone/Celular,Parda,Evangélica,Centro Esquerda,>10,,,
1334,D,Distrito Federal,Smartphone/Celular,Amarela,Espírita,Centro,>10,,,
1335,E,Minas Gerais,Smartphone/Celular,Preta,Espírita,Esquerda,1-3,,,
1336,B,Pará,Tablet,Amarela,Outras,Não se interessa,4-6,,,
1337,A,Rondônia,Tablet,Parda,Católica,Direita,4-6,,,
1338,E,Piauí,Notebook/Netbook,Indígena,Ateu,Centro Direita,<1,,,
1339,D,Pernambuco,Tablet,Amarela,Agnóstico,Não se interessa,<1,,,
1340,A,Piauí,Outro,Indígena,Espírita,Esquerda,1-3,,,
1341,A,Pernambuco,Outro,Preta,Agnóstico,Direita,1-3,,,
1342,E,Rio Grande do Norte,Notebook/Netbook,Parda,Católica,Centro Direita,7-10,,,
1343,D,Ceará,Notebook/Netbook,Indígena,Evangélica,Centro,<1,,,
1344,B,Distrito Federal,Desktop/Computador de mesa,Parda,Outras,Extrema Direita,>10,,,
1345,C,Mato Grosso,Desktop/Computador de mesa,Amarela,Espírita,Extrema Esquerda,>10,,,
1346,D,Maranhão,Tablet,Parda,Católica,Centro Direita,1-3,,,
1347,B,Piauí,Notebook/Netbook,Indígena,Agnóstico,Esquerda,<1,,,
1348,E,Rio Grande do Sul,Smartphone/Celular,Prefiro não dizer,Judaíca,Centro Direita,1-3,,,
1349,D,Pará,Outro,Branca,Espírita,Direita,1-3,,,
1350,D,Amapá,Outro,Prefiro não dizer,Ateu,Centro Direita,7-10,,,
1351,E,Tocantins,Tablet,Indígena,Outras,Centro Direita,7-10,,,
1352,A,Alagoas,Smartphone/Celular,Prefiro não dizer,Outras,Centro Esquerda,1-3,,,
1353,B,Minas Gerais,Notebook/Netbook,Preta,Ateu,Centro,<1,,,
1354,B,Santa Catarina,Smartphone/Celular,Parda,Judaíca,Extrema Direita,7-10,,,
1355,E,Paraná,Outro,Preta,Ateu,Não se interessa,<1,,,
1356,E,Sergipe,Tablet,Amarela,Ateu,Centro Esquerda,7-10,,,
1357,C,Tocantins,Smartphone/Celular,Prefiro não dizer,Católica,Direita,4-6,,,
1358,D,Santa Catarina,Tablet,Branca,Evangélica,Centro Direita,>10,,,
1359,E,Mato Grosso do Sul,Smartphone/Celular,Parda,Agnóstico,Direita,<1,,,
1360,E,Goiás,Desktop/Computador de mesa,Parda,Católica,Extrema Esquerda,>10,,,
1361,C,Piauí,Notebook/Netbook,Parda,Agnóstico,Esquerda,7-10,,,
1362,A,Ceará,Outro,Preta,Ateu,Centro,<1,,,
1363,C,Espírito Santo,Outro,Amarela,Católica,Centro,>10,,,
1364,A,Rio Grande do Norte,Notebook/Netbook,Parda,Agnóstico,Esquerda,7-10,,,
1365,D,Tocantins,Notebook/Netbook,Amarela,Evangélica,Direita,<1,,,
1366,A,Ceará,Tablet,Branca,Espírita,Direita,<1,,,
1367,A,Goiás,Desktop/Computador de mesa,Parda,Evangélica,Esquerda,>10,,,
1368,D,Sergipe,Notebook/Netbook,Preta,Católica,Centro Esquerda,<1,,,
1369,A,Rio Grande do Sul,Desktop/Computador de mesa,Preta,Ateu,Não se interessa,<1,,,
1370,B,Bahia,Tablet,Amarela,Evangélica,Direita,7-10,,,
1371,A,Santa Catarina,Desktop/Computador de mesa,Branca,Católica,Centro,>10,,,
1372,D,Maranhão,Desktop/Computador de mesa,Branca,Evangélica,Extrema Esquerda,4-6,,,
1373,D,Santa Catarina,Notebook/Netbook,Branca,Outras,Esquerda,4-6,,,
1374,B,Espírito Santo,Smartphone/Celular,Indígena,Espírita,Centro Esquerda,7-10,,,
1375,D,Bahia,Tablet,Amarela,Espírita,Não se interessa,>10,,,
1376,C,Acre,Tablet,Amarela,Católica,Centro,4-6,,,
1377,B,Ceará,Desktop/Computador de mesa,Preta,Ateu,Extrema Direita,7-10,,,
1378,B,Ceará,Notebook/Netbook,Preta,Ateu,Esquerda,4-6,,,
1379,D,Acre,Notebook/Netbook,Parda,Agnóstico,Direita,1-3,,,
1380,B,Alagoas,Smartphone/Celular,Amarela,Evangélica,Direita,7-10,,,
1381,E,Rio Grande do Sul,Desktop/Computador de mesa,Prefiro não dizer,Ateu,Não se interessa,1-3,,,
1382,E,Rio Grande do Norte,Smartphone/Celular,Amarela,Ateu,Extrema Esquerda,>10,,,
1383,D,Paraíba,Notebook/Netbook,Parda,Outras,Centro Esquerda,>10,,,
1384,B,Alagoas,Outro,Preta,Católica,Extrema Direita,1-3,,,
1385,A,Rondônia,Smartphone/Celular,Prefiro não dizer,Católica,Centro Esquerda,>10,,,
1386,B,Mato Grosso do Sul,Notebook/Netbook,Preta,Espírita,Extrema Esquerda,<1,,,
1387,B,Espírito Santo,Smartphone/Celular,Parda,Agnóstico,Centro Esquerda,1-3,,,
1388,E,Goiás,Outro,Parda,Outras,Centro Direita,7-10,,,
1389,C,Goiás,Smartphone/Celular,Branca,Agnóstico,Não se interessa,4-6,,,
1390,E,Amazonas,Smartphone/Celular,Prefiro não dizer,Evangélica,Extrema Esquerda,1-3,,,
1391,E,Roraima,Desktop/Computador de mesa,Preta,Ateu,Direita,<1,,,
1392,C,Santa Catarina,Desktop/Computador de mesa,Parda,Espírita,Centro Direita,1-3,,,
1393,C,Rio Grande do Sul,Notebook/Netbook,Amarela,Outras,Extrema Esquerda,>10,,,
1394,E,Pará,Desktop/Computador de mesa,Amarela,Outras,Extrema Esquerda,1-3,,,
1395,A,Santa Catarina,Notebook/Netbook,Indígena,Católica,Não se interessa,1-3,,,
1396,D,Santa Catarina,Notebook/Netbook,Branca,Judaíca,Extrema Direita,<1,,,
1397,D,Alagoas,Smartphone/Celular,Indígena,Judaíca,Extrema Esquerda,7-10,,,
1398,D,Pernambuco,Outro,Preta,Evangélica,Não se interessa,1-3,,,
1399,B,Pernambuco,Outro,Parda,Ateu,Centro Direita,4-6,,,
1400,D,Mato Grosso do Sul,Smartphone/Celular,Indígena,Católica,Direita,>10,,,
1401,D,Sergipe,Smartphone/Celular,Branca,Ateu,Não se interessa,<1,,,
1402,B,Amapá,Notebook/Netbook,Parda,Espírita,Esquerda,<1,,,
1403,D,Mato Grosso,Smartphone/Celular,Amarela,Agnóstico,Não se interessa,7-10,,,
1404,D,Minas Gerais,Outro,Branca,Evangélica,Extrema Direita,>10,,,
1405,A,Mato Grosso,Desktop/Computador de mesa,Branca,Judaíca,Centro Direita,4-6,,,
1406,B,Piauí,Notebook/Netbook,Amarela,Espírita,Não se interessa,>10,,,
1407,D,Bahia,Tablet,Indígena,Agnóstico,Esquerda,4-6,,,
1408,A,Alagoas,Tablet,Prefiro não dizer,Ateu,Não se interessa,>10,,,
1409,D,Paraná,Outro,Branca,Agnóstico,Centro,4-6,,,
1410,B,Piauí,Tablet,Preta,Evangélica,Centro Esquerda,4-6,,,
1411,E,Rio Grande do Norte,Desktop/Computador de mesa,Branca,Evangélica,Extrema Esquerda,7-10,,,
1412,E,Piauí,Tablet,Parda,Espírita,Centro,>10,,,
1413,D,Amapá,Desktop/Computador de mesa,Parda,Espírita,Esquerda,1-3,,,
1414,D,Amazonas,Smartphone/Celular,Branca,Católica,Esquerda,>10,,,
1415,B,Paraíba,Desktop/Computador de mesa,Indígena,Evangélica,Centro,7-10,,,
1416,A,Bahia,Notebook/Netbook,Branca,Espírita,Centro Esquerda,>10,,,
1417,D,Rondônia,Tablet,Preta,Católica,Esquerda,7-10,,,
1418,D,Ceará,Notebook/Netbook,Indígena,Agnóstico,Centro,4-6,,,
1419,C,Santa Catarina,Desktop/Computador de mesa,Amarela,Judaíca,Extrema Direita,1-3,,,
1420,D,Rio Grande do Sul,Outro,Indígena,Ateu,Não se interessa,7-10,,,
1421,A,Alagoas,Tablet,Preta,Outras,Centro Esquerda,7-10,,,
1422,A,Distrito Federal,Notebook/Netbook,Amarela,Católica,Não se interessa,<1,,,
1423,A,Ceará,Notebook/Netbook,Parda,Evangélica,Direita,1-3,,,
1424,E,Pará,Tablet,Amarela,Judaíca,Extrema Esquerda,7-10,,,
1425,C,Pernambuco,Notebook/Netbook,Preta,Espírita,Extrema Esquerda,<1,,,
1426,A,Maranhão,Outro,Preta,Ateu,Centro,7-10,,,
1427,A,Tocantins,Notebook/Netbook,Preta,Agnóstico,Não se interessa,4-6,,,
1428,C,Mato Grosso,Outro,Parda,Outras,Esquerda,7-10,,,
1429,D,Rio Grande do Sul,Outro,Preta,Evangélica,Extrema Direita,<1,,,
1430,E,Mato Grosso,Outro,Parda,Judaíca,Centro,<1,,,
1431,C,Minas Gerais,Desktop/Computador de mesa,Indígena,Espírita,Centro,<1,,,
1432,C,Piauí,Smartphone/Celular,Indígena,Espírita,Esquerda,>10,,,
1433,E,Minas Gerais,Outro,Prefiro não dizer,Evangélica,Centro,4-6,,,
1434,B,Amazonas,Notebook/Netbook,Prefiro não dizer,Ateu,Esquerda,>10,,,
1435,A,Ceará,Smartphone/Celular,Branca,Católica,Esquerda,<1,,,
1436,C,Rio de Janeiro,Outro,Amarela,Espírita,Centro Direita,<1,,,
1437,D,Rio de Janeiro,Desktop/Computador de mesa,Branca,Agnóstico,Não se interessa,4-6,,,
1438,E,Pernambuco,Tablet,Parda,Agnóstico,Esquerda,<1,,,
1439,E,Distrito Federal,Smartphone/Celular,Indígena,Ateu,Extrema Esquerda,4-6,,,
1440,A,Roraima,Outro,Amarela,Espírita,Centro,4-6,,,
1441,D,Bahia,Tablet,Amarela,Evangélica,Esquerda,<1,,,
1442,A,Ceará,Smartphone/Celular,Prefiro não dizer,Outras,Não se interessa,>10,,,
1443,D,Rio Grande do Sul,Notebook/Netbook,Parda,Ateu,Centro Direita,1-3,,,
1444,E,Espírito Santo,Outro,Indígena,Ateu,Não se interessa,<1,,,
1445,A,Goiás,Notebook/Netbook,Prefiro não dizer,Católica,Extrema Esquerda,4-6,,,
1446,B,Minas Gerais,Desktop/Computador de mesa,Prefiro não dizer,Judaíca,Centro Direita,4-6,,,
1447,E,Ceará,Notebook/Netbook,Branca,Espírita,Direita,1-3,,,
1448,D,Rio de Janeiro,Tablet,Indígena,Judaíca,Direita,4-6,,,
1449,D,Tocantins,Outro,Branca,Agnóstico,Esquerda,7-10,,,
1450,A,Paraná,Notebook/Netbook,Indígena,Católica,Direita,7-10,,,
1451,D,Minas Gerais,Desktop/Computador de mesa,Indígena,Outras,Centro Esquerda,>10,,,
1452,C,Santa Catarina,Outro,Prefiro não dizer,Católica,Extrema Direita,<1,,,
1453,E,Ceará,Outro,Preta,Judaíca,Extrema Esquerda,>10,,,
1454,C,Roraima,Tablet,Branca,Evangélica,Extrema Esquerda,4-6,,,
1455,D,Rio Grande do Sul,Notebook/Netbook,Parda,Outras,Centro Direita,>10,,,
1456,B,Mato Grosso do Sul,Desktop/Computador de mesa,Amarela,Agnóstico,Extrema Direita,7-10,,,
1457,C,Goiás,Smartphone/Celular,Branca,Outras,Não se interessa,7-10,,,
1458,C,Distrito Federal,Tablet,Amarela,Judaíca,Centro Esquerda,<1,,,
1459,C,Goiás,Tablet,Indígena,Espírita,Extrema Esquerda,>10,,,
1460,B,Ceará,Desktop/Computador de mesa,Branca,Outras,Centro,7-10,,,
1461,D,Pernambuco,Notebook/Netbook,Indígena,Evangélica,Extrema Direita,1-3,,,
1462,E,Rio de Janeiro,Smartphone/Celular,Prefiro não dizer,Espírita,Centro Esquerda,7-10,,,
1463,A,Goiás,Notebook/Netbook,Prefiro não dizer,Espírita,Centro Direita,4-6,,,
1464,C,Santa Catarina,Tablet,Branca,Espírita,Extrema Direita,>10,,,
1465,C,Pará,Notebook/Netbook,Prefiro não dizer,Espírita,Extrema Direita,1-3,,,
1466,E,Pernambuco,Desktop/Computador de mesa,Parda,Ateu,Não se interessa,4-6,,,
1467,B,Mato Grosso do Sul,Notebook/Netbook,Branca,Agnóstico,Centro,7-10,,,
1468,A,Amazonas,Tablet,Amarela,Espírita,Centro,>10,,,
1469,A,Amapá,Tablet,Indígena,Ateu,Extrema Direita,>10,,,
1470,B,Minas Gerais,Smartphone/Celular,Parda,Evangélica,Não se interessa,1-3,,,
1471,A,Pernambuco,Tablet,Parda,Outras,Extrema Direita,4-6,,,
1472,B,Ceará,Outro,Parda,Agnóstico,Centro,1-3,,,
1473,A,Goiás,Tablet,Prefiro não dizer,Ateu,Centro Direita,7-10,,,
1474,E,São Paulo,Desktop/Computador de mesa,Preta,Outras,Esquerda,>10,,,
1475,A,Distrito Federal,Tablet,Prefiro não dizer,Evangélica,Direita,7-10,,,
1476,C,Pernambuco,Smartphone/Celular,Amarela,Católica,Centro,>10,,,
1477,C,Rio Grande do Sul,Notebook/Netbook,Indígena,Católica,Esquerda,7-10,,,
1478,B,Ceará,Outro,Prefiro não dizer,Ateu,Extrema Direita,<1,,,
1479,A,Amazonas,Desktop/Computador de mesa,Preta,Agnóstico,Centro Direita,1-3,,,
1480,A,Goiás,Smartphone/Celular,Amarela,Espírita,Extrema Esquerda,>10,,,
1481,A,Sergipe,Smartphone/Celular,Amarela,Agnóstico,Extrema Direita,>10,,,
1482,A,Minas Gerais,Outro,Amarela,Espírita,Extrema Esquerda,1-3,,,
1483,C,Distrito Federal,Notebook/Netbook,Prefiro não dizer,Outras,Extrema Esquerda,7-10,,,
1484,D,Rio Grande do Sul,Smartphone/Celular,Parda,Católica,Extrema Direita,<1,,,
1485,D,Rio Grande do Norte,Smartphone/Celular,Amarela,Católica,Não se interessa,4-6,,,
1486,D,Alagoas,Smartphone/Celular,Branca,Ateu,Centro Esquerda,<1,,,
1487,D,Mato Grosso,Desktop/Computador de mesa,Amarela,Espírita,Centro Esquerda,4-6,,,
1488,B,Espírito Santo,Desktop/Computador de mesa,Amarela,Ateu,Extrema Esquerda,1-3,,,
1489,E,Santa Catarina,Tablet,Prefiro não dizer,Católica,Centro Esquerda,>10,,,
1490,D,Piauí,Tablet,Preta,Espírita,Não se interessa,<1,,,
1491,C,Pará,Smartphone/Celular,Preta,Agnóstico,Extrema Direita,<1,,,
1492,B,Sergipe,Tablet,Amarela,Outras,Esquerda,<1,,,
1493,E,Paraná,Notebook/Netbook,Parda,Ateu,Esquerda,<1,,,
1494,B,Sergipe,Notebook/Netbook,Branca,Espírita,Centro,>10,,,
1495,E,Paraíba,Outro,Indígena,Agnóstico,Centro Esquerda,1-3,,,
1496,B,Santa Catarina,Notebook/Netbook,Parda,Evangélica,Extrema Esquerda,7-10,,,
1497,A,São Paulo,Tablet,Parda,Católica,Centro Direita,4-6,,,
1498,E,Paraíba,Desktop/Computador de mesa,Branca,Judaíca,Extrema Direita,4-6,,,
1499,A,Espírito Santo,Smartphone/Celular,Prefiro não dizer,Espírita,Extrema Esquerda,<1,,,
1500,C,Rio Grande do Norte,Smartphone/Celular,Parda,Espírita,Esquerda,7-10,,,
1501,A,Mato Grosso do Sul,Notebook/Netbook,Indígena,Ateu,Centro Direita,1-3,,,
1502,E,Rio Grande do Norte,Notebook/Netbook,Branca,Evangélica,Extrema Direita,>10,,,
1503,E,Pará,Tablet,Parda,Espírita,Centro Direita,4-6,,,
1504,E,Paraná,Smartphone/Celular,Indígena,Católica,Esquerda,>10,,,
1505,C,Rondônia,Desktop/Computador de mesa,Preta,Espírita,Centro Esquerda,7-10,,,
1506,A,Ceará,Outro,Branca,Católica,Centro Esquerda,7-10,,,
1507,D,Mato Grosso,Outro,Branca,Judaíca,Direita,<1,,,
1508,E,Paraná,Tablet,Preta,Judaíca,Centro Direita,1-3,,,
1509,E,Tocantins,Outro,Amarela,Agnóstico,Direita,<1,,,
1510,C,Amapá,Tablet,Amarela,Católica,Direita,<1,,,
1511,D,Ceará,Tablet,Amarela,Ateu,Extrema Esquerda,>10,,,
1512,A,Espírito Santo,Tablet,Preta,Outras,Extrema Direita,4-6,,,
1513,E,Amapá,Tablet,Amarela,Ateu,Extrema Direita,4-6,,,
1514,E,Distrito Federal,Desktop/Computador de mesa,Branca,Outras,Não se interessa,>10,,,
1515,C,Rio Grande do Norte,Desktop/Computador de mesa,Preta,Evangélica,Esquerda,<1,,,
1516,C,Roraima,Outro,Amarela,Agnóstico,Extrema Esquerda,<1,,,
1517,A,Pará,Tablet,Branca,Outras,Esquerda,7-10,,,
1518,A,Bahia,Smartphone/Celular,Amarela,Ateu,Centro Esquerda,4-6,,,
1519,B,Rio Grande do Norte,Smartphone/Celular,Branca,Evangélica,Direita,7-10,,,
1520,E,Santa Catarina,Desktop/Computador de mesa,Branca,Agnóstico,Centro Direita,>10,,,
1521,B,Mato Grosso,Desktop/Computador de mesa,Prefiro não dizer,Agnóstico,Centro Esquerda,1-3,,,
1522,B,Santa Catarina,Notebook/Netbook,Prefiro não dizer,Judaíca,Extrema Direita,<1,,,
1523,E,Pará,Notebook/Netbook,Preta,Espírita,Esquerda,1-3,,,
1524,E,Minas Gerais,Smartphone/Celular,Parda,Agnóstico,Centro Esquerda,<1,,,
1525,C,Rio Grande do Norte,Outro,Preta,Ateu,Extrema Direita,7-10,,,
1526,E,Espírito Santo,Notebook/Netbook,Amarela,Espírita,Extrema Direita,4-6,,,
1527,C,Sergipe,Desktop/Computador de mesa,Amarela,Espírita,Centro,<1,,,
1528,A,Amapá,Desktop/Computador de mesa,Indígena,Católica,Direita,<1,,,
1529,C,Espírito Santo,Tablet,Preta,Católica,Extrema Direita,>10,,,
1530,C,Alagoas,Outro,Indígena,Agnóstico,Centro,<1,,,
1531,E,São Paulo,Smartphone/Celular,Prefiro não dizer,Outras,Extrema Direita,<1,,,
1532,B,Ceará,Tablet,Preta,Espírita,Extrema Direita,1-3,,,
1533,C,Paraíba,Smartphone/Celular,Prefiro não dizer,Outras,Centro,4-6,,,
1534,A,Amapá,Notebook/Netbook,Amarela,Evangélica,Extrema Direita,4-6,,,
1535,E,Espírito Santo,Outro,Indígena,Evangélica,Não se interessa,<1,,,
1536,C,Rio Grande do Sul,Tablet,Branca,Ateu,Direita,4-6,,,
1537,B,Goiás,Desktop/Computador de mesa,Prefiro não dizer,Católica,Não se interessa,>10,,,
1538,A,Paraná,Outro,Branca,Agnóstico,Centro,4-6,,,
1539,C,Paraíba,Smartphone/Celular,Parda,Evangélica,Extrema Direita,>10,,,
1540,A,Alagoas,Outro,Prefiro não dizer,Judaíca,Centro,4-6,,,
1541,B,Minas Gerais,Tablet,Prefiro não dizer,Espírita,Extrema Direita,<1,,,
1542,D,Alagoas,Desktop/Computador de mesa,Prefiro não dizer,Evangélica,Centro Direita,1-3,,,
1543,D,Tocantins,Outro,Parda,Evangélica,Direita,7-10,,,
1544,D,Tocantins,Outro,Indígena,Outras,Esquerda,<1,,,
1545,B,Distrito Federal,Tablet,Amarela,Espírita,Não se interessa,<1,,,
1546,E,Santa Catarina,Tablet,Indígena,Judaíca,Centro Esquerda,>10,,,
1547,A,Roraima,Notebook/Netbook,Indígena,Ateu,Esquerda,4-6,,,
1548,C,Acre,Tablet,Indígena,Católica,Centro Direita,7-10,,,
1549,A,Espírito Santo,Smartphone/Celular,Amarela,Espírita,Centro Esquerda,4-6,,,
1550,E,Goiás,Notebook/Netbook,Prefiro não dizer,Católica,Centro Direita,7-10,,,
1551,B,Goiás,Desktop/Computador de mesa,Parda,Ateu,Centro Esquerda,<1,,,
1552,A,Roraima,Desktop/Computador de mesa,Preta,Outras,Esquerda,>10,,,
1553,C,Paraíba,Outro,Branca,Católica,Centro,7-10,,,
1554,B,Piauí,Notebook/Netbook,Branca,Ateu,Extrema Esquerda,7-10,,,
1555,E,Rio de Janeiro,Outro,Indígena,Evangélica,Esquerda,4-6,,,
1556,B,Rio de Janeiro,Notebook/Netbook,Parda,Espírita,Centro,<1,,,
1557,D,Mato Grosso,Desktop/Computador de mesa,Amarela,Judaíca,Centro Esquerda,<1,,,
1558,C,Amapá,Outro,Branca,Ateu,Extrema Esquerda,<1,,,
1559,B,Roraima,Notebook/Netbook,Branca,Espírita,Extrema Direita,1-3,,,
1560,A,Acre,Smartphone/Celular,Branca,Outras,Não se interessa,7-10,,,
1561,D,Acre,Notebook/Netbook,Amarela,Ateu,Não se interessa,>10,,,
1562,A,Rondônia,Smartphone/Celular,Amarela,Judaíca,Direita,1-3,,,
1563,B,Tocantins,Outro,Indígena,Evangélica,Centro Direita,7-10,,,
1564,C,Goiás,Smartphone/Celular,Amarela,Espírita,Extrema Esquerda,1-3,,,
1565,A,Goiás,Outro,Branca,Ateu,Não se interessa,>10,,,
1566,E,Alagoas,Outro,Parda,Católica,Extrema Direita,4-6,,,
1567,C,Paraíba,Desktop/Computador de mesa,Preta,Agnóstico,Centro,<1,,,
1568,B,Minas Gerais,Desktop/Computador de mesa,Parda,Evangélica,Esquerda,<1,,,
1569,B,Rio Grande do Sul,Smartphone/Celular,Indígena,Ateu,Centro Direita,1-3,,,
1570,C,Piauí,Tablet,Branca,Ateu,Centro Esquerda,7-10,,,
1571,E,Rondônia,Outro,Prefiro não dizer,Outras,Esquerda,>10,,,
1572,D,Alagoas,Desktop/Computador de mesa,Prefiro não dizer,Ateu,Extrema Direita,1-3,,,
1573,B,Minas Gerais,Tablet,Preta,Ateu,Não se interessa,4-6,,,
1574,D,São Paulo,Smartphone/Celular,Parda,Evangélica,Não se interessa,<1,,,
1575,A,Sergipe,Smartphone/Celular,Indígena,Evangélica,Esquerda,1-3,,,
1576,D,Mato Grosso,Notebook/Netbook,Branca,Católica,Extrema Direita,<1,,,
1577,E,Paraná,Notebook/Netbook,Parda,Judaíca,Centro Direita,4-6,,,
1578,C,São Paulo,Desktop/Computador de mesa,Parda,Ateu,Extrema Direita,7-10,,,
1579,A,Tocantins,Desktop/Computador de mesa,Amarela,Espírita,Esquerda,7-10,,,
1580,D,Mato Grosso,Outro,Amarela,Judaíca,Centro Direita,7-10,,,
1581,A,Piauí,Outro,Parda,Evangélica,Extrema Direita,1-3,,,
1582,A,Tocantins,Desktop/Computador de mesa,Indígena,Evangélica,Esquerda,>10,,,
1583,B,Paraná,Desktop/Computador de mesa,Preta,Judaíca,Extrema Esquerda,1-3,,,
1584,A,Ceará,Smartphone/Celular,Amarela,Agnóstico,Centro Esquerda,>10,,,
1585,A,Rio Grande do Norte,Notebook/Netbook,Preta,Outras,Centro,<1,,,
1586,C,Pará,Tablet,Branca,Ateu,Direita,>10,,,
1587,E,Rio Grande do Norte,Tablet,Branca,Agnóstico,Direita,>10,,,
1588,E,Pará,Tablet,Preta,Outras,Extrema Esquerda,>10,,,
1589,E,Paraíba,Outro,Branca,Espírita,Centro,1-3,,,
1590,C,Mato Grosso,Outro,Amarela,Judaíca,Não se interessa,7-10,,,
1591,A,Maranhão,Notebook/Netbook,Prefiro não dizer,Judaíca,Extrema Esquerda,4-6,,,
1592,C,Amazonas,Desktop/Computador de mesa,Parda,Católica,Esquerda,<1,,,
1593,B,Santa Catarina,Smartphone/Celular,Parda,Evangélica,Esquerda,7-10,,,
1594,B,Rio Grande do Norte,Outro,Preta,Ateu,Centro Esquerda,1-3,,,
1595,A,Paraíba,Outro,Parda,Outras,Centro Esquerda,<1,,,
1596,E,Goiás,Desktop/Computador de mesa,Amarela,Outras,Não se interessa,7-10,,,
1597,A,Paraíba,Smartphone/Celular,Prefiro não dizer,Agnóstico,Centro Esquerda,4-6,,,
1598,C,Distrito Federal,Tablet,Branca,Católica,Direita,<1,,,
1599,A,Goiás,Tablet,Prefiro não dizer,Judaíca,Centro Direita,1-3,,,
1600,C,Distrito Federal,Outro,Indígena,Evangélica,Não se interessa,4-6,,,
1601,B,Rio Grande do Sul,Notebook/Netbook,Branca,Outras,Centro Direita,<1,,,
1602,A,Paraíba,Outro,Preta,Espírita,Direita,7-10,,,
1603,A,Pará,Tablet,Prefiro não dizer,Espírita,Centro Esquerda,>10,,,
1604,E,Minas Gerais,Desktop/Computador de mesa,Branca,Católica,Extrema Esquerda,>10,,,
1605,B,Santa Catarina,Smartphone/Celular,Amarela,Católica,Extrema Esquerda,4-6,,,
1606,E,Maranhão,Notebook/Netbook,Amarela,Judaíca,Centro Esquerda,7-10,,,
1607,B,Rio de Janeiro,Notebook/Netbook,Preta,Ateu,Extrema Esquerda,>10,,,
1608,A,Pernambuco,Desktop/Computador de mesa,Indígena,Espírita,Esquerda,1-3,,,
1609,D,Piauí,Notebook/Netbook,Indígena,Judaíca,Extrema Esquerda,7-10,,,
1610,E,Amazonas,Notebook/Netbook,Prefiro não dizer,Evangélica,Centro Direita,7-10,,,
1611,E,Espírito Santo,Outro,Parda,Espírita,Centro Esquerda,4-6,,,
1612,B,Acre,Smartphone/Celular,Preta,Ateu,Extrema Direita,4-6,,,
1613,D,Amazonas,Outro,Preta,Evangélica,Centro Esquerda,<1,,,
1614,E,Espírito Santo,Smartphone/Celular,Branca,Agnóstico,Extrema Esquerda,7-10,,,
1615,D,Pará,Tablet,Branca,Ateu,Esquerda,>10,,,
1616,C,Rondônia,Desktop/Computador de mesa,Amarela,Católica,Centro Esquerda,<1,,,
1617,E,São Paulo,Notebook/Netbook,Branca,Outras,Esquerda,4-6,,,
1618,A,Alagoas,Outro,Indígena,Católica,Centro Direita,1-3,,,
1619,D,Rondônia,Smartphone/Celular,Branca,Evangélica,Centro,>10,,,
1620,B,Pernambuco,Notebook/Netbook,Branca,Judaíca,Centro,4-6,,,
1621,D,Distrito Federal,Notebook/Netbook,Branca,Outras,Centro,1-3,,,
1622,E,Piauí,Smartphone/Celular,Branca,Agnóstico,Não se interessa,1-3,,,
1623,A,Acre,Outro,Parda,Ateu,Extrema Esquerda,7-10,,,
1624,D,Rio Grande do Norte,Tablet,Parda,Católica,Direita,4-6,,,
1625,D,Pernambuco,Notebook/Netbook,Branca,Espírita,Direita,<1,,,
1626,E,Roraima,Tablet,Preta,Espírita,Não se interessa,1-3,,,
1627,B,Acre,Smartphone/Celular,Branca,Outras,Esquerda,>10,,,
1628,C,Alagoas,Outro,Amarela,Evangélica,Extrema Esquerda,>10,,,
1629,A,Mato Grosso do Sul,Notebook/Netbook,Branca,Espírita,Extrema Direita,>10,,,
1630,A,São Paulo,Desktop/Computador de mesa,Amarela,Evangélica,Direita,1-3,,,
1631,A,Amazonas,Notebook/Netbook,Preta,Espírita,Extrema Esquerda,4-6,,,
1632,B,Mato Grosso do Sul,Desktop/Computador de mesa,Parda,Agnóstico,Direita,<1,,,
1633,D,Espírito Santo,Outro,Amarela,Evangélica,Direita,1-3,,,
1634,C,Piauí,Outro,Prefiro não dizer,Judaíca,Centro,7-10,,,
1635,E,Minas Gerais,Tablet,Amarela,Católica,Direita,>10,,,
1636,A,Paraíba,Smartphone/Celular,Parda,Católica,Não se interessa,4-6,,,
1637,C,Roraima,Tablet,Prefiro não dizer,Ateu,Centro,7-10,,,
1638,A,Pernambuco,Tablet,Indígena,Evangélica,Centro,1-3,,,
1639,C,Pará,Outro,Branca,Católica,Esquerda,1-3,,,
1640,E,Santa Catarina,Smartphone/Celular,Amarela,Espírita,Direita,<1,,,
1641,B,Pará,Tablet,Preta,Católica,Centro Direita,<1,,,
1642,D,Sergipe,Notebook/Netbook,Amarela,Ateu,Extrema Esquerda,4-6,,,
1643,D,Bahia,Notebook/Netbook,Preta,Ateu,Centro Direita,4-6,,,
1644,C,Pará,Outro,Parda,Católica,Extrema Esquerda,1-3,,,
1645,C,São Paulo,Notebook/Netbook,Branca,Ateu,Centro Esquerda,4-6,,,
1646,A,São Paulo,Notebook/Netbook,Branca,Espírita,Centro Esquerda,7-10,,,
1647,D,Paraíba,Desktop/Computador de mesa,Amarela,Espírita,Esquerda,>10,,,
1648,C,Minas Gerais,Outro,Branca,Judaíca,Centro Direita,1-3,,,
1649,E,Rio Grande do Sul,Tablet,Prefiro não dizer,Evangélica,Centro Direita,4-6,,,
1650,D,Rio Grande do Sul,Smartphone/Celular,Prefiro não dizer,Ateu,Extrema Esquerda,<1,,,
1651,C,Piauí,Outro,Branca,Agnóstico,Centro,<1,,,
1652,E,Rio Grande do Sul,Notebook/Netbook,Prefiro não dizer,Agnóstico,Centro,>10,,,
1653,C,Amazonas,Outro,Branca,Ateu,Centro Esquerda,<1,,,
1654,C,Piauí,Tablet,Preta,Agnóstico,Extrema Esquerda,<1,,,
1655,A,Pará,Smartphone/Celular,Preta,Ateu,Extrema Direita,4-6,,,
1656,E,Mato Grosso,Outro,Amarela,Espírita,Extrema Direita,<1,,,
1657,B,Rio de Janeiro,Smartphone/Celular,Amarela,Ateu,Não se interessa,1-3,,,
1658,C,Sergipe,Smartphone/Celular,Amarela,Judaíca,Centro Direita,1-3,,,
1659,B,Bahia,Notebook/Netbook,Amarela,Evangélica,Extrema Direita,1-3,,,
1660,C,Tocantins,Smartphone/Celular,Indígena,Judaíca,Centro Direita,4-6,,,
1661,C,Santa Catarina,Desktop/Computador de mesa,Parda,Católica,Centro Esquerda,1-3,,,
1662,C,Sergipe,Notebook/Netbook,Amarela,Espírita,Centro Esquerda,7-10,,,
1663,B,Espírito Santo,Desktop/Computador de mesa,Amarela,Espírita,Não se interessa,4-6,,,
1664,B,Minas Gerais,Desktop/Computador de mesa,Prefiro não dizer,Evangélica,Extrema Esquerda,<1,,,
1665,B,Goiás,Notebook/Netbook,Indígena,Ateu,Direita,7-10,,,
1666,C,Pará,Smartphone/Celular,Amarela,Evangélica,Esquerda,1-3,,,
1667,C,Amapá,Outro,Preta,Espírita,Extrema Esquerda,>10,,,
1668,B,Sergipe,Desktop/Computador de mesa,Indígena,Ateu,Centro,7-10,,,
1669,A,Maranhão,Smartphone/Celular,Branca,Espírita,Centro Direita,<1,,,
1670,D,Amazonas,Notebook/Netbook,Branca,Católica,Centro Direita,>10,,,
1671,B,Santa Catarina,Smartphone/Celular,Parda,Ateu,Extrema Direita,7-10,,,
1672,C,Tocantins,Outro,Indígena,Evangélica,Direita,7-10,,,
1673,D,Espírito Santo,Tablet,Indígena,Espírita,Centro Esquerda,7-10,,,
1674,C,Bahia,Tablet,Parda,Evangélica,Extrema Direita,<1,,,
1675,A,Amazonas,Smartphone/Celular,Amarela,Ateu,Centro Direita,4-6,,,
1676,E,Ceará,Notebook/Netbook,Prefiro não dizer,Outras,Extrema Esquerda,<1,,,
1677,B,Acre,Outro,Amarela,Espírita,Não se interessa,7-10,,,
1678,E,Roraima,Smartphone/Celular,Prefiro não dizer,Outras,Centro Direita,4-6,,,
1679,B,Piauí,Tablet,Preta,Ateu,Extrema Esquerda,>10,,,
1680,C,Pará,Smartphone/Celular,Preta,Outras,Centro Direita,<1,,,
1681,B,Rio Grande do Norte,Outro,Indígena,Outras,Esquerda,7-10,,,
1682,E,Ceará,Notebook/Netbook,Prefiro não dizer,Ateu,Não se interessa,7-10,,,
1683,D,Amapá,Tablet,Preta,Espírita,Direita,<1,,,
1684,A,Paraíba,Notebook/Netbook,Amarela,Espírita,Centro Direita,4-6,,,
1685,D,Amazonas,Notebook/Netbook,Parda,Judaíca,Centro Esquerda,4-6,,,
1686,C,Maranhão,Smartphone/Celular,Branca,Católica,Centro Direita,<1,,,
1687,C,Pará,Outro,Prefiro não dizer,Católica,Não se interessa,<1,,,
1688,A,Pernambuco,Outro,Amarela,Católica,Centro Direita,>10,,,
1689,D,Amapá,Smartphone/Celular,Prefiro não dizer,Espírita,Direita,<1,,,
1690,A,São Paulo,Smartphone/Celular,Amarela,Judaíca,Centro Esquerda,1-3,,,
1691,A,Mato Grosso,Smartphone/Celular,Branca,Evangélica,Centro Direita,7-10,,,
1692,C,Rio Grande do Norte,Tablet,Indígena,Espírita,Extrema Direita,4-6,,,
1693,A,Piauí,Outro,Preta,Evangélica,Centro Direita,1-3,,,
1694,A,Goiás,Desktop/Computador de mesa,Amarela,Agnóstico,Extrema Direita,>10,,,
1695,D,Mato Grosso do Sul,Tablet,Parda,Ateu,Centro Direita,>10,,,
1696,D,Tocantins,Smartphone/Celular,Indígena,Agnóstico,Extrema Esquerda,>10,,,
1697,B,Roraima,Tablet,Parda,Judaíca,Direita,4-6,,,
1698,A,Roraima,Notebook/Netbook,Indígena,Espírita,Extrema Esquerda,7-10,,,
1699,A,Minas Gerais,Outro,Indígena,Espírita,Centro,<1,,,
1700,A,Goiás,Smartphone/Celular,Indígena,Ateu,Extrema Direita,1-3,,,
1701,A,São Paulo,Outro,Indígena,Judaíca,Direita,1-3,,,
1702,D,Paraíba,Notebook/Netbook,Preta,Evangélica,Extrema Direita,4-6,,,
1703,C,Minas Gerais,Outro,Preta,Agnóstico,Extrema Direita,<1,,,
1704,D,Tocantins,Outro,Indígena,Agnóstico,Não se interessa,1-3,,,
1705,C,Mato Grosso,Smartphone/Celular,Parda,Judaíca,Direita,<1,,,
1706,D,São Paulo,Tablet,Prefiro não dizer,Judaíca,Centro,7-10,,,
1707,E,Tocantins,Smartphone/Celular,Amarela,Ateu,Centro,1-3,,,
1708,D,Mato Grosso do Sul,Tablet,Preta,Espírita,Esquerda,>10,,,
1709,E,Piauí,Smartphone/Celular,Parda,Agnóstico,Centro,7-10,,,
1710,C,Rio Grande do Sul,Outro,Prefiro não dizer,Evangélica,Extrema Esquerda,>10,,,
1711,B,Distrito Federal,Tablet,Preta,Outras,Direita,1-3,,,
1712,A,Paraná,Outro,Amarela,Evangélica,Extrema Direita,<1,,,
1713,C,Santa Catarina,Smartphone/Celular,Amarela,Católica,Centro Esquerda,1-3,,,
1714,C,Rio de Janeiro,Smartphone/Celular,Indígena,Católica,Centro Direita,1-3,,,
1715,B,Espírito Santo,Desktop/Computador de mesa,Preta,Católica,Extrema Direita,>10,,,
1716,A,Paraíba,Tablet,Branca,Ateu,Não se interessa,<1,,,
1717,E,Ceará,Tablet,Prefiro não dizer,Outras,Centro,7-10,,,
1718,D,Roraima,Notebook/Netbook,Branca,Evangélica,Não se interessa,7-10,,,
1719,D,Pernambuco,Notebook/Netbook,Amarela,Ateu,Esquerda,7-10,,,
1720,A,Mato Grosso,Desktop/Computador de mesa,Amarela,Ateu,Extrema Direita,1-3,,,
1721,C,Amapá,Outro,Amarela,Espírita,Extrema Esquerda,>10,,,
1722,D,Santa Catarina,Outro,Indígena,Ateu,Não se interessa,4-6,,,
1723,E,Ceará,Notebook/Netbook,Branca,Agnóstico,Esquerda,1-3,,,
1724,D,Tocantins,Tablet,Prefiro não dizer,Evangélica,Extrema Esquerda,1-3,,,
1725,A,Minas Gerais,Notebook/Netbook,Amarela,Ateu,Extrema Direita,1-3,,,
1726,D,Espírito Santo,Desktop/Computador de mesa,Indígena,Católica,Centro Esquerda,<1,,,
1727,C,São Paulo,Outro,Parda,Ateu,Esquerda,4-6,,,
1728,A,Amapá,Smartphone/Celular,Indígena,Judaíca,Centro,>10,,,
1729,C,Pará,Notebook/Netbook,Preta,Católica,Extrema Direita,>10,,,
1730,C,Sergipe,Desktop/Computador de mesa,Branca,Espírita,Extrema Direita,7-10,,,
1731,C,Tocantins,Desktop/Computador de mesa,Indígena,Agnóstico,Direita,7-10,,,
1732,A,Bahia,Desktop/Computador de mesa,Prefiro não dizer,Ateu,Centro Direita,7-10,,,
1733,E,Amazonas,Desktop/Computador de mesa,Prefiro não dizer,Católica,Esquerda,>10,,,
1734,B,Mato Grosso,Smartphone/Celular,Parda,Agnóstico,Extrema Direita,<1,,,
1735,D,Bahia,Tablet,Parda,Católica,Centro,7-10,,,
1736,A,Pernambuco,Tablet,Amarela,Espírita,Centro,>10,,,
1737,C,Ceará,Notebook/Netbook,Indígena,Espírita,Esquerda,>10,,,
1738,E,Distrito Federal,Notebook/Netbook,Indígena,Espírita,Centro Esquerda,>10,,,
1739,A,São Paulo,Outro,Branca,Judaíca,Extrema Direita,1-3,,,
1740,D,Minas Gerais,Outro,Branca,Católica,Centro Esquerda,>10,,,
1741,B,Rio Grande do Sul,Desktop/Computador de mesa,Parda,Católica,Direita,4-6,,,
1742,D,Pernambuco,Tablet,Parda,Agnóstico,Direita,<1,,,
1743,A,Piauí,Notebook/Netbook,Preta,Agnóstico,Centro,>10,,,
1744,A,Acre,Smartphone/Celular,Prefiro não dizer,Ateu,Esquerda,7-10,,,
1745,A,Piauí,Notebook/Netbook,Amarela,Judaíca,Centro,7-10,,,
1746,D,Santa Catarina,Outro,Indígena,Judaíca,Esquerda,4-6,,,
1747,E,Roraima,Outro,Prefiro não dizer,Ateu,Não se interessa,1-3,,,
1748,B,Minas Gerais,Tablet,Prefiro não dizer,Ateu,Centro,>10,,,
1749,A,Amapá,Outro,Parda,Evangélica,Extrema Direita,<1,,,
1750,A,São Paulo,Desktop/Computador de mesa,Parda,Ateu,Centro,7-10,,,
1751,C,Mato Grosso do Sul,Notebook/Netbook,Branca,Outras,Centro,4-6,,,
1752,A,Maranhão,Notebook/Netbook,Indígena,Agnóstico,Esquerda,1-3,,,
1753,D,Rio de Janeiro,Tablet,Parda,Espírita,Extrema Esquerda,1-3,,,
1754,D,Mato Grosso,Outro,Indígena,Católica,Não se interessa,1-3,,,
1755,A,Pernambuco,Outro,Indígena,Judaíca,Direita,>10,,,
1756,D,Rio Grande do Sul,Tablet,Preta,Espírita,Centro Esquerda,1-3,,,
1757,E,Rondônia,Desktop/Computador de mesa,Indígena,Outras,Centro,<1,,,
1758,A,Tocantins,Tablet,Parda,Espírita,Não se interessa,7-10,,,
1759,E,Rio Grande do Sul,Smartphone/Celular,Preta,Espírita,Não se interessa,7-10,,,
1760,B,São Paulo,Outro,Amarela,Agnóstico,Extrema Esquerda,<1,,,
1761,C,Amazonas,Desktop/Computador de mesa,Preta,Judaíca,Centro Direita,4-6,,,
1762,C,Amazonas,Tablet,Prefiro não dizer,Evangélica,Centro Direita,4-6,,,
1763,B,Rio de Janeiro,Desktop/Computador de mesa,Indígena,Católica,Esquerda,4-6,,,
1764,A,Piauí,Tablet,Prefiro não dizer,Agnóstico,Extrema Esquerda,1-3,,,
1765,E,Pernambuco,Tablet,Prefiro não dizer,Outras,Centro Direita,<1,,,
1766,C,Espírito Santo,Desktop/Computador de mesa,Branca,Espírita,Centro Direita,<1,,,
1767,D,Minas Gerais,Desktop/Computador de mesa,Prefiro não dizer,Católica,Direita,<1,,,
1768,E,Roraima,Smartphone/Celular,Indígena,Católica,Centro Esquerda,1-3,,,
1769,B,Pará,Notebook/Netbook,Prefiro não dizer,Espírita,Direita,>10,,,
1770,B,Tocantins,Outro,Indígena,Evangélica,Centro,<1,,,
1771,B,Goiás,Tablet,Amarela,Espírita,Centro Direita,<1,,,
1772,B,Paraíba,Outro,Amarela,Ateu,Direita,<1,,,
1773,D,Maranhão,Desktop/Computador de mesa,Indígena,Judaíca,Esquerda,>10,,,
1774,B,Santa Catarina,Tablet,Indígena,Espírita,Centro Direita,>10,,,
1775,B,Goiás,Desktop/Computador de mesa,Branca,Evangélica,Esquerda,>10,,,
1776,A,Alagoas,Outro,Preta,Judaíca,Não se interessa,>10,,,
1777,D,Roraima,Outro,Preta,Ateu,Esquerda,7-10,,,
1778,E,Rio de Janeiro,Notebook/Netbook,Prefiro não dizer,Outras,Extrema Direita,4-6,,,
1779,D,Mato Grosso do Sul,Desktop/Computador de mesa,Parda,Espírita,Extrema Direita,7-10,,,
1780,B,Sergipe,Desktop/Computador de mesa,Preta,Ateu,Extrema Direita,7-10,,,
1781,E,Mato Grosso,Notebook/Netbook,Parda,Ateu,Centro,<1,,,
1782,E,Piauí,Outro,Indígena,Judaíca,Não se interessa,<1,,,
1783,D,Amapá,Desktop/Computador de mesa,Prefiro não dizer,Agnóstico,Centro Direita,<1,,,
1784,B,Distrito Federal,Desktop/Computador de mesa,Prefiro não dizer,Judaíca,Extrema Direita,7-10,,,
1785,B,Tocantins,Notebook/Netbook,Preta,Ateu,Extrema Direita,7-10,,,
1786,A,Rio de Janeiro,Desktop/Computador de mesa,Branca,Outras,Extrema Direita,>10,,,
1787,C,Santa Catarina,Smartphone/Celular,Indígena,Católica,Não se interessa,1-3,,,
1788,D,Minas Gerais,Desktop/Computador de mesa,Parda,Agnóstico,Extrema Esquerda,<1,,,
1789,E,Espírito Santo,Outro,Amarela,Agnóstico,Extrema Direita,1-3,,,
1790,A,Tocantins,Desktop/Computador de mesa,Preta,Espírita,Esquerda,4-6,,,
1791,D,Rio Grande do Norte,Desktop/Computador de mesa,Branca,Judaíca,Centro Direita,4-6,,,
1792,E,Piauí,Desktop/Computador de mesa,Indígena,Outras,Extrema Esquerda,4-6,,,
1793,C,Acre,Tablet,Prefiro não dizer,Judaíca,Extrema Direita,>10,,,
1794,D,Minas Gerais,Smartphone/Celular,Indígena,Evangélica,Extrema Direita,1-3,,,
1795,D,Alagoas,Tablet,Parda,Outras,Não se interessa,4-6,,,
1796,D,Pará,Smartphone/Celular,Branca,Evangélica,Extrema Esquerda,>10,,,
1797,C,Distrito Federal,Desktop/Computador de mesa,Prefiro não dizer,Judaíca,Não se interessa,1-3,,,
1798,B,Pará,Desktop/Computador de mesa,Parda,Evangélica,Centro Direita,7-10,,,
1799,C,Rio Grande do Sul,Tablet,Amarela,Católica,Centro Direita,4-6,,,
1800,D,Tocantins,Notebook/Netbook,Amarela,Outras,Centro Direita,1-3,,,
1801,B,Amazonas,Smartphone/Celular,Indígena,Espírita,Extrema Esquerda,4-6,,,
1802,C,Alagoas,Notebook/Netbook,Prefiro não dizer,Judaíca,Direita,4-6,,,
1803,A,Distrito Federal,Desktop/Computador de mesa,Branca,Agnóstico,Centro,7-10,,,
1804,C,Paraná,Tablet,Branca,Outras,Não se interessa,4-6,,,
1805,A,Paraná,Smartphone/Celular,Prefiro não dizer,Agnóstico,Direita,<1,,,
1806,B,Acre,Tablet,Branca,Judaíca,Não se interessa,<1,,,
1807,B,Pernambuco,Tablet,Indígena,Outras,Direita,>10,,,
1808,C,Rio Grande do Norte,Notebook/Netbook,Parda,Católica,Centro Esquerda,1-3,,,
1809,A,Tocantins,Desktop/Computador de mesa,Indígena,Judaíca,Extrema Esquerda,<1,,,
1810,C,Minas Gerais,Smartphone/Celular,Parda,Evangélica,Centro Direita,7-10,,,
1811,D,Alagoas,Tablet,Indígena,Católica,Esquerda,1-3,,,
1812,E,Rondônia,Tablet,Indígena,Católica,Direita,4-6,,,
1813,E,Rondônia,Smartphone/Celular,Prefiro não dizer,Espírita,Extrema Esquerda,1-3,,,
1814,D,Acre,Smartphone/Celular,Parda,Judaíca,Centro Esquerda,>10,,,
1815,B,Mato Grosso,Desktop/Computador de mesa,Branca,Evangélica,Direita,<1,,,
1816,E,Roraima,Tablet,Branca,Ateu,Esquerda,1-3,,,
1817,B,Rio Grande do Norte,Tablet,Amarela,Outras,Centro,>10,,,
1818,E,Tocantins,Tablet,Indígena,Católica,Extrema Direita,>10,,,
1819,A,Rondônia,Smartphone/Celular,Amarela,Agnóstico,Centro,>10,,,
1820,E,Mato Grosso do Sul,Tablet,Prefiro não dizer,Agnóstico,Centro,>10,,,
1821,D,Santa Catarina,Desktop/Computador de mesa,Amarela,Evangélica,Centro Direita,7-10,,,
1822,D,Amapá,Smartphone/Celular,Amarela,Espírita,Extrema Direita,1-3,,,
1823,A,Maranhão,Outro,Preta,Católica,Centro Esquerda,7-10,,,
1824,E,Sergipe,Notebook/Netbook,Preta,Outras,Centro Esquerda,<1,,,
1825,E,Alagoas,Notebook/Netbook,Indígena,Outras,Centro,<1,,,
1826,D,Santa Catarina,Smartphone/Celular,Preta,Espírita,Centro Direita,<1,,,
1827,B,Espírito Santo,Outro,Parda,Espírita,Extrema Esquerda,7-10,,,
1828,E,Roraima,Notebook/Netbook,Preta,Espírita,Esquerda,<1,,,
1829,B,São Paulo,Outro,Parda,Evangélica,Centro Direita,>10,,,
1830,B,Alagoas,Outro,Indígena,Evangélica,Centro Esquerda,>10,,,
1831,B,Maranhão,Notebook/Netbook,Amarela,Agnóstico,Extrema Direita,4-6,,,
1832,D,Piauí,Desktop/Computador de mesa,Preta,Evangélica,Extrema Esquerda,4-6,,,
1833,E,Pernambuco,Notebook/Netbook,Preta,Católica,Direita,<1,,,
1834,E,Bahia,Desktop/Computador de mesa,Indígena,Ateu,Centro Esquerda,>10,,,
1835,D,Piauí,Outro,Prefiro não dizer,Evangélica,Centro Esquerda,>10,,,
1836,B,Mato Grosso,Outro,Parda,Espírita,Esquerda,1-3,,,
1837,D,Goiás,Tablet,Preta,Espírita,Extrema Esquerda,>10,,,
1838,B,Acre,Outro,Parda,Espírita,Direita,1-3,,,
1839,A,Minas Gerais,Notebook/Netbook,Preta,Judaíca,Extrema Esquerda,4-6,,,
1840,A,Acre,Desktop/Computador de mesa,Amarela,Espírita,Centro,<1,,,
1841,B,Rio Grande do Norte,Outro,Amarela,Agnóstico,Extrema Esquerda,<1,,,
1842,A,Mato Grosso do Sul,Desktop/Computador de mesa,Parda,Ateu,Extrema Esquerda,<1,,,
1843,D,Rio de Janeiro,Notebook/Netbook,Indígena,Ateu,Direita,7-10,,,
1844,A,Minas Gerais,Desktop/Computador de mesa,Amarela,Espírita,Centro,<1,,,
1845,C,Tocantins,Desktop/Computador de mesa,Indígena,Ateu,Extrema Direita,4-6,,,
1846,B,Espírito Santo,Tablet,Amarela,Outras,Extrema Direita,7-10,,,
1847,A,Tocantins,Desktop/Computador de mesa,Indígena,Judaíca,Extrema Direita,>10,,,
1848,A,São Paulo,Outro,Indígena,Ateu,Direita,>10,,,
1849,C,Distrito Federal,Tablet,Branca,Outras,Direita,1-3,,,
1850,D,Espírito Santo,Smartphone/Celular,Preta,Católica,Centro Direita,1-3,,,
1851,A,Goiás,Smartphone/Celular,Prefiro não dizer,Católica,Não se interessa,1-3,,,
1852,C,Rio Grande do Sul,Tablet,Prefiro não dizer,Espírita,Esquerda,>10,,,
1853,E,Mato Grosso,Smartphone/Celular,Indígena,Evangélica,Extrema Direita,1-3,,,
1854,A,Acre,Desktop/Computador de mesa,Preta,Outras,Não se interessa,>10,,,
1855,B,Sergipe,Outro,Indígena,Agnóstico,Centro Direita,>10,,,
1856,E,Acre,Desktop/Computador de mesa,Preta,Ateu,Extrema Esquerda,4-6,,,
1857,D,Pará,Smartphone/Celular,Indígena,Espírita,Não se interessa,4-6,,,
1858,D,Acre,Smartphone/Celular,Preta,Judaíca,Centro,7-10,,,
1859,E,Paraíba,Smartphone/Celular,Indígena,Ateu,Centro Direita,4-6,,,
1860,C,Espírito Santo,Desktop/Computador de mesa,Prefiro não dizer,Ateu,Extrema Esquerda,4-6,,,
1861,E,Bahia,Outro,Prefiro não dizer,Ateu,Centro Direita,1-3,,,
1862,D,Piauí,Desktop/Computador de mesa,Amarela,Ateu,Centro,4-6,,,
1863,D,Pernambuco,Outro,Preta,Agnóstico,Centro Esquerda,4-6,,,
1864,A,Goiás,Notebook/Netbook,Amarela,Católica,Extrema Direita,1-3,,,
1865,D,Rio de Janeiro,Tablet,Amarela,Espírita,Extrema Direita,<1,,,
1866,E,Goiás,Outro,Indígena,Católica,Não se interessa,1-3,,,
1867,C,Amazonas,Tablet,Parda,Outras,Centro Esquerda,<1,,,
1868,D,Acre,Smartphone/Celular,Prefiro não dizer,Espírita,Esquerda,7-10,,,
1869,E,São Paulo,Notebook/Netbook,Indígena,Espírita,Extrema Esquerda,1-3,,,
1870,C,Paraíba,Outro,Parda,Ateu,Direita,1-3,,,
1871,B,Rio Grande do Norte,Smartphone/Celular,Amarela,Outras,Direita,4-6,,,
1872,D,Mato Grosso do Sul,Desktop/Computador de mesa,Parda,Evangélica,Centro,>10,,,
1873,E,Mato Grosso do Sul,Tablet,Prefiro não dizer,Outras,Extrema Esquerda,>10,,,
1874,B,Acre,Desktop/Computador de mesa,Preta,Ateu,Extrema Direita,4-6,,,
1875,C,Espírito Santo,Tablet,Amarela,Católica,Centro,<1,,,
1876,E,Espírito Santo,Smartphone/Celular,Parda,Agnóstico,Centro,1-3,,,
1877,D,Espírito Santo,Desktop/Computador de mesa,Prefiro não dizer,Ateu,Extrema Direita,1-3,,,
1878,A,Amapá,Smartphone/Celular,Prefiro não dizer,Outras,Extrema Direita,>10,,,
1879,B,Pernambuco,Smartphone/Celular,Parda,Evangélica,Centro Direita,4-6,,,
1880,D,Ceará,Outro,Parda,Ateu,Extrema Esquerda,1-3,,,
1881,C,Amapá,Desktop/Computador de mesa,Prefiro não dizer,Ateu,Não se interessa,<1,,,
1882,B,Goiás,Outro,Preta,Agnóstico,Centro Direita,<1,,,
1883,B,Ceará,Notebook/Netbook,Parda,Outras,Esquerda,1-3,,,
1884,C,Maranhão,Smartphone/Celular,Prefiro não dizer,Outras,Centro Direita,1-3,,,
1885,C,Pará,Outro,Amarela,Outras,Não se interessa,7-10,,,
1886,A,Minas Gerais,Smartphone/Celular,Indígena,Judaíca,Extrema Esquerda,4-6,,,
1887,D,Ceará,Tablet,Amarela,Espírita,Centro,7-10,,,
1888,C,Roraima,Smartphone/Celular,Parda,Ateu,Direita,<1,,,
1889,C,Rio de Janeiro,Smartphone/Celular,Preta,Judaíca,Direita,4-6,,,
1890,C,Sergipe,Notebook/Netbook,Preta,Ateu,Centro Esquerda,7-10,,,
1891,C,Distrito Federal,Outro,Prefiro não dizer,Evangélica,Direita,1-3,,,
1892,A,Piauí,Desktop/Computador de mesa,Parda,Espírita,Não se interessa,1-3,,,
1893,A,Mato Grosso,Outro,Indígena,Católica,Não se interessa,>10,,,
1894,E,Amazonas,Tablet,Branca,Evangélica,Direita,>10,,,
1895,B,Espírito Santo,Notebook/Netbook,Preta,Outras,Não se interessa,>10,,,
1896,D,Rondônia,Desktop/Computador de mesa,Branca,Católica,Não se interessa,4-6,,,
1897,D,Espírito Santo,Outro,Amarela,Ateu,Não se interessa,4-6,,,
1898,E,Roraima,Desktop/Computador de mesa,Preta,Outras,Extrema Direita,4-6,,,
1899,C,Acre,Desktop/Computador de mesa,Prefiro não dizer,Judaíca,Esquerda,>10,,,
1900,A,Espírito Santo,Desktop/Computador de mesa,Prefiro não dizer,Evangélica,Centro Direita,>10,,,
1901,B,São Paulo,Smartphone/Celular,Indígena,Ateu,Esquerda,>10,,,
1902,B,Mato Grosso,Outro,Preta,Judaíca,Esquerda,7-10,,,
1903,A,São Paulo,Notebook/Netbook,Parda,Espírita,Centro Direita,7-10,,,
1904,E,Rondônia,Smartphone/Celular,Amarela,Judaíca,Extrema Direita,<1,,,
1905,E,Distrito Federal,Desktop/Computador de mesa,Parda,Espírita,Não se interessa,7-10,,,
1906,E,Goiás,Desktop/Computador de mesa,Parda,Outras,Não se interessa,7-10,,,
1907,E,São Paulo,Tablet,Indígena,Judaíca,Extrema Direita,1-3,,,
1908,D,Mato Grosso do Sul,Tablet,Prefiro não dizer,Agnóstico,Direita,<1,,,
1909,D,Rio Grande do Norte,Desktop/Computador de mesa,Preta,Agnóstico,Extrema Esquerda,7-10,,,
1910,D,Rio de Janeiro,Smartphone/Celular,Parda,Católica,Centro,7-10,,,
1911,C,Ceará,Outro,Preta,Outras,Não se interessa,<1,,,
1912,E,Bahia,Outro,Indígena,Católica,Direita,>10,,,
1913,D,Amazonas,Smartphone/Celular,Branca,Agnóstico,Extrema Direita,7-10,,,
1914,A,Piauí,Notebook/Netbook,Amarela,Outras,Centro Direita,4-6,,,
1915,B,Distrito Federal,Outro,Indígena,Evangélica,Extrema Direita,4-6,,,
1916,B,Minas Gerais,Notebook/Netbook,Parda,Evangélica,Centro Esquerda,<1,,,
1917,D,Roraima,Desktop/Computador de mesa,Branca,Judaíca,Não se interessa,<1,,,
1918,C,Rio Grande do Norte,Notebook/Netbook,Parda,Judaíca,Extrema Direita,7-10,,,
1919,E,Ceará,Notebook/Netbook,Indígena,Agnóstico,Direita,4-6,,,
1920,E,Distrito Federal,Tablet,Amarela,Ateu,Esquerda,4-6,,,
1921,D,Alagoas,Tablet,Amarela,Evangélica,Esquerda,<1,,,
1922,B,Acre,Tablet,Amarela,Evangélica,Esquerda,>10,,,
1923,D,Rio de Janeiro,Tablet,Preta,Outras,Centro Direita,>10,,,
1924,C,Amazonas,Tablet,Prefiro não dizer,Espírita,Centro,7-10,,,
1925,B,São Paulo,Outro,Parda,Judaíca,Direita,>10,,,
1926,E,Espírito Santo,Tablet,Branca,Agnóstico,Direita,4-6,,,
1927,D,Minas Gerais,Outro,Preta,Católica,Centro,7-10,,,
1928,E,Amapá,Notebook/Netbook,Preta,Católica,Não se interessa,>10,,,
1929,C,Espírito Santo,Smartphone/Celular,Parda,Ateu,Centro,1-3,,,
1930,E,Santa Catarina,Smartphone/Celular,Prefiro não dizer,Outras,Extrema Esquerda,4-6,,,
1931,B,Piauí,Tablet,Preta,Agnóstico,Centro Direita,7-10,,,
1932,E,Mato Grosso,Outro,Preta,Ateu,Esquerda,7-10,,,
1933,B,São Paulo,Tablet,Prefiro não dizer,Espírita,Não se interessa,7-10,,,
1934,C,Rondônia,Outro,Branca,Católica,Direita,>10,,,
1935,D,Rio de Janeiro,Outro,Indígena,Judaíca,Centro,7-10,,,
1936,B,Pará,Desktop/Computador de mesa,Indígena,Evangélica,Esquerda,1-3,,,
1937,D,Goiás,Tablet,Preta,Judaíca,Centro Esquerda,<1,,,
1938,C,Minas Gerais,Notebook/Netbook,Parda,Católica,Direita,1-3,,,
1939,B,Pernambuco,Tablet,Parda,Católica,Não se interessa,4-6,,,
1940,D,Rondônia,Outro,Amarela,Espírita,Centro Direita,1-3,,,
1941,E,Amazonas,Smartphone/Celular,Prefiro não dizer,Judaíca,Extrema Esquerda,1-3,,,
1942,A,Pará,Outro,Parda,Agnóstico,Esquerda,<1,,,
1943,D,Espírito Santo,Tablet,Preta,Evangélica,Centro,4-6,,,
1944,A,Paraná,Notebook/Netbook,Parda,Agnóstico,Esquerda,1-3,,,
1945,C,Amapá,Smartphone/Celular,Prefiro não dizer,Outras,Centro Esquerda,>10,,,
1946,A,Amazonas,Notebook/Netbook,Prefiro não dizer,Espírita,Esquerda,>10,,,
1947,B,Mato Grosso,Outro,Branca,Evangélica,Centro Esquerda,4-6,,,
1948,A,Paraná,Outro,Parda,Católica,Centro,<1,,,
1949,A,Goiás,Desktop/Computador de mesa,Indígena,Ateu,Centro,>10,,,
1950,A,Acre,Desktop/Computador de mesa,Preta,Evangélica,Extrema Esquerda,4-6,,,
1951,A,Pernambuco,Desktop/Computador de mesa,Amarela,Católica,Extrema Direita,<1,,,
1952,A,Amazonas,Desktop/Computador de mesa,Indígena,Espírita,Centro,>10,,,
1953,E,Amazonas,Tablet,Parda,Judaíca,Extrema Direita,<1,,,
1954,C,Pará,Notebook/Netbook,Prefiro não dizer,Espírita,Centro Direita,>10,,,
1955,D,Pernambuco,Smartphone/Celular,Amarela,Católica,Direita,>10,,,
1956,A,Amapá,Desktop/Computador de mesa,Branca,Espírita,Centro Esquerda,<1,,,
1957,C,Acre,Notebook/Netbook,Preta,Evangélica,Direita,1-3,,,
1958,A,São Paulo,Outro,Amarela,Católica,Centro Direita,7-10,,,
1959,C,Bahia,Tablet,Indígena,Ateu,Centro Esquerda,7-10,,,
1960,E,Paraíba,Smartphone/Celular,Branca,Agnóstico,Extrema Direita,>10,,,
1961,C,Bahia,Smartphone/Celular,Indígena,Evangélica,Extrema Direita,1-3,,,
1962,E,Mato Grosso do Sul,Tablet,Prefiro não dizer,Agnóstico,Direita,1-3,,,
1963,B,Roraima,Tablet,Prefiro não dizer,Ateu,Esquerda,7-10,,,
1964,B,Rondônia,Tablet,Amarela,Agnóstico,Esquerda,4-6,,,
1965,D,Rio Grande do Sul,Notebook/Netbook,Preta,Evangélica,Centro Direita,4-6,,,
1966,D,Tocantins,Smartphone/Celular,Branca,Agnóstico,Esquerda,>10,,,
1967,A,Rio de Janeiro,Smartphone/Celular,Preta,Católica,Extrema Esquerda,>10,,,
1968,B,Roraima,Notebook/Netbook,Parda,Judaíca,Direita,7-10,,,
1969,D,Espírito Santo,Desktop/Computador de mesa,Parda,Evangélica,Esquerda,>10,,,
1970,A,Amazonas,Notebook/Netbook,Amarela,Evangélica,Centro Esquerda,7-10,,,
1971,E,Mato Grosso do Sul,Tablet,Preta,Judaíca,Esquerda,4-6,,,
1972,C,Mato Grosso do Sul,Desktop/Computador de mesa,Parda,Judaíca,Centro,<1,,,
1973,B,Mato Grosso,Tablet,Preta,Evangélica,Extrema Direita,7-10,,,
1974,D,Minas Gerais,Notebook/Netbook,Parda,Judaíca,Extrema Esquerda,>10,,,
1975,D,Rio Grande do Norte,Notebook/Netbook,Amarela,Evangélica,Centro Direita,<1,,,
1976,E,Tocantins,Tablet,Amarela,Católica,Centro Direita,<1,,,
1977,B,Piauí,Outro,Indígena,Evangélica,Direita,4-6,,,
1978,E,Pará,Tablet,Branca,Católica,Centro Direita,>10,,,
1979,B,São Paulo,Notebook/Netbook,Indígena,Evangélica,Extrema Direita,>10,,,
1980,D,Rondônia,Outro,Parda,Ateu,Centro Esquerda,4-6,,,
1981,E,Minas Gerais,Desktop/Computador de mesa,Prefiro não dizer,Espírita,Centro,4-6,,,
1982,D,Pará,Desktop/Computador de mesa,Amarela,Católica,Direita,>10,,,
1983,C,Santa Catarina,Outro,Branca,Ateu,Centro Esquerda,4-6,,,
1984,B,Mato Grosso,Desktop/Computador de mesa,Branca,Espírita,Esquerda,4-6,,,
1985,A,Minas Gerais,Tablet,Parda,Espírita,Esquerda,1-3,,,
1986,A,Rio Grande do Sul,Notebook/Netbook,Parda,Ateu,Centro Direita,>10,,,
1987,E,Goiás,Notebook/Netbook,Branca,Ateu,Centro Direita,7-10,,,
1988,E,Distrito Federal,Outro,Indígena,Evangélica,Extrema Esquerda,7-10,,,
1989,D,Mato Grosso do Sul,Smartphone/Celular,Prefiro não dizer,Católica,Não se interessa,1-3,,,
1990,B,Santa Catarina,Notebook/Netbook,Prefiro não dizer,Evangélica,Extrema Direita,7-10,,,
1991,A,Piauí,Smartphone/Celular,Prefiro não dizer,Evangélica,Centro,7-10,,,
1992,D,Amapá,Smartphone/Celular,Branca,Espírita,Não se interessa,<1,,,
1993,D,Sergipe,Smartphone/Celular,Branca,Ateu,Extrema Esquerda,1-3,,,
1994,C,Pará,Tablet,Amarela,Católica,Centro Esquerda,4-6,,,
1995,B,Roraima,Notebook/Netbook,Branca,Evangélica,Centro Esquerda,7-10,,,
1996,A,Rio de Janeiro,Desktop/Computador de mesa,Branca,Ateu,Extrema Esquerda,>10,,,
1997,A,Alagoas,Desktop/Computador de mesa,Parda,Outras,Extrema Direita,>10,,,
1998,A,Mato Grosso do Sul,Desktop/Computador de mesa,Parda,Judaíca,Centro Esquerda,>10,,,
1999,A,Maranhão,Smartphone/Celular,Prefiro não dizer,Católica,Não se interessa,1-3,,,
2000,C,Espírito Santo,Notebook/Netbook,Branca,Ateu,Direita,<1,,,
2001,D,Pará,Outro,Amarela,Agnóstico,Esquerda,4-6,,,
2002,E,Maranhão,Desktop/Computador de mesa,Parda,Outras,Extrema Direita,7-10,,,
2003,E,Rondônia,Outro,Branca,Evangélica,Direita,1-3,,,
2004,D,Bahia,Outro,Prefiro não dizer,Católica,Centro Esquerda,>10,,,
2005,D,Distrito Federal,Smartphone/Celular,Prefiro não dizer,Católica,Não se interessa,4-6,,,
2006,C,Tocantins,Desktop/Computador de mesa,Branca,Judaíca,Centro Esquerda,4-6,,,
2007,D,Bahia,Notebook/Netbook,Prefiro não dizer,Agnóstico,Centro,7-10,,,
2008,C,Bahia,Tablet,Indígena,Evangélica,Extrema Direita,4-6,,,
2009,B,Rondônia,Smartphone/Celular,Parda,Outras,Extrema Esquerda,1-3,,,
2010,E,Paraíba,Desktop/Computador de mesa,Branca,Espírita,Centro,7-10,,,
2011,D,Distrito Federal,Notebook/Netbook,Indígena,Agnóstico,Direita,4-6,,,
2012,A,Minas Gerais,Tablet,Indígena,Ateu,Centro,4-6,,,
2013,B,Rio de Janeiro,Tablet,Parda,Espírita,Esquerda,<1,,,
2014,A,Paraná,Notebook/Netbook,Parda,Espírita,Centro Direita,7-10,,,
2015,C,Paraná,Outro,Parda,Evangélica,Extrema Esquerda,7-10,,,
2016,E,Tocantins,Smartphone/Celular,Indígena,Espírita,Extrema Esquerda,7-10,,,
2017,E,Amazonas,Outro,Branca,Agnóstico,Extrema Esquerda,7-10,,,
2018,A,Santa Catarina,Tablet,Preta,Católica,Extrema Direita,1-3,,,
2019,D,Mato Grosso,Outro,Branca,Católica,Esquerda,<1,,,
2020,D,Rio Grande do Norte,Notebook/Netbook,Indígena,Ateu,Centro Direita,1-3,,,
2021,B,Espírito Santo,Smartphone/Celular,Prefiro não dizer,Ateu,Extrema Direita,4-6,,,
2022,C,Amazonas,Desktop/Computador de mesa,Preta,Católica,Esquerda,1-3,,,
2023,B,Bahia,Outro,Indígena,Agnóstico,Direita,<1,,,
2024,D,Rio Grande do Sul,Outro,Branca,Evangélica,Centro Direita,<1,,,
2025,B,Mato Grosso do Sul,Outro,Prefiro não dizer,Ateu,Centro Direita,>10,,,
2026,E,Espírito Santo,Desktop/Computador de mesa,Indígena,Espírita,Centro Esquerda,7-10,,,
2027,B,Maranhão,Desktop/Computador de mesa,Branca,Ateu,Extrema Direita,7-10,,,
2028,A,Alagoas,Desktop/Computador de mesa,Preta,Espírita,Centro Direita,<1,,,
2029,E,Sergipe,Tablet,Preta,Ateu,Extrema Direita,7-10,,,
2030,A,Amazonas,Tablet,Amarela,Católica,Direita,>10,,,
2031,B,Amapá,Smartphone/Celular,Parda,Evangélica,Esquerda,>10,,,
2032,A,Espírito Santo,Smartphone/Celular,Indígena,Agnóstico,Centro,1-3,,,
2033,D,Rondônia,Smartphone/Celular,Preta,Evangélica,Extrema Direita,>10,,,
2034,D,Bahia,Outro,Indígena,Evangélica,Centro Esquerda,7-10,,,
2035,A,Pará,Outro,Preta,Agnóstico,Direita,<1,,,
2036,D,Rondônia,Notebook/Netbook,Preta,Católica,Extrema Esquerda,<1,,,
2037,E,Sergipe,Tablet,Preta,Agnóstico,Esquerda,>10,,,
2038,B,Bahia,Desktop/Computador de mesa,Amarela,Católica,Esquerda,1-3,,,
2039,E,Minas Gerais,Smartphone/Celular,Prefiro não dizer,Espírita,Esquerda,4-6,,,
2040,C,Rio Grande do Sul,Notebook/Netbook,Indígena,Ateu,Centro Direita,>10,,,
2041,B,Goiás,Desktop/Computador de mesa,Amarela,Agnóstico,Esquerda,1-3,,,
2042,A,Goiás,Tablet,Prefiro não dizer,Católica,Centro Direita,4-6,,,
2043,C,Mato Grosso,Outro,Preta,Agnóstico,Direita,4-6,,,
2044,E,Bahia,Smartphone/Celular,Prefiro não dizer,Judaíca,Não se interessa,7-10,,,
2045,C,Rio Grande do Norte,Smartphone/Celular,Parda,Espírita,Direita,1-3,,,
2046,D,Espírito Santo,Outro,Branca,Judaíca,Centro,>10,,,
2047,D,Rio de Janeiro,Notebook/Netbook,Parda,Evangélica,Não se interessa,<1,,,
2048,B,Rio de Janeiro,Outro,Branca,Evangélica,Centro,1-3,,,
2049,D,Paraíba,Outro,Indígena,Espírita,Extrema Esquerda,7-10,,,
2050,A,Amapá,Smartphone/Celular,Preta,Outras,Não se interessa,1-3,,,
2051,B,Rondônia,Desktop/Computador de mesa,Parda,Judaíca,Extrema Direita,<1,,,
2052,D,Acre,Tablet,Parda,Evangélica,Centro Direita,>10,,,
2053,B,Paraná,Desktop/Computador de mesa,Indígena,Outras,Centro Direita,>10,,,
2054,A,Rondônia,Desktop/Computador de mesa,Branca,Agnóstico,Extrema Direita,1-3,,,
2055,C,Distrito Federal,Desktop/Computador de mesa,Amarela,Católica,Extrema Esquerda,4-6,,,
2056,B,Paraná,Notebook/Netbook,Preta,Agnóstico,Esquerda,<1,,,
2057,A,Amapá,Outro,Indígena,Espírita,Centro Direita,<1,,,
2058,B,Paraíba,Notebook/Netbook,Amarela,Judaíca,Esquerda,1-3,,,
2059,B,Tocantins,Desktop/Computador de mesa,Preta,Espírita,Centro Esquerda,>10,,,
2060,C,Roraima,Smartphone/Celular,Amarela,Agnóstico,Centro Esquerda,7-10,,,
2061,C,Mato Grosso do Sul,Outro,Preta,Evangélica,Centro Esquerda,>10,,,
2062,E,Minas Gerais,Tablet,Preta,Católica,Extrema Direita,<1,,,
2063,E,Minas Gerais,Desktop/Computador de mesa,Branca,Evangélica,Centro,4-6,,,
2064,E,Rio Grande do Norte,Desktop/Computador de mesa,Prefiro não dizer,Outras,Não se interessa,4-6,,,
2065,C,Amapá,Smartphone/Celular,Branca,Espírita,Extrema Esquerda,1-3,,,
2066,A,Sergipe,Desktop/Computador de mesa,Indígena,Outras,Não se interessa,4-6,,,
2067,A,Ceará,Notebook/Netbook,Prefiro não dizer,Evangélica,Esquerda,>10,,,
2068,E,Amazonas,Smartphone/Celular,Preta,Espírita,Centro Direita,1-3,,,
2069,E,Alagoas,Outro,Parda,Espírita,Centro Esquerda,1-3,,,
2070,A,Distrito Federal,Notebook/Netbook,Indígena,Espírita,Esquerda,1-3,,,
2071,D,Alagoas,Smartphone/Celular,Parda,Espírita,Direita,4-6,,,
2072,A,Bahia,Smartphone/Celular,Amarela,Católica,Centro Esquerda,>10,,,
2073,E,Tocantins,Tablet,Parda,Espírita,Esquerda,4-6,,,
2074,E,Bahia,Outro,Prefiro não dizer,Evangélica,Não se interessa,1-3,,,
2075,C,Mato Grosso do Sul,Outro,Parda,Espírita,Extrema Esquerda,7-10,,,
2076,B,Rio de Janeiro,Tablet,Parda,Espírita,Não se interessa,4-6,,,
2077,B,São Paulo,Smartphone/Celular,Indígena,Judaíca,Extrema Esquerda,>10,,,
2078,B,Rondônia,Desktop/Computador de mesa,Prefiro não dizer,Agnóstico,Não se interessa,1-3,,,
2079,C,Paraná,Smartphone/Celular,Branca,Judaíca,Extrema Direita,>10,,,
2080,B,Alagoas,Tablet,Branca,Espírita,Direita,7-10,,,
2081,A,Piauí,Outro,Prefiro não dizer,Agnóstico,Extrema Direita,<1,,,
2082,A,Alagoas,Smartphone/Celular,Prefiro não dizer,Outras,Centro Direita,>10,,,
2083,A,Rondônia,Desktop/Computador de mesa,Indígena,Outras,Centro,7-10,,,
2084,C,Mato Grosso do Sul,Outro,Parda,Católica,Centro Esquerda,<1,,,
2085,D,Piauí,Tablet,Prefiro não dizer,Outras,Centro Direita,1-3,,,
2086,D,Amazonas,Outro,Preta,Evangélica,Extrema Direita,<1,,,
2087,A,São Paulo,Desktop/Computador de mesa,Prefiro não dizer,Evangélica,Não se interessa,4-6,,,
2088,C,Mato Grosso do Sul,Notebook/Netbook,Branca,Católica,Extrema Esquerda,>10,,,
2089,E,Espírito Santo,Notebook/Netbook,Parda,Judaíca,Extrema Esquerda,1-3,,,
2090,B,Roraima,Desktop/Computador de mesa,Amarela,Espírita,Centro Direita,>10,,,
2091,A,Maranhão,Smartphone/Celular,Amarela,Evangélica,Centro Direita,4-6,,,
2092,C,Maranhão,Desktop/Computador de mesa,Prefiro não dizer,Espírita,Centro Esquerda,>10,,,
2093,E,Goiás,Outro,Parda,Outras,Não se interessa,<1,,,
2094,B,Sergipe,Outro,Prefiro não dizer,Agnóstico,Esquerda,4-6,,,
2095,D,Distrito Federal,Tablet,Parda,Evangélica,Centro Direita,1-3,,,
2096,B,Rio Grande do Norte,Smartphone/Celular,Branca,Ateu,Extrema Direita,>10,,,
2097,C,Amapá,Smartphone/Celular,Prefiro não dizer,Agnóstico,Não se interessa,4-6,,,
2098,E,Amazonas,Desktop/Computador de mesa,Amarela,Espírita,Esquerda,4-6,,,
2099,D,Mato Grosso do Sul,Tablet,Branca,Judaíca,Extrema Esquerda,<1,,,
2100,A,Tocantins,Outro,Prefiro não dizer,Espírita,Centro Esquerda,1-3,,,
2101,A,Distrito Federal,Tablet,Parda,Ateu,Extrema Direita,7-10,,,
2102,E,Rondônia,Outro,Amarela,Outras,Extrema Esquerda,7-10,,,
2103,E,Alagoas,Notebook/Netbook,Indígena,Espírita,Centro,4-6,,,
2104,A,Ceará,Desktop/Computador de mesa,Amarela,Ateu,Extrema Esquerda,>10,,,
2105,B,Rondônia,Tablet,Parda,Ateu,Extrema Esquerda,1-3,,,
2106,E,Rio Grande do Sul,Desktop/Computador de mesa,Prefiro não dizer,Evangélica,Extrema Direita,<1,,,
2107,A,Paraíba,Outro,Parda,Ateu,Não se interessa,4-6,,,
2108,B,São Paulo,Outro,Preta,Agnóstico,Extrema Direita,7-10,,,
2109,D,Rio Grande do Sul,Desktop/Computador de mesa,Parda,Judaíca,Extrema Esquerda,>10,,,
2110,B,Maranhão,Desktop/Computador de mesa,Indígena,Ateu,Direita,>10,,,
2111,B,Espírito Santo,Outro,Preta,Católica,Esquerda,4-6,,,
2112,D,Rio Grande do Norte,Smartphone/Celular,Amarela,Outras,Extrema Esquerda,7-10,,,
2113,A,Espírito Santo,Tablet,Parda,Judaíca,Esquerda,>10,,,
2114,A,Amapá,Outro,Preta,Espírita,Não se interessa,<1,,,
2115,C,Bahia,Outro,Preta,Evangélica,Esquerda,4-6,,,
2116,E,Rio Grande do Norte,Notebook/Netbook,Amarela,Ateu,Centro Esquerda,<1,,,
2117,B,Sergipe,Tablet,Prefiro não dizer,Evangélica,Não se interessa,<1,,,
2118,D,Rio Grande do Norte,Outro,Parda,Judaíca,Extrema Direita,>10,,,
2119,E,Pará,Outro,Preta,Judaíca,Direita,4-6,,,
2120,A,Pará,Desktop/Computador de mesa,Branca,Evangélica,Não se interessa,1-3,,,
2121,E,Tocantins,Outro,Preta,Católica,Extrema Direita,1-3,,,
2122,D,Pará,Desktop/Computador de mesa,Indígena,Evangélica,Não se interessa,4-6,,,
2123,D,Piauí,Smartphone/Celular,Preta,Espírita,Esquerda,4-6,,,
2124,E,Rondônia,Outro,Parda,Judaíca,Esquerda,4-6,,,
2125,A,Acre,Smartphone/Celular,Indígena,Outras,Esquerda,4-6,,,
2126,C,Pernambuco,Desktop/Computador de mesa,Branca,Agnóstico,Não se interessa,1-3,,,
2127,B,Sergipe,Desktop/Computador de mesa,Branca,Evangélica,Direita,1-3,,,
2128,C,Santa Catarina,Tablet,Prefiro não dizer,Judaíca,Extrema Esquerda,>10,,,
2129,A,Maranhão,Smartphone/Celular,Indígena,Ateu,Centro,<1,,,
2130,C,Santa Catarina,Outro,Parda,Judaíca,Centro,4-6,,,
2131,E,Mato Grosso,Smartphone/Celular,Indígena,Espírita,Centro,4-6,,,
2132,A,Rio Grande do Norte,Smartphone/Celular,Parda,Espírita,Extrema Esquerda,1-3,,,
2133,D,Rio Grande do Norte,Outro,Branca,Espírita,Não se interessa,>10,,,
2134,D,Rondônia,Tablet,Branca,Espírita,Direita,<1,,,
2135,C,Goiás,Smartphone/Celular,Amarela,Espírita,Esquerda,>10,,,
2136,B,Rio de Janeiro,Smartphone/Celular,Amarela,Espírita,Centro,>10,,,
2137,B,Paraná,Notebook/Netbook,Indígena,Outras,Direita,4-6,,,
2138,E,Mato Grosso,Smartphone/Celular,Amarela,Evangélica,Não se interessa,4-6,,,
2139,A,Espírito Santo,Outro,Preta,Evangélica,Extrema Esquerda,<1,,,
2140,C,Mato Grosso,Tablet,Parda,Judaíca,Centro,4-6,,,
2141,B,Ceará,Notebook/Netbook,Amarela,Evangélica,Extrema Direita,>10,,,
2142,C,Tocantins,Tablet,Preta,Católica,Extrema Esquerda,7-10,,,
2143,A,Pernambuco,Smartphone/Celular,Parda,Espírita,Centro Direita,>10,,,
2144,C,Pernambuco,Tablet,Preta,Outras,Centro,7-10,,,
2145,E,Espírito Santo,Desktop/Computador de mesa,Prefiro não dizer,Ateu,Extrema Esquerda,4-6,,,
2146,D,Pernambuco,Tablet,Preta,Outras,Centro Esquerda,7-10,,,
2147,B,Rio Grande do Norte,Notebook/Netbook,Amarela,Judaíca,Direita,<1,,,
2148,C,Paraná,Notebook/Netbook,Indígena,Espírita,Extrema Direita,4-6,,,
2149,A,Mato Grosso,Smartphone/Celular,Preta,Judaíca,Extrema Esquerda,4-6,,,
2150,A,Goiás,Outro,Indígena,Espírita,Não se interessa,4-6,,,
2151,C,Sergipe,Desktop/Computador de mesa,Amarela,Outras,Não se interessa,<1,,,
2152,A,Maranhão,Desktop/Computador de mesa,Branca,Católica,Esquerda,<1,,,
2153,D,Tocantins,Desktop/Computador de mesa,Amarela,Espírita,Centro Esquerda,4-6,,,
2154,A,Piauí,Outro,Prefiro não dizer,Ateu,Centro Direita,7-10,,,
2155,C,Santa Catarina,Tablet,Amarela,Ateu,Centro,1-3,,,
2156,B,Acre,Outro,Indígena,Judaíca,Centro,1-3,,,
2157,A,Rio Grande do Sul,Smartphone/Celular,Parda,Ateu,Esquerda,1-3,,,
2158,C,Piauí,Notebook/Netbook,Indígena,Ateu,Extrema Direita,7-10,,,
2159,B,Mato Grosso do Sul,Desktop/Computador de mesa,Prefiro não dizer,Evangélica,Não se interessa,1-3,,,
2160,B,Rio Grande do Sul,Outro,Prefiro não dizer,Católica,Centro Esquerda,<1,,,
2161,E,Paraíba,Notebook/Netbook,Prefiro não dizer,Outras,Extrema Esquerda,>10,,,
2162,E,São Paulo,Desktop/Computador de mesa,Prefiro não dizer,Agnóstico,Centro,<1,,,
2163,C,São Paulo,Outro,Amarela,Espírita,Esquerda,7-10,,,
2164,D,Paraíba,Desktop/Computador de mesa,Indígena,Outras,Não se interessa,<1,,,
2165,D,Minas Gerais,Tablet,Branca,Ateu,Extrema Esquerda,>10,,,
2166,D,Distrito Federal,Desktop/Computador de mesa,Indígena,Evangélica,Direita,<1,,,
2167,B,Goiás,Outro,Amarela,Evangélica,Extrema Direita,<1,,,
2168,D,Mato Grosso do Sul,Outro,Prefiro não dizer,Judaíca,Não se interessa,1-3,,,
2169,E,Roraima,Notebook/Netbook,Branca,Católica,Centro Esquerda,4-6,,,
2170,D,Piauí,Desktop/Computador de mesa,Amarela,Ateu,Esquerda,<1,,,
2171,A,Mato Grosso,Smartphone/Celular,Prefiro não dizer,Agnóstico,Extrema Direita,>10,,,
2172,B,Roraima,Outro,Amarela,Católica,Extrema Esquerda,1-3,,,
2173,C,Piauí,Smartphone/Celular,Branca,Outras,Não se interessa,1-3,,,
2174,C,Paraná,Smartphone/Celular,Amarela,Ateu,Extrema Direita,1-3,,,
2175,E,Distrito Federal,Smartphone/Celular,Prefiro não dizer,Evangélica,Extrema Esquerda,1-3,,,
2176,A,Maranhão,Smartphone/Celular,Preta,Outras,Direita,1-3,,,
2177,D,Rondônia,Notebook/Netbook,Prefiro não dizer,Católica,Centro Direita,1-3,,,
2178,C,Amapá,Tablet,Prefiro não dizer,Evangélica,Extrema Direita,>10,,,
2179,B,Amapá,Smartphone/Celular,Amarela,Católica,Direita,>10,,,
2180,B,Roraima,Notebook/Netbook,Indígena,Espírita,Extrema Direita,7-10,,,
2181,B,Alagoas,Smartphone/Celular,Amarela,Evangélica,Extrema Direita,7-10,,,
2182,B,Amazonas,Notebook/Netbook,Branca,Judaíca,Não se interessa,>10,,,
2183,E,Pará,Tablet,Parda,Judaíca,Centro Esquerda,<1,,,
2184,A,Rondônia,Notebook/Netbook,Indígena,Evangélica,Extrema Direita,<1,,,
2185,A,Pernambuco,Outro,Parda,Judaíca,Extrema Direita,1-3,,,
2186,C,Rio de Janeiro,Smartphone/Celular,Branca,Ateu,Esquerda,>10,,,
2187,B,Pará,Outro,Indígena,Judaíca,Esquerda,1-3,,,
2188,A,Rio de Janeiro,Smartphone/Celular,Prefiro não dizer,Judaíca,Não se interessa,<1,,,
2189,D,Mato Grosso,Tablet,Prefiro não dizer,Judaíca,Centro,1-3,,,
2190,C,Bahia,Smartphone/Celular,Branca,Ateu,Não se interessa,7-10,,,
2191,D,Espírito Santo,Smartphone/Celular,Parda,Católica,Centro Direita,<1,,,
2192,A,Tocantins,Smartphone/Celular,Indígena,Judaíca,Centro Esquerda,7-10,,,
2193,A,Distrito Federal,Outro,Prefiro não dizer,Ateu,Não se interessa,4-6,,,
2194,A,Espírito Santo,Tablet,Parda,Espírita,Centro Direita,>10,,,
2195,E,Bahia,Smartphone/Celular,Preta,Ateu,Direita,1-3,,,
2196,A,Distrito Federal,Notebook/Netbook,Parda,Judaíca,Não se interessa,>10,,,
2197,A,Bahia,Notebook/Netbook,Prefiro não dizer,Católica,Esquerda,4-6,,,
2198,C,Pernambuco,Notebook/Netbook,Parda,Agnóstico,Centro,<1,,,
2199,E,Alagoas,Desktop/Computador de mesa,Indígena,Católica,Extrema Direita,7-10,,,
2200,A,Roraima,Notebook/Netbook,Preta,Evangélica,Esquerda,4-6,,,
2201,D,Roraima,Notebook/Netbook,Branca,Ateu,Extrema Esquerda,7-10,,,
2202,C,Piauí,Smartphone/Celular,Parda,Judaíca,Centro,7-10,,,
2203,B,Espírito Santo,Outro,Indígena,Evangélica,Extrema Direita,>10,,,
2204,D,Goiás,Tablet,Amarela,Espírita,Extrema Direita,1-3,,,
2205,E,Goiás,Outro,Prefiro não dizer,Evangélica,Centro Direita,4-6,,,
2206,E,Santa Catarina,Tablet,Branca,Judaíca,Extrema Direita,7-10,,,
2207,D,Distrito Federal,Smartphone/Celular,Parda,Evangélica,Direita,<1,,,
2208,B,Pernambuco,Notebook/Netbook,Amarela,Evangélica,Extrema Direita,>10,,,
2209,A,Santa Catarina,Outro,Branca,Judaíca,Não se interessa,>10,,,
2210,A,Maranhão,Tablet,Parda,Outras,Centro Direita,4-6,,,
2211,D,Rio de Janeiro,Desktop/Computador de mesa,Branca,Evangélica,Extrema Direita,<1,,,
2212,B,Goiás,Notebook/Netbook,Prefiro não dizer,Judaíca,Direita,7-10,,,
2213,E,Maranhão,Tablet,Indígena,Católica,Não se interessa,1-3,,,
2214,A,Roraima,Desktop/Computador de mesa,Prefiro não dizer,Espírita,Direita,<1,,,
2215,A,Rio Grande do Sul,Outro,Preta,Espírita,Centro Esquerda,>10,,,
2216,E,Sergipe,Desktop/Computador de mesa,Parda,Evangélica,Centro Esquerda,1-3,,,
2217,D,Rio Grande do Sul,Outro,Indígena,Ateu,Centro,1-3,,,
2218,C,Alagoas,Desktop/Computador de mesa,Prefiro não dizer,Outras,Esquerda,<1,,,
2219,A,Sergipe,Tablet,Preta,Agnóstico,Centro,7-10,,,
2220,D,Pernambuco,Smartphone/Celular,Parda,Agnóstico,Centro Direita,>10,,,
2221,A,Minas Gerais,Smartphone/Celular,Branca,Judaíca,Extrema Direita,4-6,,,
2222,E,Alagoas,Smartphone/Celular,Amarela,Judaíca,Centro Esquerda,>10,,,
2223,C,Mato Grosso,Smartphone/Celular,Parda,Outras,Centro Esquerda,4-6,,,
2224,E,Tocantins,Desktop/Computador de mesa,Preta,Judaíca,Direita,>10,,,
2225,B,Pará,Tablet,Indígena,Judaíca,Esquerda,1-3,,,
2226,A,Roraima,Tablet,Parda,Agnóstico,Direita,1-3,,,
2227,B,Alagoas,Tablet,Preta,Outras,Não se interessa,7-10,,,
2228,E,Bahia,Outro,Preta,Ateu,Centro Direita,7-10,,,
2229,D,Espírito Santo,Tablet,Parda,Evangélica,Esquerda,4-6,,,
2230,A,Goiás,Outro,Parda,Católica,Extrema Esquerda,1-3,,,
2231,C,Rio de Janeiro,Smartphone/Celular,Parda,Católica,Não se interessa,<1,,,
2232,C,Mato Grosso do Sul,Desktop/Computador de mesa,Preta,Outras,Extrema Esquerda,4-6,,,
2233,E,Ceará,Smartphone/Celular,Preta,Católica,Centro Esquerda,<1,,,
2234,B,Sergipe,Outro,Indígena,Outras,Extrema Esquerda,4-6,,,
2235,B,Goiás,Outro,Parda,Agnóstico,Centro Direita,4-6,,,
2236,D,Mato Grosso,Desktop/Computador de mesa,Amarela,Evangélica,Extrema Esquerda,4-6,,,
2237,E,Rio Grande do Norte,Tablet,Prefiro não dizer,Evangélica,Centro Esquerda,<1,,,
2238,D,Acre,Outro,Branca,Outras,Centro Direita,>10,,,
2239,B,Roraima,Smartphone/Celular,Amarela,Espírita,Centro Esquerda,7-10,,,
2240,B,Amazonas,Tablet,Indígena,Católica,Centro Direita,<1,,,
2241,E,Alagoas,Outro,Parda,Católica,Centro Esquerda,4-6,,,
2242,C,Amazonas,Outro,Branca,Católica,Centro,>10,,,
2243,B,Rondônia,Desktop/Computador de mesa,Branca,Judaíca,Não se interessa,4-6,,,
2244,D,Rio Grande do Sul,Desktop/Computador de mesa,Amarela,Agnóstico,Extrema Esquerda,<1,,,
2245,E,Amazonas,Notebook/Netbook,Preta,Agnóstico,Centro Direita,7-10,,,
2246,A,Rio Grande do Sul,Notebook/Netbook,Preta,Judaíca,Centro Direita,<1,,,
2247,A,Espírito Santo,Smartphone/Celular,Prefiro não dizer,Judaíca,Centro,7-10,,,
2248,E,Paraíba,Notebook/Netbook,Branca,Ateu,Esquerda,<1,,,
2249,A,Roraima,Smartphone/Celular,Parda,Evangélica,Centro Direita,<1,,,
2250,A,Paraíba,Smartphone/Celular,Prefiro não dizer,Judaíca,Extrema Esquerda,1-3,,,
2251,D,Mato Grosso,Tablet,Indígena,Ateu,Esquerda,1-3,,,
2252,C,Distrito Federal,Desktop/Computador de mesa,Branca,Judaíca,Esquerda,1-3,,,
2253,A,Goiás,Outro,Branca,Agnóstico,Não se interessa,7-10,,,
2254,B,Distrito Federal,Desktop/Computador de mesa,Parda,Ateu,Centro Esquerda,<1,,,
2255,B,Rio Grande do Norte,Smartphone/Celular,Amarela,Espírita,Centro Esquerda,7-10,,,
2256,E,Piauí,Tablet,Branca,Agnóstico,Centro Esquerda,7-10,,,
2257,C,Paraná,Outro,Parda,Espírita,Centro Esquerda,<1,,,
2258,B,São Paulo,Desktop/Computador de mesa,Amarela,Judaíca,Extrema Esquerda,>10,,,
2259,B,Rio Grande do Sul,Smartphone/Celular,Branca,Agnóstico,Esquerda,7-10,,,
2260,A,Santa Catarina,Notebook/Netbook,Amarela,Ateu,Extrema Esquerda,<1,,,
2261,D,Bahia,Desktop/Computador de mesa,Branca,Outras,Direita,1-3,,,
2262,D,Alagoas,Desktop/Computador de mesa,Amarela,Católica,Centro,1-3,,,
2263,D,Alagoas,Outro,Branca,Outras,Centro Direita,7-10,,,
2264,C,Goiás,Desktop/Computador de mesa,Preta,Evangélica,Extrema Esquerda,<1,,,
2265,E,Rondônia,Tablet,Prefiro não dizer,Evangélica,Centro Direita,4-6,,,
2266,D,Rio Grande do Sul,Notebook/Netbook,Preta,Judaíca,Extrema Esquerda,7-10,,,
2267,D,Roraima,Desktop/Computador de mesa,Branca,Espírita,Centro,>10,,,
2268,E,Goiás,Outro,Branca,Espírita,Extrema Direita,<1,,,
2269,D,Santa Catarina,Desktop/Computador de mesa,Preta,Ateu,Não se interessa,7-10,,,
2270,C,Tocantins,Outro,Prefiro não dizer,Espírita,Esquerda,<1,,,
2271,E,Roraima,Tablet,Indígena,Ateu,Extrema Esquerda,1-3,,,
2272,E,Minas Gerais,Smartphone/Celular,Prefiro não dizer,Judaíca,Não se interessa,>10,,,
2273,C,Distrito Federal,Outro,Parda,Espírita,Centro Esquerda,<1,,,
2274,E,Amazonas,Tablet,Preta,Outras,Não se interessa,7-10,,,
2275,D,Ceará,Outro,Prefiro não dizer,Espírita,Esquerda,7-10,,,
2276,A,Ceará,Tablet,Preta,Agnóstico,Extrema Esquerda,<1,,,
2277,E,Roraima,Smartphone/Celular,Prefiro não dizer,Agnóstico,Esquerda,4-6,,,
2278,C,Mato Grosso,Tablet,Indígena,Espírita,Não se interessa,7-10,,,
2279,A,Roraima,Outro,Preta,Evangélica,Centro Esquerda,4-6,,,
2280,B,Ceará,Desktop/Computador de mesa,Preta,Evangélica,Extrema Esquerda,4-6,,,
2281,D,Santa Catarina,Tablet,Branca,Ateu,Centro,4-6,,,
2282,D,Piauí,Notebook/Netbook,Prefiro não dizer,Ateu,Não se interessa,1-3,,,
2283,C,Paraná,Tablet,Branca,Agnóstico,Extrema Esquerda,1-3,,,
2284,D,Rio de Janeiro,Tablet,Amarela,Espírita,Centro,<1,,,
2285,C,Pernambuco,Notebook/Netbook,Prefiro não dizer,Evangélica,Centro Direita,1-3,,,
2286,D,Minas Gerais,Smartphone/Celular,Preta,Católica,Centro,>10,,,
2287,B,Distrito Federal,Tablet,Indígena,Outras,Extrema Direita,<1,,,
2288,C,Rio Grande do Sul,Tablet,Branca,Evangélica,Não se interessa,1-3,,,
2289,C,Mato Grosso do Sul,Outro,Indígena,Outras,Extrema Esquerda,7-10,,,
2290,E,Roraima,Tablet,Branca,Evangélica,Centro Direita,7-10,,,
2291,C,Rio de Janeiro,Notebook/Netbook,Branca,Ateu,Centro Esquerda,7-10,,,
2292,E,Mato Grosso,Smartphone/Celular,Indígena,Espírita,Centro,4-6,,,
2293,B,Rio de Janeiro,Tablet,Preta,Agnóstico,Centro Direita,>10,,,
2294,A,Bahia,Smartphone/Celular,Prefiro não dizer,Judaíca,Centro,4-6,,,
2295,E,Goiás,Notebook/Netbook,Parda,Agnóstico,Centro Direita,<1,,,
2296,C,Pernambuco,Tablet,Parda,Ateu,Centro Direita,1-3,,,
2297,C,Amazonas,Desktop/Computador de mesa,Indígena,Evangélica,Extrema Direita,>10,,,
2298,E,São Paulo,Tablet,Indígena,Judaíca,Extrema Direita,>10,,,
2299,D,Acre,Desktop/Computador de mesa,Branca,Outras,Centro Esquerda,>10,,,
2300,B,Rio Grande do Sul,Smartphone/Celular,Prefiro não dizer,Católica,Extrema Direita,4-6,,,
2301,E,Rondônia,Smartphone/Celular,Parda,Outras,Centro Direita,<1,,,
2302,B,Rio Grande do Norte,Outro,Prefiro não dizer,Agnóstico,Centro Direita,<1,,,
2303,C,Santa Catarina,Desktop/Computador de mesa,Indígena,Católica,Centro Direita,1-3,,,
2304,B,Santa Catarina,Smartphone/Celular,Indígena,Ateu,Centro Esquerda,>10,,,
2305,B,Ceará,Smartphone/Celular,Branca,Outras,Centro Esquerda,1-3,,,
2306,B,Mato Grosso,Smartphone/Celular,Preta,Ateu,Extrema Direita,7-10,,,
2307,E,Paraná,Tablet,Branca,Agnóstico,Extrema Direita,>10,,,
2308,E,Amapá,Smartphone/Celular,Branca,Agnóstico,Centro Direita,>10,,,
2309,A,Minas Gerais,Tablet,Indígena,Católica,Esquerda,>10,,,
2310,B,Distrito Federal,Outro,Branca,Judaíca,Centro Direita,<1,,,
2311,C,Rio Grande do Norte,Outro,Prefiro não dizer,Evangélica,Centro,7-10,,,
2312,D,Piauí,Notebook/Netbook,Parda,Espírita,Centro,<1,,,
2313,D,Bahia,Tablet,Parda,Evangélica,Centro Direita,<1,,,
2314,C,Piauí,Desktop/Computador de mesa,Preta,Espírita,Esquerda,>10,,,
2315,E,Ceará,Notebook/Netbook,Amarela,Agnóstico,Não se interessa,<1,,,
2316,D,Minas Gerais,Tablet,Parda,Católica,Centro,<1,,,
2317,A,Rio Grande do Sul,Smartphone/Celular,Branca,Ateu,Direita,<1,,,
2318,D,Amazonas,Outro,Branca,Espírita,Centro Direita,>10,,,
2319,A,Amazonas,Outro,Indígena,Outras,Direita,<1,,,
2320,E,Paraíba,Outro,Branca,Evangélica,Extrema Esquerda,1-3,,,
2321,B,Mato Grosso,Tablet,Parda,Evangélica,Centro Esquerda,>10,,,
2322,A,Acre,Tablet,Prefiro não dizer,Católica,Centro,1-3,,,
2323,E,Mato Grosso do Sul,Outro,Branca,Evangélica,Centro Esquerda,1-3,,,
2324,B,Bahia,Tablet,Parda,Judaíca,Extrema Esquerda,4-6,,,
2325,E,Amapá,Tablet,Prefiro não dizer,Outras,Direita,7-10,,,
2326,C,Paraná,Smartphone/Celular,Amarela,Ateu,Direita,7-10,,,
2327,E,Alagoas,Notebook/Netbook,Branca,Judaíca,Extrema Esquerda,4-6,,,
2328,E,Ceará,Notebook/Netbook,Branca,Agnóstico,Centro Esquerda,>10,,,
2329,E,Pernambuco,Desktop/Computador de mesa,Parda,Outras,Centro,<1,,,
2330,D,Roraima,Tablet,Prefiro não dizer,Judaíca,Centro,<1,,,
2331,B,Amapá,Notebook/Netbook,Indígena,Ateu,Centro Esquerda,7-10,,,
2332,A,São Paulo,Tablet,Branca,Ateu,Extrema Esquerda,<1,,,
2333,C,Rio de Janeiro,Notebook/Netbook,Prefiro não dizer,Ateu,Centro,<1,,,
2334,E,Alagoas,Smartphone/Celular,Prefiro não dizer,Judaíca,Centro,7-10,,,
2335,B,Minas Gerais,Desktop/Computador de mesa,Parda,Espírita,Esquerda,7-10,,,
2336,E,Rio Grande do Sul,Smartphone/Celular,Branca,Outras,Centro,<1,,,
2337,E,Distrito Federal,Smartphone/Celular,Preta,Católica,Centro Esquerda,1-3,,,
2338,B,Santa Catarina,Tablet,Preta,Ateu,Extrema Esquerda,<1,,,
2339,B,Sergipe,Outro,Indígena,Agnóstico,Centro Esquerda,>10,,,
2340,E,Goiás,Desktop/Computador de mesa,Preta,Agnóstico,Centro,1-3,,,
2341,E,Bahia,Desktop/Computador de mesa,Prefiro não dizer,Judaíca,Centro,>10,,,
2342,D,Paraná,Smartphone/Celular,Indígena,Católica,Direita,<1,,,
2343,D,Pará,Smartphone/Celular,Prefiro não dizer,Espírita,Extrema Direita,7-10,,,
2344,B,Espírito Santo,Outro,Parda,Espírita,Centro Direita,>10,,,
2345,E,Maranhão,Desktop/Computador de mesa,Preta,Evangélica,Centro Direita,1-3,,,
2346,E,Paraíba,Notebook/Netbook,Preta,Ateu,Esquerda,1-3,,,
2347,C,Bahia,Outro,Parda,Outras,Esquerda,7-10,,,
2348,E,São Paulo,Outro,Branca,Agnóstico,Esquerda,>10,,,
2349,D,Pará,Tablet,Amarela,Evangélica,Extrema Esquerda,>10,,,
2350,C,São Paulo,Notebook/Netbook,Indígena,Agnóstico,Centro,>10,,,
2351,E,Amazonas,Notebook/Netbook,Prefiro não dizer,Ateu,Extrema Direita,1-3,,,
2352,D,Piauí,Smartphone/Celular,Amarela,Espírita,Centro Direita,7-10,,,
2353,E,Bahia,Tablet,Prefiro não dizer,Católica,Centro Esquerda,1-3,,,
2354,D,Distrito Federal,Notebook/Netbook,Amarela,Católica,Direita,<1,,,
2355,C,Distrito Federal,Outro,Preta,Ateu,Direita,4-6,,,
2356,B,Rondônia,Desktop/Computador de mesa,Parda,Espírita,Extrema Esquerda,4-6,,,
2357,B,Minas Gerais,Notebook/Netbook,Amarela,Evangélica,Centro Direita,4-6,,,
2358,E,Maranhão,Notebook/Netbook,Branca,Ateu,Centro Direita,4-6,,,
2359,D,Bahia,Outro,Preta,Ateu,Centro Direita,>10,,,
2360,A,Roraima,Smartphone/Celular,Branca,Católica,Não se interessa,<1,,,
2361,B,Paraíba,Notebook/Netbook,Branca,Agnóstico,Não se interessa,>10,,,
2362,C,Mato Grosso do Sul,Outro,Branca,Outras,Esquerda,1-3,,,
2363,D,Maranhão,Tablet,Branca,Espírita,Extrema Direita,1-3,,,
2364,E,Mato Grosso,Tablet,Amarela,Espírita,Centro,>10,,,
2365,A,Rio de Janeiro,Notebook/Netbook,Parda,Católica,Centro,7-10,,,
2366,C,Paraíba,Smartphone/Celular,Amarela,Ateu,Centro Esquerda,1-3,,,
2367,A,Minas Gerais,Desktop/Computador de mesa,Prefiro não dizer,Espírita,Esquerda,<1,,,
2368,E,Amapá,Notebook/Netbook,Amarela,Outras,Extrema Esquerda,7-10,,,
2369,D,Mato Grosso do Sul,Outro,Branca,Agnóstico,Esquerda,4-6,,,
2370,A,Roraima,Smartphone/Celular,Parda,Outras,Centro,1-3,,,
2371,D,Mato Grosso do Sul,Outro,Branca,Outras,Centro Direita,>10,,,
2372,E,Goiás,Notebook/Netbook,Preta,Outras,Direita,7-10,,,
2373,D,Amapá,Outro,Preta,Católica,Centro Direita,>10,,,
2374,A,Rio Grande do Norte,Smartphone/Celular,Indígena,Ateu,Não se interessa,>10,,,
2375,D,Paraná,Desktop/Computador de mesa,Prefiro não dizer,Evangélica,Direita,4-6,,,
2376,B,Pará,Notebook/Netbook,Indígena,Agnóstico,Direita,7-10,,,
2377,E,Espírito Santo,Outro,Preta,Espírita,Centro Esquerda,>10,,,
2378,C,Amazonas,Tablet,Parda,Evangélica,Centro Direita,4-6,,,
2379,D,Santa Catarina,Notebook/Netbook,Parda,Outras,Extrema Direita,4-6,,,
2380,B,Minas Gerais,Smartphone/Celular,Branca,Espírita,Direita,4-6,,,
2381,B,Amapá,Smartphone/Celular,Amarela,Evangélica,Extrema Direita,7-10,,,
2382,B,Rondônia,Smartphone/Celular,Amarela,Católica,Esquerda,4-6,,,
2383,C,Distrito Federal,Desktop/Computador de mesa,Prefiro não dizer,Espírita,Centro Direita,>10,,,
2384,A,Paraíba,Tablet,Amarela,Espírita,Direita,<1,,,
2385,E,Mato Grosso do Sul,Smartphone/Celular,Preta,Outras,Extrema Direita,7-10,,,
2386,B,Rio Grande do Norte,Desktop/Computador de mesa,Indígena,Agnóstico,Esquerda,1-3,,,
2387,C,São Paulo,Smartphone/Celular,Indígena,Judaíca,Não se interessa,4-6,,,
2388,C,Paraíba,Notebook/Netbook,Amarela,Católica,Esquerda,1-3,,,
2389,C,Amazonas,Smartphone/Celular,Prefiro não dizer,Judaíca,Centro Direita,4-6,,,
2390,C,Maranhão,Notebook/Netbook,Indígena,Católica,Esquerda,>10,,,
2391,C,Santa Catarina,Outro,Amarela,Evangélica,Esquerda,>10,,,
2392,B,Paraná,Outro,Preta,Outras,Direita,4-6,,,
2393,B,Alagoas,Desktop/Computador de mesa,Indígena,Espírita,Extrema Esquerda,7-10,,,
2394,E,Espírito Santo,Tablet,Prefiro não dizer,Judaíca,Extrema Esquerda,4-6,,,
2395,A,Alagoas,Outro,Amarela,Católica,Direita,<1,,,
2396,C,Rio de Janeiro,Notebook/Netbook,Prefiro não dizer,Católica,Centro Esquerda,>10,,,
2397,E,Rio Grande do Norte,Notebook/Netbook,Amarela,Católica,Centro,>10,,,
2398,C,Pará,Notebook/Netbook,Branca,Agnóstico,Extrema Esquerda,4-6,,,
2399,A,Goiás,Tablet,Parda,Católica,Centro,1-3,,,
2400,C,Goiás,Smartphone/Celular,Branca,Agnóstico,Centro,4-6,,,
2401,A,Mato Grosso,Tablet,Branca,Católica,Centro Direita,>10,,,
2402,E,Paraná,Tablet,Branca,Espírita,Esquerda,7-10,,,
2403,E,Ceará,Tablet,Branca,Outras,Centro Esquerda,4-6,,,
2404,E,Rio de Janeiro,Notebook/Netbook,Preta,Agnóstico,Não se interessa,7-10,,,
2405,D,Paraná,Smartphone/Celular,Indígena,Outras,Centro Direita,>10,,,
2406,A,Espírito Santo,Desktop/Computador de mesa,Indígena,Agnóstico,Extrema Direita,7-10,,,
2407,A,Rondônia,Desktop/Computador de mesa,Branca,Evangélica,Extrema Direita,1-3,,,
2408,E,Roraima,Notebook/Netbook,Indígena,Agnóstico,Extrema Esquerda,<1,,,
2409,D,Espírito Santo,Notebook/Netbook,Amarela,Judaíca,Extrema Direita,7-10,,,
2410,E,Rondônia,Smartphone/Celular,Indígena,Outras,Não se interessa,>10,,,
2411,B,Espírito Santo,Notebook/Netbook,Prefiro não dizer,Outras,Extrema Esquerda,<1,,,
2412,B,Acre,Outro,Branca,Judaíca,Centro Direita,>10,,,
2413,A,Pernambuco,Outro,Prefiro não dizer,Ateu,Direita,1-3,,,
2414,D,Maranhão,Smartphone/Celular,Prefiro não dizer,Judaíca,Esquerda,<1,,,
2415,D,Amapá,Outro,Preta,Judaíca,Centro Direita,>10,,,
2416,B,Roraima,Tablet,Preta,Evangélica,Extrema Direita,<1,,,
2417,E,Sergipe,Tablet,Preta,Outras,Esquerda,4-6,,,
2418,A,Goiás,Tablet,Parda,Judaíca,Extrema Esquerda,<1,,,
2419,A,Maranhão,Smartphone/Celular,Preta,Outras,Extrema Esquerda,<1,,,
2420,D,Pará,Tablet,Preta,Outras,Esquerda,>10,,,
2421,C,Rio Grande do Sul,Tablet,Amarela,Espírita,Centro Esquerda,4-6,,,
2422,B,Ceará,Tablet,Amarela,Católica,Centro Direita,7-10,,,
2423,B,Paraíba,Tablet,Indígena,Agnóstico,Centro,<1,,,
2424,A,Acre,Smartphone/Celular,Amarela,Ateu,Esquerda,1-3,,,
2425,B,Espírito Santo,Smartphone/Celular,Parda,Ateu,Centro,7-10,,,
2426,B,Amazonas,Outro,Preta,Católica,Direita,4-6,,,
2427,B,Mato Grosso do Sul,Desktop/Computador de mesa,Indígena,Judaíca,Centro Direita,1-3,,,
2428,B,Tocantins,Outro,Branca,Católica,Não se interessa,7-10,,,
2429,C,Distrito Federal,Outro,Branca,Católica,Esquerda,<1,,,
2430,C,Pernambuco,Smartphone/Celular,Preta,Outras,Centro Direita,>10,,,
2431,B,Amapá,Outro,Indígena,Judaíca,Extrema Esquerda,7-10,,,
2432,A,Acre,Smartphone/Celular,Prefiro não dizer,Ateu,Centro Esquerda,>10,,,
2433,B,Pará,Notebook/Netbook,Indígena,Judaíca,Esquerda,1-3,,,
2434,B,Mato Grosso,Notebook/Netbook,Branca,Outras,Esquerda,>10,,,
2435,C,Minas Gerais,Outro,Amarela,Outras,Centro,>10,,,
2436,B,Acre,Outro,Amarela,Judaíca,Extrema Direita,7-10,,,
2437,D,Tocantins,Notebook/Netbook,Preta,Ateu,Centro Direita,4-6,,,
2438,D,Maranhão,Desktop/Computador de mesa,Amarela,Ateu,Centro,4-6,,,
2439,C,Amazonas,Desktop/Computador de mesa,Preta,Evangélica,Esquerda,>10,,,
2440,A,Mato Grosso do Sul,Outro,Indígena,Espírita,Centro Esquerda,>10,,,
2441,B,Mato Grosso do Sul,Desktop/Computador de mesa,Amarela,Espírita,Centro Esquerda,1-3,,,
2442,A,Maranhão,Desktop/Computador de mesa,Branca,Agnóstico,Extrema Esquerda,7-10,,,
2443,A,Santa Catarina,Smartphone/Celular,Amarela,Agnóstico,Centro Direita,<1,,,
2444,B,Rio de Janeiro,Desktop/Computador de mesa,Prefiro não dizer,Católica,Não se interessa,<1,,,
2445,B,Goiás,Smartphone/Celular,Amarela,Outras,Não se interessa,>10,,,
2446,E,Sergipe,Smartphone/Celular,Amarela,Ateu,Centro Direita,>10,,,
2447,D,Ceará,Desktop/Computador de mesa,Parda,Católica,Direita,4-6,,,
2448,D,Tocantins,Outro,Branca,Evangélica,Centro Esquerda,<1,,,
2449,B,Pará,Notebook/Netbook,Parda,Católica,Esquerda,7-10,,,
2450,C,Pará,Tablet,Preta,Ateu,Esquerda,1-3,,,
2451,D,Piauí,Smartphone/Celular,Amarela,Agnóstico,Extrema Direita,4-6,,,
2452,D,Alagoas,Smartphone/Celular,Indígena,Espírita,Não se interessa,<1,,,
2453,B,Distrito Federal,Tablet,Amarela,Espírita,Direita,1-3,,,
2454,A,Pernambuco,Desktop/Computador de mesa,Preta,Judaíca,Centro Esquerda,<1,,,
2455,A,Mato Grosso,Smartphone/Celular,Prefiro não dizer,Ateu,Centro Esquerda,<1,,,
2456,A,Amapá,Tablet,Amarela,Ateu,Extrema Esquerda,7-10,,,
2457,D,Pernambuco,Smartphone/Celular,Branca,Ateu,Extrema Esquerda,7-10,,,
2458,C,Rio Grande do Sul,Outro,Preta,Evangélica,Direita,<1,,,
2459,C,Rondônia,Outro,Indígena,Católica,Direita,7-10,,,
2460,B,Maranhão,Tablet,Indígena,Judaíca,Não se interessa,4-6,,,
2461,A,Rio de Janeiro,Notebook/Netbook,Amarela,Outras,Centro Direita,4-6,,,
2462,E,Mato Grosso do Sul,Outro,Amarela,Católica,Centro Direita,7-10,,,
2463,C,Alagoas,Outro,Amarela,Espírita,Esquerda,4-6,,,
2464,C,Paraná,Desktop/Computador de mesa,Preta,Católica,Centro,>10,,,
2465,E,Rio Grande do Sul,Desktop/Computador de mesa,Amarela,Ateu,Direita,7-10,,,
2466,B,Roraima,Desktop/Computador de mesa,Prefiro não dizer,Evangélica,Extrema Direita,7-10,,,
2467,A,Espírito Santo,Desktop/Computador de mesa,Branca,Católica,Não se interessa,<1,,,
2468,D,Pernambuco,Smartphone/Celular,Amarela,Agnóstico,Não se interessa,4-6,,,
2469,B,Sergipe,Tablet,Prefiro não dizer,Católica,Esquerda,1-3,,,
2470,E,Espírito Santo,Desktop/Computador de mesa,Prefiro não dizer,Ateu,Extrema Direita,>10,,,
2471,C,Tocantins,Tablet,Indígena,Ateu,Esquerda,>10,,,
2472,E,Acre,Tablet,Branca,Ateu,Centro,<1,,,
2473,B,Paraíba,Smartphone/Celular,Indígena,Outras,Esquerda,7-10,,,
2474,E,Rio Grande do Norte,Notebook/Netbook,Amarela,Ateu,Extrema Esquerda,>10,,,
2475,E,Pernambuco,Smartphone/Celular,Amarela,Outras,Centro Esquerda,4-6,,,
2476,C,Minas Gerais,Tablet,Amarela,Católica,Esquerda,1-3,,,
2477,B,Espírito Santo,Tablet,Parda,Espírita,Extrema Direita,4-6,,,
2478,B,Rio de Janeiro,Smartphone/Celular,Branca,Evangélica,Direita,>10,,,
2479,D,São Paulo,Tablet,Branca,Outras,Centro,<1,,,
2480,B,Acre,Desktop/Computador de mesa,Preta,Católica,Não se interessa,7-10,,,
2481,D,Piauí,Smartphone/Celular,Preta,Evangélica,Direita,<1,,,
2482,B,Amazonas,Tablet,Branca,Evangélica,Centro,<1,,,
2483,B,Sergipe,Notebook/Netbook,Preta,Outras,Não se interessa,1-3,,,
2484,C,Tocantins,Desktop/Computador de mesa,Preta,Evangélica,Extrema Direita,1-3,,,
2485,B,Paraíba,Smartphone/Celular,Branca,Judaíca,Direita,7-10,,,
2486,B,Rio Grande do Norte,Smartphone/Celular,Prefiro não dizer,Agnóstico,Centro Direita,>10,,,
2487,D,Acre,Notebook/Netbook,Prefiro não dizer,Ateu,Centro Esquerda,>10,,,
2488,C,Maranhão,Smartphone/Celular,Preta,Espírita,Centro,<1,,,
2489,A,Mato Grosso,Smartphone/Celular,Preta,Espírita,Extrema Direita,>10,,,
2490,B,Minas Gerais,Notebook/Netbook,Branca,Judaíca,Direita,>10,,,
2491,C,Rio de Janeiro,Desktop/Computador de mesa,Parda,Judaíca,Extrema Esquerda,4-6,,,
2492,B,Mato Grosso,Desktop/Computador de mesa,Branca,Espírita,Não se interessa,<1,,,
2493,A,Ceará,Notebook/Netbook,Prefiro não dizer,Católica,Centro,<1,,,
2494,C,Paraíba,Notebook/Netbook,Preta,Agnóstico,Centro Esquerda,4-6,,,
2495,A,Rio Grande do Sul,Smartphone/Celular,Amarela,Espírita,Extrema Esquerda,>10,,,
2496,E,Rondônia,Notebook/Netbook,Parda,Agnóstico,Não se interessa,1-3,,,
2497,C,Ceará,Desktop/Computador de mesa,Branca,Espírita,Esquerda,4-6,,,
2498,B,Tocantins,Notebook/Netbook,Parda,Outras,Direita,>10,,,
2499,D,Mato Grosso do Sul,Tablet,Indígena,Judaíca,Centro,7-10,,,
2500,E,Mato Grosso,Smartphone/Celular,Parda,Outras,Centro Esquerda,<1,,,
2501,E,Ceará,Desktop/Computador de mesa,Branca,Outras,Extrema Direita,<1,,,
2502,C,Espírito Santo,Smartphone/Celular,Amarela,Ateu,Extrema Esquerda,<1,,,
2503,B,Maranhão,Desktop/Computador de mesa,Indígena,Católica,Esquerda,<1,,,
2504,E,Piauí,Smartphone/Celular,Indígena,Católica,Esquerda,4-6,,,
2505,D,Paraíba,Outro,Prefiro não dizer,Agnóstico,Direita,7-10,,,
2506,A,Maranhão,Tablet,Parda,Outras,Centro Esquerda,>10,,,
2507,D,Mato Grosso,Desktop/Computador de mesa,Prefiro não dizer,Católica,Centro Direita,4-6,,,
2508,D,Rondônia,Tablet,Parda,Outras,Não se interessa,4-6,,,
2509,E,Acre,Desktop/Computador de mesa,Prefiro não dizer,Ateu,Centro Esquerda,<1,,,
2510,C,Rio Grande do Norte,Tablet,Amarela,Espírita,Centro Direita,>10,,,
2511,C,Roraima,Tablet,Branca,Judaíca,Centro Direita,>10,,,
2512,C,Rio Grande do Norte,Tablet,Preta,Espírita,Centro Direita,<1,,,
2513,B,Paraná,Tablet,Parda,Espírita,Centro Esquerda,7-10,,,
2514,E,Alagoas,Notebook/Netbook,Parda,Agnóstico,Centro Direita,7-10,,,
2515,C,São Paulo,Desktop/Computador de mesa,Branca,Evangélica,Extrema Esquerda,7-10,,,
2516,C,Acre,Outro,Indígena,Agnóstico,Esquerda,<1,,,
2517,C,São Paulo,Tablet,Indígena,Ateu,Centro,>10,,,
2518,C,Amazonas,Tablet,Amarela,Judaíca,Não se interessa,4-6,,,
2519,C,Ceará,Smartphone/Celular,Parda,Outras,Extrema Esquerda,4-6,,,
2520,A,Paraíba,Tablet,Indígena,Evangélica,Não se interessa,4-6,,,
2521,B,Tocantins,Desktop/Computador de mesa,Amarela,Espírita,Centro Direita,<1,,,
2522,B,Bahia,Tablet,Branca,Católica,Extrema Esquerda,1-3,,,
2523,D,Paraíba,Outro,Branca,Agnóstico,Esquerda,>10,,,
2524,D,Amapá,Smartphone/Celular,Branca,Agnóstico,Centro,7-10,,,
2525,E,Goiás,Smartphone/Celular,Indígena,Judaíca,Centro Esquerda,>10,,,
2526,D,Ceará,Desktop/Computador de mesa,Parda,Evangélica,Extrema Esquerda,1-3,,,
2527,A,Mato Grosso do Sul,Tablet,Prefiro não dizer,Espírita,Centro,1-3,,,
2528,D,Bahia,Desktop/Computador de mesa,Prefiro não dizer,Ateu,Centro Direita,1-3,,,
2529,A,Pará,Tablet,Preta,Católica,Centro Direita,4-6,,,
2530,C,Pernambuco,Outro,Prefiro não dizer,Judaíca,Direita,1-3,,,
2531,E,Alagoas,Notebook/Netbook,Indígena,Ateu,Centro,>10,,,
2532,A,Distrito Federal,Desktop/Computador de mesa,Amarela,Católica,Esquerda,4-6,,,
2533,C,Mato Grosso,Notebook/Netbook,Parda,Ateu,Centro,<1,,,
2534,E,Rio de Janeiro,Smartphone/Celular,Amarela,Outras,Centro,<1,,,
2535,A,Santa Catarina,Outro,Amarela,Católica,Extrema Esquerda,>10,,,
2536,A,Paraná,Notebook/Netbook,Branca,Agnóstico,Esquerda,4-6,,,
2537,C,Pará,Tablet,Indígena,Ateu,Extrema Direita,4-6,,,
2538,B,Alagoas,Outro,Parda,Outras,Extrema Esquerda,7-10,,,
2539,E,Acre,Outro,Amarela,Outras,Extrema Direita,4-6,,,
2540,A,Espírito Santo,Outro,Prefiro não dizer,Agnóstico,Centro,>10,,,
2541,A,Amapá,Outro,Amarela,Católica,Esquerda,<1,,,
2542,D,Mato Grosso do Sul,Desktop/Computador de mesa,Prefiro não dizer,Ateu,Extrema Esquerda,>10,,,
2543,C,Amapá,Outro,Indígena,Judaíca,Extrema Esquerda,<1,,,
2544,D,Espírito Santo,Outro,Parda,Espírita,Centro Esquerda,>10,,,
2545,C,Amapá,Smartphone/Celular,Amarela,Ateu,Centro Direita,>10,,,
2546,B,Paraíba,Desktop/Computador de mesa,Prefiro não dizer,Outras,Extrema Esquerda,1-3,,,
2547,D,Amapá,Notebook/Netbook,Branca,Outras,Centro,<1,,,
2548,A,Paraíba,Outro,Parda,Espírita,Direita,<1,,,
2549,A,Minas Gerais,Outro,Branca,Católica,Centro,<1,,,
2550,D,Pará,Notebook/Netbook,Amarela,Judaíca,Extrema Esquerda,4-6,,,
2551,D,São Paulo,Tablet,Branca,Judaíca,Centro Direita,7-10,,,
2552,B,Rio Grande do Norte,Notebook/Netbook,Prefiro não dizer,Evangélica,Centro,7-10,,,
2553,B,Rio de Janeiro,Notebook/Netbook,Parda,Outras,Direita,<1,,,
2554,C,Amazonas,Tablet,Amarela,Evangélica,Direita,7-10,,,
2555,E,Rondônia,Desktop/Computador de mesa,Amarela,Evangélica,Esquerda,<1,,,
2556,B,Rio Grande do Norte,Tablet,Prefiro não dizer,Espírita,Centro Esquerda,<1,,,
2557,C,Pará,Desktop/Computador de mesa,Branca,Espírita,Esquerda,4-6,,,
2558,C,Amapá,Smartphone/Celular,Parda,Judaíca,Extrema Esquerda,<1,,,
2559,E,Paraná,Tablet,Amarela,Ateu,Não se interessa,>10,,,
2560,A,Sergipe,Desktop/Computador de mesa,Parda,Espírita,Esquerda,4-6,,,
2561,C,Piauí,Desktop/Computador de mesa,Indígena,Agnóstico,Extrema Esquerda,4-6,,,
2562,C,Bahia,Tablet,Branca,Católica,Extrema Direita,4-6,,,
2563,A,Amazonas,Tablet,Parda,Evangélica,Extrema Direita,<1,,,
2564,D,Bahia,Notebook/Netbook,Amarela,Evangélica,Não se interessa,<1,,,
2565,A,Sergipe,Desktop/Computador de mesa,Parda,Espírita,Centro Esquerda,4-6,,,
2566,C,Amazonas,Outro,Parda,Agnóstico,Esquerda,<1,,,
2567,A,Maranhão,Notebook/Netbook,Preta,Judaíca,Extrema Direita,7-10,,,
2568,C,Amazonas,Outro,Branca,Espírita,Extrema Direita,>10,,,
2569,C,Bahia,Tablet,Preta,Espírita,Direita,7-10,,,
2570,C,Santa Catarina,Smartphone/Celular,Amarela,Judaíca,Centro,4-6,,,
2571,C,Maranhão,Desktop/Computador de mesa,Amarela,Judaíca,Centro Esquerda,1-3,,,
2572,E,Amapá,Desktop/Computador de mesa,Preta,Evangélica,Extrema Direita,4-6,,,
2573,A,Ceará,Desktop/Computador de mesa,Branca,Judaíca,Centro Esquerda,1-3,,,
2574,E,Espírito Santo,Notebook/Netbook,Prefiro não dizer,Espírita,Centro Direita,>10,,,
2575,E,Sergipe,Tablet,Indígena,Espírita,Centro Direita,>10,,,
2576,A,Paraíba,Smartphone/Celular,Parda,Outras,Extrema Direita,4-6,,,
2577,C,Santa Catarina,Outro,Indígena,Espírita,Centro Direita,4-6,,,
2578,B,Tocantins,Tablet,Amarela,Ateu,Centro Direita,>10,,,
2579,D,Paraíba,Notebook/Netbook,Parda,Católica,Centro Direita,1-3,,,
2580,B,Ceará,Notebook/Netbook,Preta,Espírita,Direita,4-6,,,
2581,B,Santa Catarina,Desktop/Computador de mesa,Preta,Agnóstico,Centro Direita,7-10,,,
2582,A,São Paulo,Desktop/Computador de mesa,Indígena,Evangélica,Não se interessa,>10,,,
2583,D,Pernambuco,Notebook/Netbook,Prefiro não dizer,Católica,Extrema Esquerda,4-6,,,
2584,E,Paraíba,Tablet,Prefiro não dizer,Evangélica,Extrema Esquerda,<1,,,
2585,B,Minas Gerais,Smartphone/Celular,Amarela,Evangélica,Extrema Esquerda,4-6,,,
2586,E,Espírito Santo,Smartphone/Celular,Amarela,Judaíca,Esquerda,7-10,,,
2587,B,Minas Gerais,Outro,Branca,Judaíca,Centro,1-3,,,
2588,A,Maranhão,Smartphone/Celular,Prefiro não dizer,Judaíca,Centro Direita,1-3,,,
2589,A,Alagoas,Desktop/Computador de mesa,Prefiro não dizer,Católica,Extrema Direita,7-10,,,
2590,B,Amapá,Notebook/Netbook,Branca,Agnóstico,Centro Direita,1-3,,,
2591,E,Rio de Janeiro,Tablet,Parda,Ateu,Direita,<1,,,
2592,C,Amapá,Tablet,Preta,Católica,Centro,4-6,,,
2593,B,Mato Grosso,Smartphone/Celular,Preta,Agnóstico,Direita,4-6,,,
2594,B,Amapá,Smartphone/Celular,Branca,Outras,Esquerda,<1,,,
2595,B,Santa Catarina,Notebook/Netbook,Parda,Evangélica,Extrema Esquerda,7-10,,,
2596,B,Tocantins,Smartphone/Celular,Preta,Católica,Direita,1-3,,,
2597,D,Rio Grande do Sul,Smartphone/Celular,Amarela,Agnóstico,Esquerda,1-3,,,
2598,A,Espírito Santo,Outro,Amarela,Espírita,Direita,7-10,,,
2599,C,Roraima,Tablet,Branca,Evangélica,Esquerda,7-10,,,
2600,D,Rondônia,Outro,Parda,Católica,Centro,<1,,,
2601,A,Pará,Smartphone/Celular,Branca,Agnóstico,Não se interessa,<1,,,
2602,E,Ceará,Smartphone/Celular,Prefiro não dizer,Judaíca,Extrema Esquerda,7-10,,,
2603,A,Piauí,Smartphone/Celular,Indígena,Evangélica,Extrema Esquerda,7-10,,,
2604,A,Mato Grosso do Sul,Tablet,Amarela,Católica,Esquerda,1-3,,,
2605,A,Roraima,Desktop/Computador de mesa,Branca,Judaíca,Extrema Esquerda,4-6,,,
2606,D,Sergipe,Notebook/Netbook,Parda,Católica,Não se interessa,1-3,,,
2607,D,Rio Grande do Norte,Desktop/Computador de mesa,Preta,Evangélica,Centro Esquerda,4-6,,,
2608,D,Mato Grosso,Outro,Parda,Outras,Centro Direita,7-10,,,
2609,C,Goiás,Notebook/Netbook,Prefiro não dizer,Evangélica,Centro,<1,,,
2610,E,Minas Gerais,Outro,Indígena,Outras,Centro Direita,>10,,,
2611,C,Pernambuco,Smartphone/Celular,Preta,Ateu,Não se interessa,1-3,,,
2612,A,Goiás,Outro,Indígena,Católica,Direita,<1,,,
2613,E,Amazonas,Smartphone/Celular,Prefiro não dizer,Judaíca,Esquerda,4-6,,,
2614,B,São Paulo,Notebook/Netbook,Indígena,Católica,Extrema Direita,4-6,,,
2615,D,Paraná,Notebook/Netbook,Indígena,Outras,Centro Esquerda,4-6,,,
2616,D,Rio de Janeiro,Outro,Branca,Judaíca,Extrema Esquerda,>10,,,
2617,D,Paraíba,Tablet,Parda,Católica,Extrema Direita,7-10,,,
2618,A,Ceará,Desktop/Computador de mesa,Indígena,Espírita,Extrema Direita,<1,,,
2619,B,Alagoas,Smartphone/Celular,Parda,Ateu,Esquerda,>10,,,
2620,B,Rio de Janeiro,Desktop/Computador de mesa,Amarela,Evangélica,Extrema Direita,7-10,,,
2621,B,São Paulo,Smartphone/Celular,Branca,Ateu,Centro Esquerda,7-10,,,
2622,B,Piauí,Tablet,Preta,Judaíca,Centro Esquerda,4-6,,,
2623,C,Maranhão,Outro,Indígena,Católica,Não se interessa,1-3,,,
2624,A,Espírito Santo,Smartphone/Celular,Parda,Ateu,Centro,7-10,,,
2625,A,Sergipe,Desktop/Computador de mesa,Amarela,Outras,Extrema Esquerda,1-3,,,
2626,E,São Paulo,Tablet,Amarela,Judaíca,Esquerda,7-10,,,
2627,B,Alagoas,Outro,Prefiro não dizer,Espírita,Centro Esquerda,<1,,,
2628,B,Tocantins,Outro,Amarela,Judaíca,Centro,>10,,,
2629,C,Alagoas,Tablet,Branca,Judaíca,Extrema Direita,<1,,,
2630,E,Roraima,Outro,Amarela,Outras,Direita,>10,,,
2631,C,Paraíba,Tablet,Parda,Judaíca,Direita,<1,,,
2632,C,Alagoas,Outro,Indígena,Espírita,Centro,1-3,,,
2633,A,Piauí,Notebook/Netbook,Branca,Espírita,Extrema Esquerda,4-6,,,
2634,D,Rondônia,Outro,Preta,Católica,Centro Direita,1-3,,,
2635,E,Roraima,Outro,Branca,Espírita,Centro Esquerda,4-6,,,
2636,C,Rio Grande do Sul,Desktop/Computador de mesa,Prefiro não dizer,Judaíca,Extrema Esquerda,7-10,,,
2637,B,Alagoas,Outro,Prefiro não dizer,Evangélica,Esquerda,<1,,,
2638,B,Minas Gerais,Notebook/Netbook,Preta,Outras,Centro Esquerda,4-6,,,
2639,B,Mato Grosso,Desktop/Computador de mesa,Amarela,Espírita,Extrema Esquerda,>10,,,
2640,B,Paraíba,Notebook/Netbook,Prefiro não dizer,Católica,Não se interessa,<1,,,
2641,E,Mato Grosso,Desktop/Computador de mesa,Parda,Espírita,Não se interessa,1-3,,,
2642,D,Bahia,Outro,Parda,Agnóstico,Centro Direita,4-6,,,
2643,D,São Paulo,Outro,Indígena,Outras,Extrema Direita,>10,,,
2644,A,Rondônia,Desktop/Computador de mesa,Parda,Judaíca,Esquerda,4-6,,,
2645,E,Tocantins,Desktop/Computador de mesa,Branca,Espírita,Extrema Esquerda,1-3,,,
2646,D,Goiás,Tablet,Branca,Evangélica,Centro,>10,,,
2647,E,Santa Catarina,Smartphone/Celular,Amarela,Agnóstico,Centro Direita,4-6,,,
2648,B,Mato Grosso do Sul,Notebook/Netbook,Amarela,Outras,Centro Esquerda,<1,,,
2649,D,Distrito Federal,Outro,Parda,Espírita,Extrema Esquerda,4-6,,,
2650,C,Goiás,Outro,Indígena,Ateu,Centro Direita,>10,,,
2651,E,Maranhão,Outro,Preta,Ateu,Centro Direita,>10,,,
2652,B,Rondônia,Desktop/Computador de mesa,Amarela,Ateu,Esquerda,1-3,,,
2653,D,Bahia,Smartphone/Celular,Preta,Judaíca,Centro,>10,,,
2654,D,Goiás,Notebook/Netbook,Indígena,Judaíca,Extrema Direita,<1,,,
2655,C,Mato Grosso,Tablet,Prefiro não dizer,Judaíca,Não se interessa,4-6,,,
2656,B,Mato Grosso do Sul,Tablet,Parda,Evangélica,Centro,4-6,,,
2657,E,Mato Grosso,Notebook/Netbook,Preta,Espírita,Esquerda,>10,,,
2658,D,Piauí,Outro,Parda,Católica,Extrema Esquerda,>10,,,
2659,A,Acre,Outro,Prefiro não dizer,Católica,Centro Esquerda,>10,,,
2660,A,Piauí,Tablet,Parda,Ateu,Direita,<1,,,
2661,C,Pernambuco,Desktop/Computador de mesa,Indígena,Outras,Centro,1-3,,,
2662,D,Paraná,Smartphone/Celular,Prefiro não dizer,Outras,Extrema Direita,1-3,,,
2663,E,Pará,Tablet,Prefiro não dizer,Espírita,Centro Direita,1-3,,,
2664,A,Sergipe,Tablet,Amarela,Evangélica,Direita,<1,,,
2665,D,Rio Grande do Sul,Tablet,Preta,Espírita,Centro,<1,,,
2666,C,Roraima,Desktop/Computador de mesa,Prefiro não dizer,Judaíca,Centro Direita,<1,,,
2667,E,Tocantins,Tablet,Branca,Agnóstico,Extrema Direita,4-6,,,
2668,B,Rio Grande do Sul,Tablet,Branca,Espírita,Esquerda,7-10,,,
2669,A,Tocantins,Smartphone/Celular,Indígena,Espírita,Extrema Direita,4-6,,,
2670,E,Alagoas,Outro,Prefiro não dizer,Católica,Centro Esquerda,>10,,,
2671,B,Maranhão,Smartphone/Celular,Parda,Outras,Centro Direita,>10,,,
2672,D,Pará,Smartphone/Celular,Amarela,Judaíca,Direita,>10,,,
2673,C,Minas Gerais,Smartphone/Celular,Branca,Católica,Não se interessa,>10,,,
2674,C,Maranhão,Tablet,Amarela,Agnóstico,Não se interessa,4-6,,,
2675,A,Santa Catarina,Notebook/Netbook,Amarela,Católica,Extrema Direita,7-10,,,
2676,B,Rio Grande do Sul,Notebook/Netbook,Branca,Espírita,Centro Esquerda,<1,,,
2677,D,Paraná,Tablet,Branca,Agnóstico,Centro Esquerda,1-3,,,
2678,C,Tocantins,Smartphone/Celular,Preta,Ateu,Centro Esquerda,1-3,,,
2679,E,Rio de Janeiro,Tablet,Parda,Evangélica,Centro,4-6,,,
2680,D,Bahia,Tablet,Amarela,Católica,Direita,>10,,,
2681,C,Rio Grande do Norte,Notebook/Netbook,Preta,Espírita,Extrema Direita,4-6,,,
2682,C,Bahia,Notebook/Netbook,Branca,Evangélica,Centro,<1,,,
2683,D,Ceará,Outro,Branca,Outras,Esquerda,4-6,,,
2684,E,São Paulo,Desktop/Computador de mesa,Preta,Católica,Centro Esquerda,4-6,,,
2685,C,Paraíba,Smartphone/Celular,Indígena,Outras,Centro Esquerda,4-6,,,
2686,A,Distrito Federal,Notebook/Netbook,Branca,Evangélica,Esquerda,7-10,,,
2687,E,Rio Grande do Sul,Notebook/Netbook,Amarela,Evangélica,Direita,7-10,,,
2688,E,Paraná,Desktop/Computador de mesa,Preta,Judaíca,Esquerda,<1,,,
2689,C,Amapá,Notebook/Netbook,Indígena,Agnóstico,Centro,1-3,,,
2690,E,Mato Grosso,Smartphone/Celular,Indígena,Espírita,Centro Esquerda,>10,,,
2691,B,Tocantins,Outro,Preta,Evangélica,Centro Esquerda,<1,,,
2692,B,Rondônia,Desktop/Computador de mesa,Indígena,Ateu,Centro,7-10,,,
2693,E,Minas Gerais,Smartphone/Celular,Branca,Outras,Centro Direita,4-6,,,
2694,A,Ceará,Notebook/Netbook,Branca,Agnóstico,Centro Esquerda,>10,,,
2695,A,Amapá,Desktop/Computador de mesa,Preta,Espírita,Extrema Esquerda,7-10,,,
2696,E,Rondônia,Desktop/Computador de mesa,Branca,Evangélica,Centro Direita,>10,,,
2697,E,Alagoas,Tablet,Prefiro não dizer,Agnóstico,Centro,>10,,,
2698,E,Alagoas,Smartphone/Celular,Amarela,Espírita,Direita,4-6,,,
2699,C,Acre,Notebook/Netbook,Branca,Judaíca,Extrema Esquerda,4-6,,,
2700,E,Pernambuco,Notebook/Netbook,Preta,Outras,Extrema Direita,<1,,,
2701,A,Rio Grande do Norte,Tablet,Branca,Outras,Centro Esquerda,4-6,,,
2702,A,Amapá,Desktop/Computador de mesa,Parda,Judaíca,Não se interessa,4-6,,,
2703,D,Espírito Santo,Notebook/Netbook,Branca,Evangélica,Não se interessa,>10,,,
2704,E,Rio de Janeiro,Tablet,Indígena,Judaíca,Não se interessa,4-6,,,
2705,D,Tocantins,Outro,Parda,Ateu,Centro Esquerda,7-10,,,
2706,E,Goiás,Smartphone/Celular,Prefiro não dizer,Judaíca,Extrema Direita,<1,,,
2707,E,Piauí,Tablet,Prefiro não dizer,Evangélica,Esquerda,<1,,,
2708,B,Rio Grande do Sul,Desktop/Computador de mesa,Amarela,Outras,Esquerda,<1,,,
2709,D,Santa Catarina,Notebook/Netbook,Amarela,Agnóstico,Centro Direita,<1,,,
2710,A,Ceará,Notebook/Netbook,Indígena,Católica,Não se interessa,7-10,,,
2711,A,Ceará,Desktop/Computador de mesa,Prefiro não dizer,Agnóstico,Extrema Direita,7-10,,,
2712,C,Paraíba,Tablet,Amarela,Católica,Não se interessa,4-6,,,
2713,D,Santa Catarina,Smartphone/Celular,Amarela,Espírita,Não se interessa,>10,,,
2714,D,Rio Grande do Sul,Notebook/Netbook,Preta,Católica,Extrema Esquerda,7-10,,,
2715,C,Maranhão,Smartphone/Celular,Parda,Agnóstico,Centro,1-3,,,
2716,D,Goiás,Smartphone/Celular,Indígena,Judaíca,Extrema Esquerda,4-6,,,
2717,B,Goiás,Smartphone/Celular,Branca,Agnóstico,Centro,1-3,,,
2718,B,Mato Grosso,Smartphone/Celular,Parda,Católica,Extrema Direita,4-6,,,
2719,D,Ceará,Tablet,Branca,Judaíca,Centro Esquerda,1-3,,,
2720,D,Amazonas,Smartphone/Celular,Parda,Agnóstico,Centro Direita,1-3,,,
2721,E,Espírito Santo,Outro,Prefiro não dizer,Católica,Centro Direita,4-6,,,
2722,B,Minas Gerais,Outro,Indígena,Espírita,Não se interessa,1-3,,,
2723,E,Piauí,Tablet,Preta,Evangélica,Não se interessa,4-6,,,
2724,C,Rio Grande do Sul,Smartphone/Celular,Amarela,Evangélica,Direita,<1,,,
2725,B,Rio Grande do Sul,Desktop/Computador de mesa,Indígena,Outras,Centro Direita,<1,,,
2726,C,Pernambuco,Tablet,Parda,Evangélica,Centro Esquerda,7-10,,,
2727,A,Rio Grande do Sul,Desktop/Computador de mesa,Preta,Espírita,Centro Esquerda,1-3,,,
2728,C,Alagoas,Desktop/Computador de mesa,Parda,Outras,Esquerda,7-10,,,
2729,D,Paraná,Smartphone/Celular,Amarela,Judaíca,Extrema Esquerda,<1,,,
2730,B,Goiás,Desktop/Computador de mesa,Indígena,Agnóstico,Não se interessa,<1,,,
2731,D,Rondônia,Desktop/Computador de mesa,Indígena,Espírita,Centro Direita,7-10,,,
2732,A,Minas Gerais,Smartphone/Celular,Amarela,Espírita,Não se interessa,4-6,,,
2733,E,Rio de Janeiro,Tablet,Amarela,Ateu,Centro,>10,,,
2734,E,Santa Catarina,Outro,Parda,Agnóstico,Esquerda,<1,,,
2735,B,Espírito Santo,Desktop/Computador de mesa,Prefiro não dizer,Outras,Esquerda,1-3,,,
2736,C,Bahia,Tablet,Amarela,Ateu,Não se interessa,>10,,,
2737,C,Amazonas,Smartphone/Celular,Amarela,Judaíca,Extrema Direita,>10,,,
2738,B,Espírito Santo,Outro,Prefiro não dizer,Judaíca,Centro Esquerda,>10,,,
2739,A,Alagoas,Tablet,Amarela,Outras,Centro Direita,7-10,,,
2740,D,Pernambuco,Tablet,Preta,Agnóstico,Centro Esquerda,>10,,,
2741,D,Distrito Federal,Outro,Parda,Ateu,Não se interessa,>10,,,
2742,A,Santa Catarina,Desktop/Computador de mesa,Prefiro não dizer,Outras,Direita,4-6,,,
2743,C,Tocantins,Outro,Indígena,Outras,Centro,>10,,,
2744,E,Piauí,Smartphone/Celular,Branca,Espírita,Centro,7-10,,,
2745,E,Rio Grande do Norte,Smartphone/Celular,Prefiro não dizer,Agnóstico,Centro Direita,4-6,,,
2746,B,São Paulo,Tablet,Indígena,Católica,Direita,1-3,,,
2747,C,Rondônia,Outro,Branca,Outras,Não se interessa,4-6,,,
2748,A,Alagoas,Notebook/Netbook,Prefiro não dizer,Judaíca,Esquerda,7-10,,,
2749,E,Mato Grosso,Tablet,Branca,Católica,Extrema Esquerda,1-3,,,
2750,B,Maranhão,Smartphone/Celular,Preta,Agnóstico,Extrema Direita,>10,,,
2751,E,Amazonas,Outro,Parda,Ateu,Não se interessa,<1,,,
2752,C,Alagoas,Smartphone/Celular,Parda,Evangélica,Extrema Esquerda,1-3,,,
2753,D,Tocantins,Notebook/Netbook,Amarela,Católica,Extrema Esquerda,4-6,,,
2754,D,Rio de Janeiro,Tablet,Prefiro não dizer,Outras,Centro Direita,1-3,,,
2755,A,Alagoas,Outro,Branca,Espírita,Extrema Esquerda,>10,,,
2756,D,Piauí,Tablet,Preta,Ateu,Centro Esquerda,>10,,,
2757,A,Paraná,Tablet,Preta,Evangélica,Centro,4-6,,,
2758,C,Pará,Smartphone/Celular,Branca,Espírita,Centro,7-10,,,
2759,A,Goiás,Desktop/Computador de mesa,Preta,Ateu,Extrema Direita,>10,,,
2760,D,Bahia,Smartphone/Celular,Branca,Judaíca,Centro Esquerda,<1,,,
2761,B,Mato Grosso,Outro,Preta,Espírita,Esquerda,4-6,,,
2762,E,Sergipe,Notebook/Netbook,Amarela,Agnóstico,Extrema Esquerda,4-6,,,
2763,C,Mato Grosso do Sul,Smartphone/Celular,Branca,Judaíca,Direita,7-10,,,
2764,C,São Paulo,Outro,Prefiro não dizer,Agnóstico,Centro Direita,>10,,,
2765,E,Tocantins,Smartphone/Celular,Preta,Ateu,Não se interessa,<1,,,
2766,D,Amapá,Tablet,Parda,Evangélica,Esquerda,7-10,,,
2767,D,Mato Grosso,Desktop/Computador de mesa,Preta,Judaíca,Centro Esquerda,4-6,,,
2768,E,Mato Grosso,Smartphone/Celular,Parda,Católica,Extrema Direita,1-3,,,
2769,E,Piauí,Outro,Branca,Outras,Centro,4-6,,,
2770,B,Rondônia,Outro,Prefiro não dizer,Ateu,Centro Esquerda,>10,,,
2771,A,Acre,Notebook/Netbook,Preta,Outras,Centro Esquerda,<1,,,
2772,C,Ceará,Outro,Branca,Judaíca,Não se interessa,<1,,,
2773,A,Espírito Santo,Tablet,Parda,Católica,Não se interessa,1-3,,,
2774,D,Santa Catarina,Desktop/Computador de mesa,Prefiro não dizer,Católica,Não se interessa,7-10,,,
2775,B,Paraíba,Notebook/Netbook,Amarela,Católica,Extrema Esquerda,1-3,,,
2776,B,São Paulo,Outro,Indígena,Evangélica,Não se interessa,4-6,,,
2777,B,Sergipe,Outro,Prefiro não dizer,Ateu,Centro Direita,<1,,,
2778,A,Amazonas,Tablet,Preta,Ateu,Centro,4-6,,,
2779,E,Santa Catarina,Tablet,Preta,Evangélica,Extrema Esquerda,<1,,,
2780,B,Rio Grande do Sul,Tablet,Amarela,Espírita,Centro,>10,,,
2781,D,Roraima,Outro,Prefiro não dizer,Agnóstico,Esquerda,4-6,,,
2782,C,Minas Gerais,Desktop/Computador de mesa,Preta,Ateu,Extrema Direita,>10,,,
2783,D,Pernambuco,Outro,Prefiro não dizer,Católica,Extrema Esquerda,1-3,,,
2784,B,Bahia,Smartphone/Celular,Branca,Outras,Centro Esquerda,7-10,,,
2785,B,Rio Grande do Norte,Smartphone/Celular,Prefiro não dizer,Católica,Centro Esquerda,>10,,,
2786,E,Goiás,Desktop/Computador de mesa,Parda,Católica,Centro Esquerda,4-6,,,
2787,D,Rio Grande do Sul,Notebook/Netbook,Parda,Espírita,Centro,7-10,,,
2788,B,Sergipe,Outro,Branca,Agnóstico,Direita,<1,,,
2789,C,Pernambuco,Desktop/Computador de mesa,Parda,Espírita,Direita,7-10,,,
2790,A,Mato Grosso do Sul,Tablet,Indígena,Evangélica,Extrema Direita,>10,,,
2791,C,Paraíba,Outro,Indígena,Espírita,Extrema Direita,4-6,,,
2792,C,Roraima,Tablet,Amarela,Outras,Centro Direita,<1,,,
2793,D,Pernambuco,Outro,Preta,Católica,Centro,4-6,,,
2794,E,São Paulo,Notebook/Netbook,Prefiro não dizer,Espírita,Extrema Esquerda,4-6,,,
2795,A,Rio Grande do Norte,Desktop/Computador de mesa,Branca,Católica,Direita,7-10,,,
2796,D,Paraná,Outro,Parda,Evangélica,Centro Direita,<1,,,
2797,C,Alagoas,Desktop/Computador de mesa,Preta,Judaíca,Extrema Direita,4-6,,,
2798,A,Distrito Federal,Tablet,Parda,Ateu,Não se interessa,>10,,,
2799,B,Mato Grosso,Notebook/Netbook,Amarela,Católica,Extrema Direita,<1,,,
2800,C,Piauí,Outro,Amarela,Ateu,Não se interessa,7-10,,,
2801,C,Mato Grosso,Smartphone/Celular,Indígena,Espírita,Extrema Esquerda,1-3,,,
2802,A,Paraíba,Notebook/Netbook,Prefiro não dizer,Judaíca,Esquerda,4-6,,,
2803,D,Rio Grande do Sul,Tablet,Preta,Católica,Extrema Direita,>10,,,
2804,D,Tocantins,Notebook/Netbook,Prefiro não dizer,Agnóstico,Extrema Direita,4-6,,,
2805,C,Santa Catarina,Tablet,Amarela,Evangélica,Direita,7-10,,,
2806,B,Rio de Janeiro,Desktop/Computador de mesa,Preta,Outras,Não se interessa,4-6,,,
2807,E,Paraíba,Smartphone/Celular,Prefiro não dizer,Católica,Esquerda,1-3,,,
2808,B,Rio Grande do Sul,Desktop/Computador de mesa,Preta,Outras,Não se interessa,4-6,,,
2809,D,Piauí,Notebook/Netbook,Amarela,Espírita,Extrema Esquerda,<1,,,
2810,D,Paraíba,Outro,Amarela,Católica,Centro,7-10,,,
2811,D,Paraná,Desktop/Computador de mesa,Indígena,Outras,Centro Direita,1-3,,,
2812,B,Amazonas,Tablet,Preta,Espírita,Centro Esquerda,4-6,,,
2813,E,Piauí,Notebook/Netbook,Parda,Outras,Não se interessa,<1,,,
2814,B,Maranhão,Notebook/Netbook,Indígena,Outras,Centro Esquerda,1-3,,,
2815,E,Goiás,Outro,Branca,Outras,Extrema Direita,<1,,,
2816,B,Maranhão,Desktop/Computador de mesa,Preta,Católica,Centro Direita,4-6,,,
2817,D,Goiás,Tablet,Parda,Agnóstico,Centro Direita,4-6,,,
2818,A,Rio Grande do Sul,Desktop/Computador de mesa,Parda,Judaíca,Direita,1-3,,,
2819,C,Ceará,Smartphone/Celular,Indígena,Agnóstico,Esquerda,1-3,,,
2820,C,Espírito Santo,Outro,Prefiro não dizer,Agnóstico,Centro,4-6,,,
2821,C,Espírito Santo,Smartphone/Celular,Amarela,Ateu,Extrema Direita,4-6,,,
2822,C,Alagoas,Outro,Preta,Ateu,Não se interessa,4-6,,,
2823,B,Paraná,Notebook/Netbook,Prefiro não dizer,Judaíca,Extrema Direita,7-10,,,
2824,E,Alagoas,Smartphone/Celular,Preta,Ateu,Não se interessa,1-3,,,
2825,C,Ceará,Desktop/Computador de mesa,Branca,Outras,Esquerda,>10,,,
2826,D,Paraná,Smartphone/Celular,Prefiro não dizer,Judaíca,Centro Direita,>10,,,
2827,C,Goiás,Desktop/Computador de mesa,Prefiro não dizer,Espírita,Centro Esquerda,1-3,,,
2828,D,Pará,Outro,Parda,Católica,Extrema Direita,>10,,,
2829,D,Santa Catarina,Desktop/Computador de mesa,Amarela,Católica,Extrema Esquerda,>10,,,
2830,D,Goiás,Smartphone/Celular,Preta,Evangélica,Não se interessa,7-10,,,
2831,A,Rio de Janeiro,Tablet,Indígena,Evangélica,Extrema Direita,>10,,,
2832,C,Paraná,Tablet,Prefiro não dizer,Espírita,Centro,<1,,,
2833,C,Rio de Janeiro,Tablet,Branca,Evangélica,Esquerda,<1,,,
2834,D,Paraná,Desktop/Computador de mesa,Indígena,Outras,Extrema Direita,7-10,,,
2835,B,Rio Grande do Norte,Notebook/Netbook,Indígena,Espírita,Direita,4-6,,,
2836,D,Minas Gerais,Desktop/Computador de mesa,Prefiro não dizer,Católica,Centro Direita,<1,,,
2837,E,Mato Grosso do Sul,Tablet,Parda,Católica,Extrema Esquerda,4-6,,,
2838,B,Acre,Outro,Parda,Agnóstico,Centro Esquerda,<1,,,
2839,B,Rio Grande do Sul,Notebook/Netbook,Parda,Evangélica,Centro,7-10,,,
2840,C,Rondônia,Tablet,Branca,Espírita,Esquerda,1-3,,,
2841,A,Minas Gerais,Smartphone/Celular,Parda,Agnóstico,Centro Direita,4-6,,,
2842,E,Santa Catarina,Smartphone/Celular,Preta,Judaíca,Centro,1-3,,,
2843,B,Maranhão,Notebook/Netbook,Parda,Ateu,Extrema Direita,1-3,,,
2844,B,São Paulo,Desktop/Computador de mesa,Prefiro não dizer,Católica,Direita,>10,,,
2845,E,Distrito Federal,Smartphone/Celular,Parda,Judaíca,Centro Direita,4-6,,,
2846,D,Espírito Santo,Smartphone/Celular,Amarela,Outras,Direita,<1,,,
2847,C,Minas Gerais,Outro,Prefiro não dizer,Ateu,Extrema Direita,7-10,,,
2848,C,Pará,Smartphone/Celular,Parda,Católica,Não se interessa,1-3,,,
2849,D,Ceará,Smartphone/Celular,Parda,Ateu,Extrema Esquerda,1-3,,,
2850,A,Espírito Santo,Tablet,Indígena,Espírita,Direita,1-3,,,
2851,D,Piauí,Tablet,Amarela,Ateu,Extrema Esquerda,<1,,,
2852,D,São Paulo,Notebook/Netbook,Amarela,Evangélica,Centro Direita,7-10,,,
2853,C,Roraima,Tablet,Preta,Judaíca,Extrema Esquerda,4-6,,,
2854,E,Rio Grande do Norte,Notebook/Netbook,Preta,Judaíca,Não se interessa,>10,,,
2855,A,Goiás,Desktop/Computador de mesa,Prefiro não dizer,Judaíca,Centro Esquerda,<1,,,
2856,A,Maranhão,Outro,Indígena,Ateu,Centro,>10,,,
2857,D,Piauí,Outro,Preta,Outras,Centro Direita,7-10,,,
2858,B,São Paulo,Smartphone/Celular,Parda,Agnóstico,Não se interessa,>10,,,
2859,B,Pará,Desktop/Computador de mesa,Amarela,Outras,Centro Direita,4-6,,,
2860,D,Maranhão,Notebook/Netbook,Indígena,Outras,Centro Esquerda,>10,,,
2861,E,Alagoas,Outro,Preta,Espírita,Direita,4-6,,,
2862,B,Rio de Janeiro,Tablet,Indígena,Agnóstico,Centro,1-3,,,
2863,E,Ceará,Desktop/Computador de mesa,Indígena,Católica,Centro,<1,,,
2864,B,Acre,Desktop/Computador de mesa,Parda,Ateu,Centro Direita,>10,,,
2865,A,Paraíba,Smartphone/Celular,Amarela,Católica,Centro Direita,1-3,,,
2866,E,Acre,Notebook/Netbook,Branca,Agnóstico,Centro,<1,,,
2867,A,Rio de Janeiro,Outro,Branca,Judaíca,Centro Esquerda,7-10,,,
2868,D,Rio Grande do Sul,Outro,Prefiro não dizer,Católica,Esquerda,7-10,,,
2869,C,Rio Grande do Sul,Desktop/Computador de mesa,Parda,Outras,Esquerda,7-10,,,
2870,B,Tocantins,Notebook/Netbook,Prefiro não dizer,Católica,Não se interessa,1-3,,,
2871,C,Santa Catarina,Smartphone/Celular,Indígena,Judaíca,Centro Esquerda,<1,,,
2872,E,Minas Gerais,Notebook/Netbook,Indígena,Agnóstico,Extrema Direita,<1,,,
2873,D,Rio Grande do Sul,Tablet,Indígena,Espírita,Esquerda,1-3,,,
2874,A,Maranhão,Notebook/Netbook,Preta,Católica,Não se interessa,>10,,,
2875,E,Mato Grosso do Sul,Smartphone/Celular,Indígena,Evangélica,Extrema Esquerda,>10,,,
2876,D,Sergipe,Desktop/Computador de mesa,Parda,Judaíca,Não se interessa,1-3,,,
2877,B,São Paulo,Tablet,Amarela,Outras,Extrema Esquerda,4-6,,,
2878,D,Distrito Federal,Outro,Amarela,Judaíca,Extrema Esquerda,<1,,,
2879,B,Sergipe,Notebook/Netbook,Prefiro não dizer,Católica,Extrema Direita,<1,,,
2880,C,Amazonas,Tablet,Indígena,Judaíca,Não se interessa,7-10,,,
2881,E,Pará,Tablet,Parda,Judaíca,Não se interessa,>10,,,
2882,E,Sergipe,Desktop/Computador de mesa,Preta,Espírita,Extrema Esquerda,>10,,,
2883,A,Maranhão,Desktop/Computador de mesa,Parda,Ateu,Extrema Esquerda,7-10,,,
2884,C,Rio Grande do Norte,Desktop/Computador de mesa,Prefiro não dizer,Outras,Não se interessa,>10,,,
2885,C,Mato Grosso,Tablet,Indígena,Ateu,Direita,4-6,,,
2886,A,Rio Grande do Sul,Outro,Preta,Judaíca,Extrema Direita,<1,,,
2887,E,Pará,Desktop/Computador de mesa,Parda,Judaíca,Direita,1-3,,,
2888,B,Paraíba,Notebook/Netbook,Branca,Judaíca,Centro Esquerda,>10,,,
2889,E,Distrito Federal,Smartphone/Celular,Prefiro não dizer,Judaíca,Extrema Direita,4-6,,,
2890,C,Bahia,Outro,Preta,Católica,Centro Direita,<1,,,
2891,A,Espírito Santo,Desktop/Computador de mesa,Preta,Agnóstico,Centro Esquerda,7-10,,,
2892,B,São Paulo,Outro,Parda,Judaíca,Centro Direita,4-6,,,
2893,D,Alagoas,Outro,Indígena,Agnóstico,Não se interessa,<1,,,
2894,B,Rio Grande do Norte,Notebook/Netbook,Parda,Espírita,Direita,1-3,,,
2895,C,Distrito Federal,Notebook/Netbook,Prefiro não dizer,Judaíca,Direita,4-6,,,
2896,C,Pernambuco,Notebook/Netbook,Amarela,Espírita,Centro,1-3,,,
2897,D,Ceará,Tablet,Preta,Agnóstico,Não se interessa,1-3,,,
2898,C,Tocantins,Desktop/Computador de mesa,Parda,Espírita,Extrema Direita,<1,,,
2899,B,Santa Catarina,Tablet,Branca,Judaíca,Centro Esquerda,>10,,,
2900,E,Rio Grande do Sul,Outro,Branca,Evangélica,Centro,4-6,,,
2901,E,Rondônia,Smartphone/Celular,Branca,Judaíca,Centro,>10,,,
2902,D,Minas Gerais,Notebook/Netbook,Indígena,Judaíca,Direita,4-6,,,
2903,D,Alagoas,Tablet,Indígena,Evangélica,Centro,7-10,,,
2904,B,Paraíba,Outro,Indígena,Evangélica,Centro,<1,,,
2905,A,Roraima,Notebook/Netbook,Preta,Espírita,Extrema Esquerda,>10,,,
2906,A,Paraíba,Smartphone/Celular,Branca,Católica,Centro,<1,,,
2907,A,São Paulo,Smartphone/Celular,Indígena,Ateu,Extrema Esquerda,7-10,,,
2908,A,Paraíba,Smartphone/Celular,Branca,Outras,Extrema Esquerda,1-3,,,
2909,C,Maranhão,Desktop/Computador de mesa,Parda,Judaíca,Não se interessa,4-6,,,
2910,C,Alagoas,Desktop/Computador de mesa,Prefiro não dizer,Evangélica,Extrema Direita,4-6,,,
2911,E,Rio de Janeiro,Desktop/Computador de mesa,Branca,Judaíca,Centro Esquerda,<1,,,
2912,B,Tocantins,Smartphone/Celular,Preta,Agnóstico,Direita,1-3,,,
2913,E,Espírito Santo,Smartphone/Celular,Indígena,Judaíca,Direita,<1,,,
2914,C,Paraíba,Outro,Branca,Espírita,Extrema Esquerda,7-10,,,
2915,E,Mato Grosso do Sul,Tablet,Preta,Judaíca,Centro,4-6,,,
2916,B,Minas Gerais,Outro,Branca,Judaíca,Centro Esquerda,<1,,,
2917,A,Espírito Santo,Smartphone/Celular,Branca,Outras,Centro,>10,,,
2918,C,Tocantins,Tablet,Parda,Ateu,Esquerda,4-6,,,
2919,A,Goiás,Notebook/Netbook,Indígena,Católica,Direita,4-6,,,
2920,A,Paraná,Outro,Amarela,Judaíca,Não se interessa,4-6,,,
2921,A,Sergipe,Notebook/Netbook,Amarela,Ateu,Centro,<1,,,
2922,E,Ceará,Smartphone/Celular,Branca,Agnóstico,Direita,7-10,,,
2923,B,São Paulo,Notebook/Netbook,Preta,Ateu,Centro Direita,1-3,,,
2924,E,Paraíba,Notebook/Netbook,Preta,Católica,Não se interessa,7-10,,,
2925,B,Amazonas,Desktop/Computador de mesa,Parda,Ateu,Extrema Direita,<1,,,
2926,C,Rio de Janeiro,Tablet,Amarela,Católica,Direita,>10,,,
2927,C,Maranhão,Outro,Indígena,Católica,Extrema Esquerda,7-10,,,
2928,A,Sergipe,Notebook/Netbook,Preta,Espírita,Centro Direita,7-10,,,
2929,A,Rondônia,Desktop/Computador de mesa,Amarela,Judaíca,Extrema Esquerda,7-10,,,
2930,D,Rio de Janeiro,Tablet,Amarela,Judaíca,Centro Direita,<1,,,
2931,E,Rio de Janeiro,Desktop/Computador de mesa,Preta,Outras,Direita,4-6,,,
2932,B,Alagoas,Notebook/Netbook,Indígena,Judaíca,Centro Esquerda,1-3,,,
2933,B,Santa Catarina,Smartphone/Celular,Prefiro não dizer,Agnóstico,Extrema Esquerda,4-6,,,
2934,C,Piauí,Tablet,Branca,Católica,Esquerda,>10,,,
2935,A,Goiás,Smartphone/Celular,Indígena,Católica,Direita,7-10,,,
2936,D,Maranhão,Notebook/Netbook,Prefiro não dizer,Ateu,Centro Esquerda,>10,,,
2937,D,Santa Catarina,Desktop/Computador de mesa,Branca,Ateu,Extrema Esquerda,>10,,,
2938,A,Rio Grande do Sul,Tablet,Indígena,Judaíca,Centro Direita,>10,,,
2939,E,Santa Catarina,Outro,Branca,Católica,Extrema Esquerda,4-6,,,
2940,A,Santa Catarina,Smartphone/Celular,Branca,Agnóstico,Extrema Esquerda,7-10,,,
2941,C,Amapá,Smartphone/Celular,Prefiro não dizer,Judaíca,Centro Direita,>10,,,
2942,D,Amazonas,Notebook/Netbook,Prefiro não dizer,Ateu,Direita,4-6,,,
2943,C,Ceará,Tablet,Branca,Evangélica,Extrema Esquerda,4-6,,,
2944,C,Maranhão,Desktop/Computador de mesa,Parda,Católica,Centro,>10,,,
2945,B,Paraíba,Outro,Indígena,Outras,Direita,7-10,,,
2946,C,Maranhão,Tablet,Preta,Judaíca,Centro Direita,<1,,,
2947,E,Pernambuco,Outro,Parda,Católica,Direita,7-10,,,
2948,E,Sergipe,Smartphone/Celular,Branca,Outras,Direita,7-10,,,
2949,C,Alagoas,Desktop/Computador de mesa,Preta,Agnóstico,Centro Esquerda,7-10,,,
2950,D,Mato Grosso do Sul,Desktop/Computador de mesa,Indígena,Evangélica,Centro Esquerda,>10,,,
2951,A,Rondônia,Notebook/Netbook,Amarela,Espírita,Extrema Direita,1-3,,,
2952,C,Distrito Federal,Smartphone/Celular,Parda,Espírita,Direita,4-6,,,
2953,E,Rio de Janeiro,Notebook/Netbook,Indígena,Espírita,Centro Esquerda,<1,,,
2954,A,Tocantins,Tablet,Preta,Agnóstico,Não se interessa,>10,,,
2955,D,Maranhão,Outro,Parda,Outras,Extrema Esquerda,4-6,,,
2956,B,Mato Grosso do Sul,Outro,Prefiro não dizer,Evangélica,Centro,>10,,,
2957,B,Alagoas,Smartphone/Celular,Parda,Outras,Não se interessa,1-3,,,
2958,A,Maranhão,Notebook/Netbook,Branca,Judaíca,Esquerda,4-6,,,
2959,E,Amazonas,Outro,Branca,Outras,Extrema Esquerda,>10,,,
2960,B,Mato Grosso do Sul,Outro,Parda,Católica,Extrema Direita,7-10,,,
2961,C,Acre,Desktop/Computador de mesa,Indígena,Outras,Direita,4-6,,,
2962,B,Amazonas,Smartphone/Celular,Amarela,Judaíca,Centro,<1,,,
2963,D,Alagoas,Outro,Amarela,Agnóstico,Não se interessa,1-3,,,
2964,A,Tocantins,Smartphone/Celular,Prefiro não dizer,Ateu,Centro,4-6,,,
2965,C,Goiás,Notebook/Netbook,Parda,Outras,Extrema Direita,4-6,,,
2966,A,Rondônia,Outro,Parda,Ateu,Extrema Direita,>10,,,
2967,C,Espírito Santo,Tablet,Prefiro não dizer,Católica,Não se interessa,7-10,,,
2968,B,Paraná,Notebook/Netbook,Indígena,Católica,Extrema Direita,1-3,,,
2969,D,Acre,Notebook/Netbook,Branca,Católica,Extrema Esquerda,<1,,,
2970,B,Minas Gerais,Notebook/Netbook,Indígena,Agnóstico,Extrema Esquerda,7-10,,,
2971,C,Pernambuco,Outro,Amarela,Católica,Extrema Esquerda,1-3,,,
2972,E,Pará,Notebook/Netbook,Branca,Espírita,Esquerda,<1,,,
2973,D,Amazonas,Smartphone/Celular,Prefiro não dizer,Judaíca,Centro Esquerda,4-6,,,
2974,B,Amazonas,Outro,Branca,Católica,Centro,4-6,,,
2975,A,Goiás,Notebook/Netbook,Parda,Outras,Extrema Direita,7-10,,,
2976,A,Mato Grosso,Desktop/Computador de mesa,Preta,Judaíca,Esquerda,>10,,,
2977,C,Bahia,Notebook/Netbook,Amarela,Outras,Extrema Direita,<1,,,
2978,A,Paraná,Outro,Amarela,Ateu,Extrema Direita,>10,,,
2979,C,Rio Grande do Sul,Desktop/Computador de mesa,Indígena,Ateu,Não se interessa,>10,,,
2980,D,Piauí,Tablet,Parda,Agnóstico,Extrema Direita,>10,,,
2981,D,Mato Grosso do Sul,Tablet,Prefiro não dizer,Espírita,Centro Direita,>10,,,
2982,A,Mato Grosso,Smartphone/Celular,Indígena,Católica,Extrema Esquerda,1-3,,,
2983,E,Goiás,Desktop/Computador de mesa,Prefiro não dizer,Judaíca,Extrema Direita,>10,,,
2984,D,Paraíba,Outro,Parda,Outras,Direita,1-3,,,
2985,E,Distrito Federal,Smartphone/Celular,Branca,Judaíca,Extrema Direita,>10,,,
2986,D,Alagoas,Notebook/Netbook,Parda,Católica,Extrema Direita,<1,,,
2987,D,Pará,Tablet,Amarela,Espírita,Centro,1-3,,,
2988,D,Amapá,Outro,Indígena,Agnóstico,Não se interessa,1-3,,,
2989,A,Tocantins,Smartphone/Celular,Amarela,Judaíca,Extrema Esquerda,>10,,,
2990,A,Espírito Santo,Tablet,Branca,Outras,Direita,1-3,,,
2991,B,Amazonas,Notebook/Netbook,Indígena,Agnóstico,Extrema Direita,>10,,,
2992,D,Piauí,Tablet,Preta,Outras,Direita,4-6,,,
2993,D,Sergipe,Desktop/Computador de mesa,Amarela,Judaíca,Esquerda,<1,,,
2994,E,Bahia,Tablet,Amarela,Espírita,Não se interessa,>10,,,
2995,B,Rondônia,Tablet,Indígena,Evangélica,Centro Direita,4-6,,,
2996,A,Paraná,Desktop/Computador de mesa,Parda,Ateu,Não se interessa,>10,,,
2997,C,Espírito Santo,Desktop/Computador de mesa,Preta,Ateu,Centro,1-3,,,
2998,C,Amapá,Outro,Preta,Ateu,Esquerda,1-3,,,
2999,B,Mato Grosso do Sul,Tablet,Amarela,Evangélica,Direita,7-10,,,
3000,D,Mato Grosso,Tablet,Preta,Outras,Centro Direita,>10,,,
3001,D,Acre,Outro,Amarela,Outras,Esquerda,7-10,,,
3002,A,Distrito Federal,Outro,Parda,Espírita,Não se interessa,>10,,,
3003,D,Amazonas,Desktop/Computador de mesa,Preta,Evangélica,Centro Direita,7-10,,,
3004,B,Roraima,Tablet,Amarela,Evangélica,Extrema Esquerda,7-10,,,
3005,D,São Paulo,Tablet,Indígena,Outras,Direita,<1,,,
3006,E,Piauí,Desktop/Computador de mesa,Amarela,Outras,Centro,4-6,,,
3007,B,Mato Grosso do Sul,Outro,Indígena,Outras,Não se interessa,>10,,,
3008,D,Paraíba,Notebook/Netbook,Preta,Judaíca,Não se interessa,4-6,,,
3009,B,São Paulo,Tablet,Branca,Evangélica,Centro Direita,>10,,,
3010,B,Rondônia,Desktop/Computador de mesa,Prefiro não dizer,Outras,Centro Esquerda,<1,,,
3011,D,Amapá,Tablet,Branca,Judaíca,Centro Direita,4-6,,,
3012,A,Rondônia,Outro,Parda,Judaíca,Centro Direita,4-6,,,
3013,A,Roraima,Smartphone/Celular,Amarela,Outras,Não se interessa,>10,,,
3014,D,Rio Grande do Sul,Desktop/Computador de mesa,Prefiro não dizer,Judaíca,Extrema Direita,<1,,,
3015,D,Minas Gerais,Tablet,Preta,Espírita,Centro Direita,>10,,,
3016,B,Pernambuco,Tablet,Preta,Outras,Centro Esquerda,7-10,,,
3017,C,Mato Grosso,Outro,Preta,Ateu,Não se interessa,7-10,,,
3018,D,Tocantins,Outro,Preta,Evangélica,Extrema Esquerda,>10,,,
3019,C,Maranhão,Desktop/Computador de mesa,Prefiro não dizer,Judaíca,Extrema Direita,7-10,,,
3020,B,Alagoas,Notebook/Netbook,Amarela,Espírita,Centro,4-6,,,
3021,C,Tocantins,Smartphone/Celular,Branca,Espírita,Centro,4-6,,,
3022,E,Rio de Janeiro,Outro,Amarela,Ateu,Centro Direita,7-10,,,
3023,B,Rio Grande do Norte,Notebook/Netbook,Branca,Católica,Não se interessa,>10,,,
3024,A,Espírito Santo,Tablet,Branca,Ateu,Extrema Direita,4-6,,,
3025,E,Mato Grosso do Sul,Desktop/Computador de mesa,Indígena,Outras,Centro Direita,1-3,,,
3026,D,Rio Grande do Sul,Desktop/Computador de mesa,Parda,Outras,Extrema Esquerda,1-3,,,
3027,E,Alagoas,Tablet,Indígena,Outras,Centro Direita,<1,,,
3028,B,Minas Gerais,Desktop/Computador de mesa,Amarela,Outras,Não se interessa,7-10,,,
3029,B,Mato Grosso,Smartphone/Celular,Preta,Espírita,Centro Direita,1-3,,,
3030,E,Rio de Janeiro,Smartphone/Celular,Prefiro não dizer,Católica,Extrema Direita,<1,,,
3031,D,Pernambuco,Smartphone/Celular,Preta,Evangélica,Centro,1-3,,,
3032,C,Ceará,Outro,Prefiro não dizer,Agnóstico,Não se interessa,<1,,,
3033,A,Ceará,Notebook/Netbook,Amarela,Judaíca,Centro,<1,,,
3034,C,Santa Catarina,Desktop/Computador de mesa,Preta,Evangélica,Não se interessa,<1,,,
3035,B,Tocantins,Tablet,Prefiro não dizer,Espírita,Direita,1-3,,,
3036,E,Rio de Janeiro,Outro,Parda,Ateu,Centro Esquerda,7-10,,,
3037,B,Mato Grosso,Desktop/Computador de mesa,Indígena,Evangélica,Extrema Esquerda,<1,,,
3038,E,Espírito Santo,Smartphone/Celular,Parda,Evangélica,Centro Direita,<1,,,
3039,E,Pará,Smartphone/Celular,Amarela,Judaíca,Centro Direita,7-10,,,
3040,A,Distrito Federal,Smartphone/Celular,Indígena,Ateu,Centro Esquerda,4-6,,,
3041,C,Alagoas,Notebook/Netbook,Prefiro não dizer,Católica,Centro Esquerda,>10,,,
3042,D,Santa Catarina,Desktop/Computador de mesa,Preta,Outras,Centro Direita,7-10,,,
3043,D,Espírito Santo,Notebook/Netbook,Preta,Evangélica,Centro,>10,,,
3044,B,Santa Catarina,Notebook/Netbook,Preta,Agnóstico,Extrema Direita,1-3,,,
3045,E,Distrito Federal,Smartphone/Celular,Preta,Ateu,Centro Esquerda,1-3,,,
3046,A,Piauí,Outro,Branca,Judaíca,Centro Direita,4-6,,,
3047,D,Rondônia,Notebook/Netbook,Prefiro não dizer,Evangélica,Esquerda,7-10,,,
3048,B,Roraima,Notebook/Netbook,Amarela,Católica,Centro,<1,,,
3049,E,Roraima,Tablet,Preta,Outras,Esquerda,>10,,,
3050,A,Bahia,Smartphone/Celular,Preta,Católica,Centro Esquerda,4-6,,,
3051,A,Rio Grande do Sul,Desktop/Computador de mesa,Indígena,Judaíca,Direita,<1,,,
3052,C,Distrito Federal,Desktop/Computador de mesa,Amarela,Católica,Extrema Direita,7-10,,,
3053,E,Roraima,Smartphone/Celular,Parda,Católica,Centro Direita,7-10,,,
3054,C,Amazonas,Smartphone/Celular,Parda,Agnóstico,Centro Esquerda,1-3,,,
3055,D,Ceará,Smartphone/Celular,Branca,Outras,Esquerda,7-10,,,
3056,B,Rio Grande do Sul,Outro,Preta,Católica,Extrema Direita,7-10,,,
3057,B,Amapá,Notebook/Netbook,Parda,Ateu,Centro Esquerda,4-6,,,
3058,A,Maranhão,Smartphone/Celular,Indígena,Católica,Direita,7-10,,,
3059,C,Roraima,Notebook/Netbook,Amarela,Católica,Centro,1-3,,,
3060,C,Espírito Santo,Notebook/Netbook,Amarela,Judaíca,Não se interessa,>10,,,
3061,E,Rio de Janeiro,Notebook/Netbook,Branca,Espírita,Extrema Esquerda,4-6,,,
3062,A,Amazonas,Desktop/Computador de mesa,Preta,Ateu,Centro,<1,,,
3063,C,Santa Catarina,Smartphone/Celular,Amarela,Evangélica,Extrema Esquerda,7-10,,,
3064,B,Maranhão,Notebook/Netbook,Amarela,Católica,Extrema Direita,1-3,,,
3065,E,Roraima,Tablet,Indígena,Judaíca,Centro Direita,4-6,,,
3066,B,Goiás,Notebook/Netbook,Branca,Católica,Extrema Esquerda,7-10,,,
3067,A,Amapá,Tablet,Amarela,Outras,Esquerda,<1,,,
3068,C,Goiás,Outro,Preta,Agnóstico,Centro Direita,>10,,,
3069,D,Espírito Santo,Tablet,Preta,Judaíca,Centro Esquerda,<1,,,
3070,B,Pará,Outro,Parda,Agnóstico,Centro Direita,<1,,,
3071,B,Piauí,Notebook/Netbook,Amarela,Espírita,Direita,>10,,,
3072,E,Bahia,Desktop/Computador de mesa,Indígena,Evangélica,Direita,<1,,,
3073,C,Rio Grande do Sul,Tablet,Preta,Ateu,Extrema Direita,>10,,,
3074,C,Distrito Federal,Notebook/Netbook,Parda,Agnóstico,Esquerda,1-3,,,
3075,C,Bahia,Notebook/Netbook,Prefiro não dizer,Ateu,Centro Esquerda,4-6,,,
3076,E,Acre,Desktop/Computador de mesa,Parda,Ateu,Centro Esquerda,4-6,,,
3077,E,São Paulo,Desktop/Computador de mesa,Indígena,Evangélica,Esquerda,>10,,,
3078,B,Tocantins,Desktop/Computador de mesa,Prefiro não dizer,Agnóstico,Não se interessa,7-10,,,
3079,B,Minas Gerais,Outro,Parda,Outras,Extrema Esquerda,7-10,,,
3080,C,Distrito Federal,Tablet,Prefiro não dizer,Agnóstico,Direita,>10,,,
3081,B,Amapá,Tablet,Preta,Ateu,Extrema Esquerda,7-10,,,
3082,B,Alagoas,Desktop/Computador de mesa,Indígena,Espírita,Direita,<1,,,
3083,B,Acre,Smartphone/Celular,Amarela,Espírita,Extrema Direita,7-10,,,
3084,C,São Paulo,Smartphone/Celular,Parda,Judaíca,Extrema Esquerda,4-6,,,
3085,B,Mato Grosso do Sul,Notebook/Netbook,Parda,Evangélica,Direita,7-10,,,
3086,B,Minas Gerais,Outro,Prefiro não dizer,Ateu,Extrema Direita,<1,,,
3087,D,Rio Grande do Sul,Tablet,Prefiro não dizer,Evangélica,Esquerda,>10,,,
3088,E,Piauí,Tablet,Indígena,Judaíca,Centro Esquerda,7-10,,,
3089,D,Acre,Tablet,Prefiro não dizer,Outras,Não se interessa,>10,,,
3090,B,Goiás,Outro,Indígena,Católica,Esquerda,7-10,,,
3091,E,Bahia,Tablet,Indígena,Espírita,Não se interessa,4-6,,,
3092,A,Piauí,Outro,Parda,Outras,Centro Esquerda,4-6,,,
3093,A,Rio de Janeiro,Outro,Amarela,Ateu,Centro Direita,1-3,,,
3094,E,Goiás,Outro,Amarela,Espírita,Centro Direita,7-10,,,
3095,B,Pernambuco,Smartphone/Celular,Branca,Ateu,Centro Esquerda,1-3,,,
3096,D,Maranhão,Smartphone/Celular,Amarela,Agnóstico,Centro Esquerda,7-10,,,
3097,A,Amapá,Outro,Amarela,Ateu,Centro Esquerda,4-6,,,
3098,E,Pernambuco,Desktop/Computador de mesa,Preta,Católica,Não se interessa,>10,,,
3099,C,Pará,Tablet,Indígena,Católica,Esquerda,<1,,,
3100,C,Alagoas,Desktop/Computador de mesa,Branca,Agnóstico,Centro Direita,>10,,,
3101,C,Rio de Janeiro,Smartphone/Celular,Amarela,Agnóstico,Direita,4-6,,,
3102,D,Rio de Janeiro,Desktop/Computador de mesa,Prefiro não dizer,Católica,Centro,1-3,,,
3103,A,Acre,Smartphone/Celular,Prefiro não dizer,Evangélica,Centro,4-6,,,
3104,A,Rondônia,Desktop/Computador de mesa,Parda,Ateu,Direita,>10,,,
3105,A,Rio Grande do Sul,Smartphone/Celular,Branca,Espírita,Esquerda,7-10,,,
3106,B,Goiás,Desktop/Computador de mesa,Prefiro não dizer,Agnóstico,Não se interessa,4-6,,,
3107,B,Rio Grande do Norte,Outro,Preta,Católica,Centro Esquerda,>10,,,
3108,B,Espírito Santo,Smartphone/Celular,Parda,Espírita,Centro Esquerda,<1,,,
3109,D,Amazonas,Tablet,Parda,Judaíca,Esquerda,7-10,,,
3110,A,Mato Grosso do Sul,Smartphone/Celular,Preta,Outras,Centro Esquerda,7-10,,,
3111,D,Rio Grande do Sul,Tablet,Preta,Evangélica,Esquerda,7-10,,,
3112,C,Ceará,Outro,Amarela,Judaíca,Não se interessa,>10,,,
3113,E,Paraíba,Tablet,Preta,Católica,Centro,>10,,,
3114,D,Pernambuco,Smartphone/Celular,Parda,Agnóstico,Centro Esquerda,1-3,,,
3115,E,Minas Gerais,Outro,Branca,Judaíca,Não se interessa,4-6,,,
3116,E,Espírito Santo,Smartphone/Celular,Prefiro não dizer,Católica,Esquerda,<1,,,
3117,E,Amapá,Outro,Indígena,Espírita,Não se interessa,<1,,,
3118,C,Pernambuco,Smartphone/Celular,Branca,Evangélica,Centro Direita,1-3,,,
3119,D,Maranhão,Notebook/Netbook,Preta,Ateu,Direita,>10,,,
3120,E,Santa Catarina,Smartphone/Celular,Branca,Outras,Centro Direita,1-3,,,
3121,D,Rio Grande do Sul,Tablet,Prefiro não dizer,Católica,Direita,>10,,,
3122,E,Espírito Santo,Desktop/Computador de mesa,Indígena,Agnóstico,Extrema Esquerda,4-6,,,
3123,D,Espírito Santo,Smartphone/Celular,Preta,Católica,Extrema Direita,4-6,,,
3124,C,Rio Grande do Norte,Smartphone/Celular,Preta,Judaíca,Centro Direita,7-10,,,
3125,C,Rondônia,Outro,Branca,Espírita,Esquerda,1-3,,,
3126,A,Espírito Santo,Notebook/Netbook,Indígena,Agnóstico,Centro Direita,7-10,,,
3127,E,Rio de Janeiro,Notebook/Netbook,Amarela,Agnóstico,Extrema Direita,7-10,,,
3128,D,Alagoas,Notebook/Netbook,Parda,Agnóstico,Centro,>10,,,
3129,D,Paraná,Tablet,Amarela,Católica,Não se interessa,1-3,,,
3130,A,Ceará,Tablet,Indígena,Católica,Direita,<1,,,
3131,C,Amapá,Smartphone/Celular,Branca,Espírita,Direita,>10,,,
3132,C,Alagoas,Tablet,Preta,Espírita,Centro Esquerda,<1,,,
3133,E,Ceará,Desktop/Computador de mesa,Parda,Agnóstico,Centro,<1,,,
3134,A,Paraná,Desktop/Computador de mesa,Prefiro não dizer,Católica,Extrema Direita,1-3,,,
3135,B,Amapá,Notebook/Netbook,Indígena,Outras,Não se interessa,1-3,,,
3136,E,Rio Grande do Norte,Tablet,Preta,Outras,Esquerda,4-6,,,
3137,E,Rio de Janeiro,Outro,Branca,Espírita,Extrema Direita,>10,,,
3138,B,Ceará,Tablet,Indígena,Evangélica,Centro Direita,>10,,,
3139,A,Piauí,Desktop/Computador de mesa,Branca,Evangélica,Centro Direita,<1,,,
3140,E,Maranhão,Smartphone/Celular,Prefiro não dizer,Judaíca,Esquerda,4-6,,,
3141,E,Ceará,Tablet,Parda,Outras,Centro,1-3,,,
3142,E,Pará,Desktop/Computador de mesa,Amarela,Outras,Centro,7-10,,,
3143,C,Amapá,Notebook/Netbook,Parda,Espírita,Direita,<1,,,
3144,D,Piauí,Desktop/Computador de mesa,Prefiro não dizer,Evangélica,Esquerda,<1,,,
3145,D,Piauí,Notebook/Netbook,Indígena,Evangélica,Esquerda,<1,,,
3146,B,Rio Grande do Sul,Desktop/Computador de mesa,Indígena,Judaíca,Direita,<1,,,
3147,E,Espírito Santo,Notebook/Netbook,Indígena,Católica,Não se interessa,7-10,,,
3148,B,Paraná,Tablet,Indígena,Outras,Extrema Esquerda,>10,,,
3149,E,Rio Grande do Norte,Outro,Branca,Agnóstico,Centro Esquerda,1-3,,,
3150,D,Mato Grosso,Tablet,Prefiro não dizer,Ateu,Não se interessa,>10,,,
3151,D,Amapá,Smartphone/Celular,Preta,Outras,Centro Direita,>10,,,
3152,A,Pernambuco,Tablet,Prefiro não dizer,Judaíca,Esquerda,7-10,,,
3153,A,Rio Grande do Sul,Outro,Branca,Judaíca,Extrema Esquerda,<1,,,
3154,B,Amapá,Smartphone/Celular,Amarela,Ateu,Centro Esquerda,<1,,,
3155,D,Distrito Federal,Smartphone/Celular,Amarela,Católica,Centro Esquerda,4-6,,,
3156,E,Espírito Santo,Tablet,Indígena,Evangélica,Centro Esquerda,1-3,,,
3157,E,Maranhão,Outro,Prefiro não dizer,Ateu,Direita,1-3,,,
3158,D,Mato Grosso do Sul,Outro,Preta,Evangélica,Direita,7-10,,,
3159,D,Pará,Smartphone/Celular,Prefiro não dizer,Evangélica,Centro Direita,1-3,,,
3160,D,Acre,Notebook/Netbook,Preta,Católica,Extrema Direita,>10,,,
3161,D,Paraíba,Notebook/Netbook,Indígena,Judaíca,Direita,7-10,,,
3162,B,Tocantins,Smartphone/Celular,Parda,Católica,Centro,4-6,,,
3163,C,Goiás,Tablet,Indígena,Espírita,Extrema Esquerda,1-3,,,
3164,C,Santa Catarina,Outro,Preta,Ateu,Direita,7-10,,,
3165,D,Espírito Santo,Tablet,Parda,Ateu,Centro Direita,<1,,,
3166,E,Tocantins,Outro,Preta,Espírita,Esquerda,1-3,,,
3167,C,Espírito Santo,Desktop/Computador de mesa,Parda,Evangélica,Extrema Esquerda,7-10,,,
3168,A,Alagoas,Notebook/Netbook,Indígena,Espírita,Centro Esquerda,>10,,,
3169,E,Alagoas,Notebook/Netbook,Branca,Espírita,Centro Direita,>10,,,
3170,A,Mato Grosso,Tablet,Branca,Católica,Centro Direita,4-6,,,
3171,E,Mato Grosso do Sul,Tablet,Preta,Católica,Extrema Esquerda,<1,,,
3172,E,Distrito Federal,Smartphone/Celular,Branca,Outras,Extrema Esquerda,<1,,,
3173,B,Goiás,Outro,Amarela,Judaíca,Extrema Direita,<1,,,
3174,C,Goiás,Desktop/Computador de mesa,Prefiro não dizer,Judaíca,Não se interessa,<1,,,
3175,D,Mato Grosso do Sul,Tablet,Branca,Outras,Centro Esquerda,>10,,,
3176,B,Goiás,Notebook/Netbook,Indígena,Ateu,Centro Esquerda,4-6,,,
3177,C,Pernambuco,Smartphone/Celular,Branca,Agnóstico,Centro Direita,7-10,,,
3178,A,Paraíba,Desktop/Computador de mesa,Amarela,Ateu,Centro Esquerda,4-6,,,
3179,E,Pernambuco,Desktop/Computador de mesa,Branca,Judaíca,Centro,7-10,,,
3180,E,Amazonas,Outro,Preta,Evangélica,Direita,>10,,,
3181,E,Rio Grande do Norte,Notebook/Netbook,Branca,Ateu,Direita,1-3,,,
3182,C,Alagoas,Desktop/Computador de mesa,Preta,Judaíca,Centro Direita,1-3,,,
3183,A,Mato Grosso,Tablet,Branca,Espírita,Centro,7-10,,,
3184,D,Mato Grosso,Tablet,Indígena,Evangélica,Esquerda,<1,,,
3185,C,Rio Grande do Sul,Notebook/Netbook,Indígena,Evangélica,Direita,1-3,,,
3186,B,Tocantins,Tablet,Preta,Ateu,Extrema Esquerda,7-10,,,
3187,E,Distrito Federal,Desktop/Computador de mesa,Parda,Católica,Extrema Esquerda,<1,,,
3188,E,Minas Gerais,Smartphone/Celular,Branca,Agnóstico,Direita,4-6,,,
3189,B,Amazonas,Outro,Branca,Católica,Centro Esquerda,4-6,,,
3190,A,Alagoas,Tablet,Prefiro não dizer,Judaíca,Centro,<1,,,
3191,C,Roraima,Outro,Preta,Agnóstico,Não se interessa,1-3,,,
3192,D,Pernambuco,Tablet,Preta,Agnóstico,Extrema Esquerda,1-3,,,
3193,D,Roraima,Notebook/Netbook,Preta,Católica,Esquerda,7-10,,,
3194,C,Maranhão,Tablet,Branca,Outras,Extrema Esquerda,>10,,,
3195,A,Rio Grande do Norte,Desktop/Computador de mesa,Preta,Evangélica,Centro Esquerda,1-3,,,
3196,B,Rio de Janeiro,Notebook/Netbook,Branca,Evangélica,Centro Direita,7-10,,,
3197,A,Rio Grande do Norte,Desktop/Computador de mesa,Prefiro não dizer,Católica,Direita,>10,,,
3198,C,São Paulo,Smartphone/Celular,Parda,Evangélica,Não se interessa,7-10,,,
3199,E,Mato Grosso do Sul,Notebook/Netbook,Preta,Evangélica,Extrema Esquerda,1-3,,,
3200,A,Paraná,Outro,Parda,Agnóstico,Extrema Direita,1-3,,,
3201,D,Rio de Janeiro,Desktop/Computador de mesa,Amarela,Católica,Centro Direita,4-6,,,
3202,A,Mato Grosso do Sul,Outro,Branca,Ateu,Centro,4-6,,,
3203,B,Roraima,Tablet,Prefiro não dizer,Agnóstico,Direita,4-6,,,
3204,B,Tocantins,Tablet,Preta,Agnóstico,Direita,1-3,,,
3205,B,Pernambuco,Smartphone/Celular,Prefiro não dizer,Ateu,Centro,1-3,,,
3206,C,Rio Grande do Sul,Smartphone/Celular,Indígena,Agnóstico,Não se interessa,>10,,,
3207,B,Sergipe,Desktop/Computador de mesa,Prefiro não dizer,Espírita,Centro,1-3,,,
3208,B,Rondônia,Outro,Parda,Judaíca,Extrema Esquerda,>10,,,
3209,D,Paraná,Outro,Parda,Ateu,Esquerda,<1,,,
3210,B,Rio de Janeiro,Notebook/Netbook,Amarela,Ateu,Não se interessa,<1,,,
3211,A,São Paulo,Smartphone/Celular,Amarela,Espírita,Direita,>10,,,
3212,B,Espírito Santo,Tablet,Amarela,Evangélica,Não se interessa,7-10,,,
3213,A,Amazonas,Notebook/Netbook,Indígena,Outras,Direita,<1,,,
3214,A,Paraná,Notebook/Netbook,Amarela,Espírita,Direita,1-3,,,
3215,E,São Paulo,Tablet,Prefiro não dizer,Espírita,Não se interessa,4-6,,,
3216,B,Distrito Federal,Desktop/Computador de mesa,Indígena,Evangélica,Centro,7-10,,,
3217,A,Distrito Federal,Tablet,Prefiro não dizer,Evangélica,Centro,1-3,,,
3218,A,Espírito Santo,Notebook/Netbook,Prefiro não dizer,Evangélica,Centro,1-3,,,
3219,D,Paraíba,Tablet,Branca,Católica,Esquerda,1-3,,,
3220,C,Sergipe,Smartphone/Celular,Indígena,Judaíca,Centro Direita,7-10,,,
3221,D,Piauí,Desktop/Computador de mesa,Prefiro não dizer,Espírita,Não se interessa,>10,,,
3222,E,Mato Grosso do Sul,Notebook/Netbook,Prefiro não dizer,Outras,Centro Esquerda,<1,,,
3223,D,Roraima,Outro,Indígena,Ateu,Não se interessa,>10,,,
3224,B,Santa Catarina,Tablet,Amarela,Judaíca,Não se interessa,4-6,,,
3225,D,Sergipe,Outro,Prefiro não dizer,Ateu,Extrema Esquerda,4-6,,,
3226,D,Piauí,Desktop/Computador de mesa,Parda,Evangélica,Centro Esquerda,7-10,,,
3227,D,Distrito Federal,Desktop/Computador de mesa,Branca,Judaíca,Extrema Esquerda,1-3,,,
3228,B,Rio Grande do Norte,Desktop/Computador de mesa,Branca,Católica,Direita,1-3,,,
3229,E,Santa Catarina,Tablet,Preta,Agnóstico,Esquerda,>10,,,
3230,E,Roraima,Outro,Indígena,Evangélica,Não se interessa,1-3,,,
3231,B,Rio Grande do Norte,Smartphone/Celular,Branca,Outras,Não se interessa,7-10,,,
3232,D,Bahia,Tablet,Preta,Agnóstico,Centro,1-3,,,
3233,C,Distrito Federal,Desktop/Computador de mesa,Branca,Católica,Centro,1-3,,,
3234,B,Alagoas,Smartphone/Celular,Prefiro não dizer,Espírita,Extrema Direita,1-3,,,
3235,C,Piauí,Tablet,Indígena,Ateu,Esquerda,4-6,,,
3236,B,Pernambuco,Tablet,Prefiro não dizer,Evangélica,Extrema Direita,<1,,,
3237,C,Ceará,Smartphone/Celular,Parda,Evangélica,Centro Esquerda,1-3,,,
3238,E,Minas Gerais,Desktop/Computador de mesa,Parda,Outras,Centro Esquerda,1-3,,,
3239,E,Maranhão,Outro,Preta,Católica,Extrema Esquerda,4-6,,,
3240,E,Pernambuco,Notebook/Netbook,Indígena,Evangélica,Extrema Esquerda,<1,,,
3241,E,Rio Grande do Norte,Notebook/Netbook,Amarela,Católica,Centro Esquerda,1-3,,,
3242,E,São Paulo,Smartphone/Celular,Amarela,Ateu,Centro Direita,>10,,,
3243,A,Goiás,Notebook/Netbook,Branca,Outras,Esquerda,4-6,,,
3244,D,Amapá,Tablet,Preta,Evangélica,Extrema Direita,7-10,,,
3245,B,Roraima,Notebook/Netbook,Prefiro não dizer,Católica,Não se interessa,4-6,,,
3246,C,Paraíba,Outro,Parda,Agnóstico,Centro Esquerda,<1,,,
3247,B,Espírito Santo,Outro,Preta,Evangélica,Centro Esquerda,1-3,,,
3248,C,Alagoas,Smartphone/Celular,Parda,Evangélica,Direita,>10,,,
3249,A,Espírito Santo,Smartphone/Celular,Amarela,Ateu,Centro Esquerda,4-6,,,
3250,C,Rio de Janeiro,Desktop/Computador de mesa,Prefiro não dizer,Evangélica,Centro Esquerda,<1,,,
3251,D,Alagoas,Desktop/Computador de mesa,Prefiro não dizer,Ateu,Centro Direita,4-6,,,
3252,C,Maranhão,Outro,Preta,Outras,Centro Direita,7-10,,,
3253,D,Tocantins,Tablet,Preta,Ateu,Extrema Esquerda,<1,,,
3254,B,Santa Catarina,Outro,Indígena,Católica,Esquerda,<1,,,
3255,B,Piauí,Smartphone/Celular,Preta,Espírita,Não se interessa,4-6,,,
3256,C,Tocantins,Notebook/Netbook,Preta,Judaíca,Não se interessa,1-3,,,
3257,A,Roraima,Notebook/Netbook,Amarela,Outras,Centro,1-3,,,
3258,E,Rio Grande do Norte,Outro,Parda,Espírita,Extrema Direita,1-3,,,
3259,D,Tocantins,Smartphone/Celular,Preta,Evangélica,Centro,<1,,,
3260,B,Mato Grosso,Notebook/Netbook,Parda,Católica,Centro Esquerda,1-3,,,
3261,E,Rondônia,Smartphone/Celular,Branca,Judaíca,Centro,<1,,,
3262,A,Rio Grande do Norte,Outro,Indígena,Evangélica,Esquerda,<1,,,
3263,B,Amazonas,Desktop/Computador de mesa,Indígena,Católica,Centro Esquerda,4-6,,,
3264,C,Alagoas,Tablet,Amarela,Outras,Não se interessa,<1,,,
3265,B,Mato Grosso,Desktop/Computador de mesa,Prefiro não dizer,Evangélica,Esquerda,4-6,,,
3266,C,Goiás,Tablet,Branca,Outras,Não se interessa,4-6,,,
3267,E,Minas Gerais,Notebook/Netbook,Preta,Ateu,Esquerda,>10,,,
3268,D,Pernambuco,Notebook/Netbook,Amarela,Agnóstico,Não se interessa,7-10,,,
3269,E,Espírito Santo,Outro,Amarela,Agnóstico,Não se interessa,>10,,,
3270,D,Acre,Tablet,Preta,Evangélica,Extrema Direita,>10,,,
3271,D,São Paulo,Notebook/Netbook,Indígena,Evangélica,Direita,>10,,,
3272,E,Roraima,Outro,Branca,Outras,Não se interessa,4-6,,,
3273,E,Tocantins,Outro,Preta,Católica,Extrema Direita,>10,,,
3274,C,Mato Grosso,Notebook/Netbook,Indígena,Católica,Esquerda,7-10,,,
3275,D,Mato Grosso do Sul,Notebook/Netbook,Indígena,Ateu,Extrema Esquerda,1-3,,,
3276,B,Goiás,Tablet,Preta,Ateu,Centro Esquerda,<1,,,
3277,C,Alagoas,Tablet,Amarela,Judaíca,Extrema Esquerda,1-3,,,
3278,D,Rio Grande do Norte,Outro,Parda,Evangélica,Centro Direita,<1,,,
3279,E,Espírito Santo,Tablet,Preta,Agnóstico,Não se interessa,7-10,,,
3280,A,Pernambuco,Outro,Preta,Outras,Direita,>10,,,
3281,E,Minas Gerais,Tablet,Parda,Espírita,Extrema Esquerda,>10,,,
3282,E,Goiás,Outro,Indígena,Católica,Não se interessa,<1,,,
3283,E,Rondônia,Outro,Preta,Ateu,Direita,>10,,,
3284,E,São Paulo,Outro,Amarela,Outras,Extrema Direita,1-3,,,
3285,A,Acre,Notebook/Netbook,Prefiro não dizer,Católica,Extrema Esquerda,4-6,,,
3286,A,São Paulo,Smartphone/Celular,Prefiro não dizer,Católica,Extrema Esquerda,>10,,,
3287,E,Goiás,Smartphone/Celular,Branca,Ateu,Não se interessa,>10,,,
3288,E,Espírito Santo,Outro,Preta,Agnóstico,Extrema Direita,<1,,,
3289,B,Alagoas,Notebook/Netbook,Prefiro não dizer,Católica,Extrema Direita,1-3,,,
3290,E,Minas Gerais,Tablet,Indígena,Evangélica,Não se interessa,<1,,,
3291,A,Tocantins,Smartphone/Celular,Branca,Católica,Extrema Direita,>10,,,
3292,E,Amapá,Tablet,Parda,Evangélica,Centro,7-10,,,
3293,D,Paraná,Desktop/Computador de mesa,Amarela,Judaíca,Direita,7-10,,,
3294,B,Santa Catarina,Notebook/Netbook,Amarela,Católica,Não se interessa,4-6,,,
3295,E,Amapá,Desktop/Computador de mesa,Indígena,Judaíca,Extrema Direita,<1,,,
3296,D,Espírito Santo,Outro,Parda,Evangélica,Centro,4-6,,,
3297,C,Paraíba,Notebook/Netbook,Branca,Evangélica,Centro,7-10,,,
3298,D,Sergipe,Desktop/Computador de mesa,Indígena,Judaíca,Direita,4-6,,,
3299,E,Mato Grosso,Desktop/Computador de mesa,Prefiro não dizer,Católica,Esquerda,4-6,,,
3300,B,Rio Grande do Sul,Outro,Preta,Judaíca,Centro Esquerda,4-6,,,
3301,E,Tocantins,Desktop/Computador de mesa,Branca,Ateu,Não se interessa,1-3,,,
3302,B,Rio Grande do Norte,Tablet,Prefiro não dizer,Espírita,Direita,7-10,,,
3303,D,Distrito Federal,Notebook/Netbook,Amarela,Católica,Extrema Esquerda,4-6,,,
3304,A,Rio Grande do Sul,Notebook/Netbook,Parda,Evangélica,Centro Direita,1-3,,,
3305,E,Mato Grosso,Outro,Indígena,Espírita,Direita,<1,,,
3306,A,Minas Gerais,Tablet,Amarela,Espírita,Extrema Direita,<1,,,
3307,A,Piauí,Desktop/Computador de mesa,Preta,Ateu,Não se interessa,>10,,,
3308,D,Rio Grande do Norte,Smartphone/Celular,Prefiro não dizer,Agnóstico,Centro,1-3,,,
3309,B,Sergipe,Smartphone/Celular,Preta,Espírita,Esquerda,4-6,,,
3310,D,Rio de Janeiro,Notebook/Netbook,Parda,Agnóstico,Não se interessa,<1,,,
3311,B,Rio de Janeiro,Tablet,Indígena,Espírita,Extrema Esquerda,4-6,,,
3312,A,Paraná,Smartphone/Celular,Prefiro não dizer,Ateu,Centro Esquerda,4-6,,,
3313,A,Piauí,Tablet,Preta,Agnóstico,Centro,<1,,,
3314,E,Roraima,Tablet,Indígena,Espírita,Extrema Direita,4-6,,,
3315,E,Rio Grande do Norte,Tablet,Parda,Evangélica,Centro Direita,1-3,,,
3316,D,Piauí,Desktop/Computador de mesa,Amarela,Católica,Centro Esquerda,1-3,,,
3317,E,Rio Grande do Sul,Tablet,Parda,Outras,Direita,4-6,,,
3318,C,Paraíba,Desktop/Computador de mesa,Parda,Agnóstico,Extrema Direita,7-10,,,
3319,C,Rio Grande do Sul,Smartphone/Celular,Indígena,Agnóstico,Não se interessa,>10,,,
3320,E,Bahia,Tablet,Prefiro não dizer,Espírita,Centro,7-10,,,
3321,D,Paraíba,Notebook/Netbook,Parda,Espírita,Centro Direita,7-10,,,
3322,E,Bahia,Smartphone/Celular,Prefiro não dizer,Espírita,Esquerda,7-10,,,
3323,C,Ceará,Smartphone/Celular,Indígena,Ateu,Esquerda,4-6,,,
3324,E,Bahia,Smartphone/Celular,Parda,Ateu,Direita,1-3,,,
3325,E,Goiás,Outro,Parda,Agnóstico,Direita,4-6,,,
3326,C,Rondônia,Desktop/Computador de mesa,Prefiro não dizer,Evangélica,Não se interessa,>10,,,
3327,C,Minas Gerais,Desktop/Computador de mesa,Indígena,Agnóstico,Direita,>10,,,
3328,A,Mato Grosso,Smartphone/Celular,Indígena,Católica,Esquerda,<1,,,
3329,C,Piauí,Tablet,Parda,Judaíca,Direita,4-6,,,
3330,C,Distrito Federal,Notebook/Netbook,Parda,Ateu,Não se interessa,1-3,,,
3331,B,Distrito Federal,Tablet,Branca,Espírita,Não se interessa,4-6,,,
3332,C,Pará,Desktop/Computador de mesa,Prefiro não dizer,Ateu,Direita,>10,,,
3333,D,Bahia,Desktop/Computador de mesa,Preta,Espírita,Extrema Esquerda,7-10,,,
3334,C,Pará,Desktop/Computador de mesa,Parda,Outras,Centro Esquerda,>10,,,
3335,B,Pernambuco,Outro,Amarela,Espírita,Extrema Esquerda,7-10,,,
3336,C,Maranhão,Outro,Prefiro não dizer,Espírita,Centro Direita,1-3,,,
3337,C,Pernambuco,Outro,Indígena,Evangélica,Centro Direita,<1,,,
3338,D,Rondônia,Desktop/Computador de mesa,Branca,Evangélica,Não se interessa,7-10,,,
3339,B,Rio Grande do Sul,Desktop/Computador de mesa,Amarela,Agnóstico,Extrema Esquerda,1-3,,,
3340,B,Sergipe,Notebook/Netbook,Amarela,Agnóstico,Direita,1-3,,,
3341,D,Tocantins,Desktop/Computador de mesa,Indígena,Espírita,Esquerda,1-3,,,
3342,E,Rio Grande do Sul,Tablet,Prefiro não dizer,Agnóstico,Centro,<1,,,
3343,A,Mato Grosso,Notebook/Netbook,Prefiro não dizer,Católica,Não se interessa,7-10,,,
3344,D,Santa Catarina,Outro,Parda,Outras,Centro,1-3,,,
3345,A,Espírito Santo,Outro,Branca,Espírita,Centro Esquerda,1-3,,,
3346,E,Santa Catarina,Notebook/Netbook,Branca,Evangélica,Centro Direita,>10,,,
3347,A,Maranhão,Tablet,Branca,Judaíca,Esquerda,7-10,,,
3348,C,Mato Grosso do Sul,Smartphone/Celular,Parda,Agnóstico,Centro,<1,,,
3349,D,Distrito Federal,Tablet,Amarela,Judaíca,Centro Direita,<1,,,
3350,A,Paraíba,Smartphone/Celular,Amarela,Evangélica,Extrema Esquerda,4-6,,,
3351,B,Paraíba,Desktop/Computador de mesa,Preta,Espírita,Não se interessa,<1,,,
3352,B,São Paulo,Smartphone/Celular,Indígena,Judaíca,Extrema Esquerda,7-10,,,
3353,E,Mato Grosso do Sul,Notebook/Netbook,Branca,Agnóstico,Não se interessa,7-10,,,
3354,A,Tocantins,Desktop/Computador de mesa,Amarela,Agnóstico,Esquerda,>10,,,
3355,C,Rio de Janeiro,Smartphone/Celular,Branca,Espírita,Extrema Esquerda,1-3,,,
3356,C,Paraná,Notebook/Netbook,Prefiro não dizer,Espírita,Extrema Esquerda,7-10,,,
3357,E,Rio Grande do Norte,Tablet,Preta,Evangélica,Extrema Esquerda,1-3,,,
3358,B,Maranhão,Outro,Preta,Outras,Centro Direita,4-6,,,
3359,D,Bahia,Notebook/Netbook,Amarela,Católica,Extrema Direita,<1,,,
3360,B,Mato Grosso,Notebook/Netbook,Branca,Espírita,Centro Direita,1-3,,,
3361,C,Rio de Janeiro,Notebook/Netbook,Indígena,Espírita,Extrema Direita,7-10,,,
3362,E,Rondônia,Desktop/Computador de mesa,Branca,Agnóstico,Centro Direita,<1,,,
3363,C,Bahia,Desktop/Computador de mesa,Indígena,Católica,Centro Direita,4-6,,,
3364,E,Rio Grande do Norte,Desktop/Computador de mesa,Preta,Espírita,Extrema Esquerda,7-10,,,
3365,E,Pará,Outro,Branca,Outras,Centro Esquerda,>10,,,
3366,A,Acre,Notebook/Netbook,Parda,Espírita,Extrema Direita,4-6,,,
3367,C,Mato Grosso,Smartphone/Celular,Preta,Agnóstico,Extrema Esquerda,<1,,,
3368,B,Roraima,Tablet,Parda,Espírita,Extrema Direita,<1,,,
3369,E,Paraná,Tablet,Amarela,Judaíca,Centro Esquerda,7-10,,,
3370,A,Piauí,Smartphone/Celular,Preta,Ateu,Não se interessa,<1,,,
3371,B,Rio Grande do Sul,Notebook/Netbook,Preta,Ateu,Centro,<1,,,
3372,B,Maranhão,Smartphone/Celular,Indígena,Católica,Direita,>10,,,
3373,B,Rio Grande do Norte,Tablet,Preta,Evangélica,Extrema Direita,7-10,,,
3374,B,Pará,Desktop/Computador de mesa,Parda,Agnóstico,Não se interessa,4-6,,,
3375,C,Pará,Desktop/Computador de mesa,Branca,Outras,Extrema Esquerda,7-10,,,
3376,A,Sergipe,Notebook/Netbook,Indígena,Evangélica,Centro,4-6,,,
3377,B,Ceará,Notebook/Netbook,Branca,Espírita,Não se interessa,4-6,,,
3378,A,Alagoas,Smartphone/Celular,Indígena,Outras,Extrema Esquerda,1-3,,,
3379,B,Ceará,Smartphone/Celular,Branca,Outras,Centro,7-10,,,
3380,E,Amapá,Outro,Branca,Espírita,Esquerda,7-10,,,
3381,B,Paraíba,Tablet,Prefiro não dizer,Evangélica,Extrema Esquerda,7-10,,,
3382,B,Espírito Santo,Desktop/Computador de mesa,Parda,Agnóstico,Centro Direita,4-6,,,
3383,D,São Paulo,Desktop/Computador de mesa,Branca,Ateu,Centro Esquerda,4-6,,,
3384,B,Sergipe,Desktop/Computador de mesa,Preta,Agnóstico,Não se interessa,1-3,,,
3385,B,Roraima,Tablet,Branca,Católica,Centro,<1,,,
3386,C,Pará,Notebook/Netbook,Branca,Católica,Esquerda,4-6,,,
3387,B,Paraná,Notebook/Netbook,Preta,Evangélica,Esquerda,<1,,,
3388,A,Roraima,Desktop/Computador de mesa,Preta,Agnóstico,Não se interessa,>10,,,
3389,C,Minas Gerais,Outro,Branca,Outras,Direita,4-6,,,
3390,E,Rio Grande do Sul,Notebook/Netbook,Branca,Judaíca,Centro,>10,,,
3391,D,Alagoas,Smartphone/Celular,Branca,Evangélica,Centro,4-6,,,
3392,E,Paraíba,Outro,Amarela,Evangélica,Centro,>10,,,
3393,A,Maranhão,Desktop/Computador de mesa,Preta,Judaíca,Centro Esquerda,<1,,,
3394,D,Espírito Santo,Smartphone/Celular,Indígena,Ateu,Esquerda,>10,,,
3395,E,Distrito Federal,Outro,Amarela,Judaíca,Esquerda,>10,,,
3396,E,Espírito Santo,Desktop/Computador de mesa,Parda,Ateu,Não se interessa,4-6,,,
3397,C,Tocantins,Tablet,Parda,Católica,Não se interessa,7-10,,,
3398,B,Pará,Notebook/Netbook,Indígena,Agnóstico,Extrema Esquerda,<1,,,
3399,E,Pernambuco,Tablet,Parda,Agnóstico,Extrema Esquerda,>10,,,
3400,B,Pará,Desktop/Computador de mesa,Parda,Judaíca,Extrema Direita,1-3,,,
3401,A,Rondônia,Notebook/Netbook,Amarela,Agnóstico,Esquerda,4-6,,,
3402,A,São Paulo,Tablet,Branca,Judaíca,Centro,1-3,,,
3403,B,Pernambuco,Desktop/Computador de mesa,Indígena,Ateu,Extrema Esquerda,1-3,,,
3404,D,São Paulo,Desktop/Computador de mesa,Amarela,Ateu,Não se interessa,4-6,,,
3405,D,Rio de Janeiro,Tablet,Parda,Evangélica,Extrema Direita,1-3,,,
3406,A,Bahia,Smartphone/Celular,Preta,Judaíca,Centro,4-6,,,
3407,D,Santa Catarina,Tablet,Prefiro não dizer,Evangélica,Extrema Direita,>10,,,
3408,E,São Paulo,Outro,Amarela,Outras,Centro Esquerda,7-10,,,
3409,D,Santa Catarina,Notebook/Netbook,Prefiro não dizer,Espírita,Direita,>10,,,
3410,C,Distrito Federal,Outro,Prefiro não dizer,Evangélica,Centro,1-3,,,
3411,D,Pará,Smartphone/Celular,Amarela,Ateu,Centro Esquerda,1-3,,,
3412,C,Santa Catarina,Notebook/Netbook,Branca,Evangélica,Centro Direita,1-3,,,
3413,C,Rondônia,Outro,Indígena,Católica,Centro Direita,7-10,,,
3414,B,Bahia,Outro,Indígena,Católica,Centro,4-6,,,
3415,C,São Paulo,Outro,Preta,Ateu,Centro Direita,1-3,,,
3416,B,Rondônia,Outro,Parda,Ateu,Extrema Direita,1-3,,,
3417,B,Ceará,Notebook/Netbook,Branca,Católica,Direita,>10,,,
3418,C,Amapá,Desktop/Computador de mesa,Amarela,Espírita,Extrema Esquerda,1-3,,,
3419,E,Bahia,Desktop/Computador de mesa,Parda,Católica,Extrema Direita,<1,,,
3420,C,Acre,Tablet,Branca,Espírita,Não se interessa,<1,,,
3421,B,Distrito Federal,Notebook/Netbook,Branca,Judaíca,Extrema Esquerda,<1,,,
3422,E,Bahia,Smartphone/Celular,Preta,Ateu,Esquerda,7-10,,,
3423,E,Distrito Federal,Outro,Prefiro não dizer,Ateu,Esquerda,4-6,,,
3424,D,Amazonas,Outro,Parda,Espírita,Extrema Esquerda,<1,,,
3425,E,Piauí,Outro,Indígena,Espírita,Centro,7-10,,,
3426,C,São Paulo,Smartphone/Celular,Branca,Espírita,Direita,<1,,,
3427,B,São Paulo,Desktop/Computador de mesa,Preta,Outras,Direita,<1,,,
3428,C,Ceará,Notebook/Netbook,Preta,Católica,Extrema Esquerda,4-6,,,
3429,D,Espírito Santo,Desktop/Computador de mesa,Parda,Evangélica,Esquerda,4-6,,,
3430,E,Bahia,Smartphone/Celular,Amarela,Agnóstico,Direita,<1,,,
3431,C,Ceará,Notebook/Netbook,Prefiro não dizer,Católica,Centro Esquerda,4-6,,,
3432,D,Ceará,Desktop/Computador de mesa,Indígena,Outras,Esquerda,<1,,,
3433,A,Ceará,Tablet,Amarela,Judaíca,Direita,4-6,,,
3434,C,Roraima,Tablet,Parda,Judaíca,Centro Direita,7-10,,,
3435,B,Santa Catarina,Tablet,Preta,Judaíca,Extrema Direita,4-6,,,
3436,B,Goiás,Notebook/Netbook,Preta,Ateu,Esquerda,>10,,,
3437,B,Rio Grande do Sul,Smartphone/Celular,Indígena,Judaíca,Esquerda,7-10,,,
3438,C,Amazonas,Outro,Indígena,Agnóstico,Direita,7-10,,,
3439,C,Acre,Outro,Preta,Judaíca,Direita,>10,,,
3440,B,Mato Grosso do Sul,Notebook/Netbook,Preta,Agnóstico,Centro Direita,>10,,,
3441,B,Rio Grande do Sul,Outro,Prefiro não dizer,Católica,Extrema Esquerda,1-3,,,
3442,E,Rio de Janeiro,Notebook/Netbook,Preta,Evangélica,Centro Direita,4-6,,,
3443,A,Santa Catarina,Notebook/Netbook,Prefiro não dizer,Ateu,Centro Esquerda,4-6,,,
3444,A,Alagoas,Desktop/Computador de mesa,Indígena,Católica,Extrema Direita,<1,,,
3445,A,Rio Grande do Norte,Notebook/Netbook,Branca,Ateu,Esquerda,1-3,,,
3446,E,Amapá,Outro,Branca,Ateu,Centro Direita,4-6,,,
3447,A,Goiás,Notebook/Netbook,Branca,Católica,Extrema Direita,7-10,,,
3448,A,Piauí,Tablet,Branca,Ateu,Direita,<1,,,
3449,E,Paraíba,Tablet,Parda,Evangélica,Extrema Direita,<1,,,
3450,E,Espírito Santo,Outro,Prefiro não dizer,Judaíca,Centro Esquerda,4-6,,,
3451,E,Bahia,Notebook/Netbook,Indígena,Ateu,Não se interessa,>10,,,
3452,E,Amapá,Notebook/Netbook,Amarela,Agnóstico,Centro,>10,,,
3453,C,Santa Catarina,Tablet,Amarela,Agnóstico,Não se interessa,>10,,,
3454,A,Distrito Federal,Desktop/Computador de mesa,Branca,Católica,Não se interessa,4-6,,,
3455,B,Tocantins,Outro,Branca,Agnóstico,Extrema Direita,1-3,,,
3456,E,São Paulo,Tablet,Parda,Agnóstico,Centro Direita,<1,,,
3457,B,Amapá,Notebook/Netbook,Indígena,Ateu,Não se interessa,7-10,,,
3458,D,Santa Catarina,Desktop/Computador de mesa,Branca,Agnóstico,Extrema Direita,>10,,,
3459,A,Santa Catarina,Tablet,Preta,Espírita,Esquerda,<1,,,
3460,B,Mato Grosso,Notebook/Netbook,Prefiro não dizer,Evangélica,Centro Esquerda,<1,,,
3461,B,Pernambuco,Desktop/Computador de mesa,Amarela,Judaíca,Não se interessa,<1,,,
3462,C,Paraná,Desktop/Computador de mesa,Indígena,Católica,Centro Direita,7-10,,,
3463,D,Piauí,Outro,Amarela,Outras,Não se interessa,7-10,,,
3464,E,Mato Grosso do Sul,Outro,Branca,Espírita,Extrema Direita,<1,,,
3465,C,Pará,Smartphone/Celular,Indígena,Espírita,Extrema Direita,<1,,,
3466,D,Pernambuco,Tablet,Parda,Católica,Direita,1-3,,,
3467,C,Tocantins,Outro,Amarela,Agnóstico,Direita,4-6,,,
3468,A,Mato Grosso do Sul,Notebook/Netbook,Amarela,Agnóstico,Extrema Esquerda,1-3,,,
3469,C,Mato Grosso,Tablet,Branca,Outras,Centro Direita,<1,,,
3470,E,São Paulo,Outro,Parda,Espírita,Centro Esquerda,1-3,,,
3471,C,Amapá,Notebook/Netbook,Amarela,Outras,Extrema Direita,<1,,,
3472,E,Distrito Federal,Desktop/Computador de mesa,Preta,Judaíca,Não se interessa,<1,,,
3473,E,Paraná,Notebook/Netbook,Branca,Católica,Não se interessa,7-10,,,
3474,C,Amazonas,Smartphone/Celular,Prefiro não dizer,Judaíca,Extrema Direita,1-3,,,
3475,D,Sergipe,Notebook/Netbook,Parda,Católica,Centro,<1,,,
3476,C,Bahia,Desktop/Computador de mesa,Branca,Espírita,Direita,<1,,,
3477,B,Espírito Santo,Desktop/Computador de mesa,Branca,Evangélica,Centro,>10,,,
3478,D,Espírito Santo,Smartphone/Celular,Prefiro não dizer,Católica,Direita,>10,,,
3479,E,Mato Grosso,Desktop/Computador de mesa,Preta,Ateu,Não se interessa,4-6,,,
3480,A,Espírito Santo,Tablet,Indígena,Evangélica,Direita,4-6,,,
3481,C,Espírito Santo,Smartphone/Celular,Prefiro não dizer,Ateu,Centro Esquerda,1-3,,,
3482,C,Amapá,Desktop/Computador de mesa,Preta,Católica,Centro,7-10,,,
3483,A,Piauí,Desktop/Computador de mesa,Prefiro não dizer,Espírita,Direita,7-10,,,
3484,A,Paraná,Smartphone/Celular,Parda,Espírita,Extrema Direita,>10,,,
3485,E,Mato Grosso,Tablet,Prefiro não dizer,Judaíca,Centro Direita,7-10,,,
3486,A,Ceará,Smartphone/Celular,Branca,Evangélica,Centro,7-10,,,
3487,D,Piauí,Smartphone/Celular,Branca,Evangélica,Extrema Esquerda,>10,,,
3488,B,Distrito Federal,Smartphone/Celular,Amarela,Católica,Extrema Esquerda,1-3,,,
3489,D,Acre,Smartphone/Celular,Preta,Agnóstico,Extrema Esquerda,1-3,,,
3490,E,Goiás,Notebook/Netbook,Amarela,Agnóstico,Direita,1-3,,,
3491,D,Tocantins,Outro,Indígena,Agnóstico,Centro,1-3,,,
3492,C,Rio Grande do Norte,Outro,Branca,Ateu,Centro,1-3,,,
3493,A,Goiás,Tablet,Parda,Espírita,Centro Direita,1-3,,,
3494,D,Minas Gerais,Smartphone/Celular,Indígena,Outras,Centro,>10,,,
3495,E,Minas Gerais,Desktop/Computador de mesa,Prefiro não dizer,Espírita,Centro Direita,7-10,,,
3496,C,Rondônia,Notebook/Netbook,Preta,Agnóstico,Extrema Direita,<1,,,
3497,D,Goiás,Smartphone/Celular,Prefiro não dizer,Católica,Direita,<1,,,
3498,C,Paraná,Notebook/Netbook,Preta,Espírita,Centro,7-10,,,
3499,A,Ceará,Tablet,Amarela,Judaíca,Centro Esquerda,7-10,,,
3500,E,Ceará,Desktop/Computador de mesa,Branca,Católica,Esquerda,1-3,,,
3501,D,Amapá,Notebook/Netbook,Indígena,Espírita,Direita,4-6,,,
3502,C,Pará,Smartphone/Celular,Indígena,Espírita,Não se interessa,<1,,,
3503,D,Tocantins,Outro,Amarela,Outras,Extrema Esquerda,>10,,,
3504,D,Tocantins,Outro,Prefiro não dizer,Agnóstico,Esquerda,7-10,,,
3505,C,Minas Gerais,Desktop/Computador de mesa,Prefiro não dizer,Espírita,Centro Direita,<1,,,
3506,B,Minas Gerais,Tablet,Parda,Evangélica,Extrema Esquerda,>10,,,
3507,B,Alagoas,Desktop/Computador de mesa,Amarela,Outras,Extrema Direita,7-10,,,
3508,E,Acre,Smartphone/Celular,Amarela,Outras,Centro Direita,7-10,,,
3509,A,Alagoas,Desktop/Computador de mesa,Prefiro não dizer,Católica,Extrema Esquerda,1-3,,,
3510,A,Pernambuco,Notebook/Netbook,Indígena,Espírita,Extrema Direita,<1,,,
3511,B,Piauí,Smartphone/Celular,Indígena,Agnóstico,Centro Esquerda,<1,,,
3512,A,Maranhão,Smartphone/Celular,Parda,Outras,Extrema Direita,7-10,,,
3513,A,Ceará,Notebook/Netbook,Amarela,Ateu,Esquerda,1-3,,,
3514,B,Maranhão,Notebook/Netbook,Prefiro não dizer,Ateu,Centro Esquerda,7-10,,,
3515,B,Paraíba,Notebook/Netbook,Preta,Evangélica,Direita,>10,,,
3516,A,São Paulo,Notebook/Netbook,Preta,Outras,Centro Esquerda,4-6,,,
3517,C,Pará,Notebook/Netbook,Parda,Espírita,Centro Esquerda,1-3,,,
3518,A,Santa Catarina,Outro,Indígena,Espírita,Extrema Esquerda,4-6,,,
3519,A,Rio Grande do Norte,Outro,Amarela,Agnóstico,Extrema Esquerda,1-3,,,
3520,C,Rio Grande do Sul,Desktop/Computador de mesa,Prefiro não dizer,Ateu,Extrema Direita,7-10,,,
3521,C,Espírito Santo,Smartphone/Celular,Amarela,Judaíca,Não se interessa,1-3,,,
3522,B,Alagoas,Smartphone/Celular,Prefiro não dizer,Outras,Esquerda,>10,,,
3523,A,Pará,Notebook/Netbook,Prefiro não dizer,Judaíca,Extrema Direita,>10,,,
3524,A,Sergipe,Smartphone/Celular,Parda,Católica,Esquerda,4-6,,,
3525,B,Piauí,Outro,Branca,Judaíca,Centro,7-10,,,
3526,B,Roraima,Outro,Indígena,Outras,Centro Esquerda,<1,,,
3527,C,Rio de Janeiro,Smartphone/Celular,Amarela,Católica,Centro Esquerda,4-6,,,
3528,C,Rio Grande do Norte,Smartphone/Celular,Preta,Judaíca,Esquerda,4-6,,,
3529,B,Rio Grande do Norte,Notebook/Netbook,Preta,Evangélica,Centro Esquerda,>10,,,
3530,B,Espírito Santo,Desktop/Computador de mesa,Indígena,Ateu,Centro Esquerda,1-3,,,
3531,B,Distrito Federal,Tablet,Parda,Outras,Direita,4-6,,,
3532,D,Maranhão,Notebook/Netbook,Preta,Judaíca,Centro Esquerda,4-6,,,
3533,B,Ceará,Desktop/Computador de mesa,Prefiro não dizer,Outras,Centro Esquerda,<1,,,
3534,D,Rio Grande do Sul,Desktop/Computador de mesa,Preta,Espírita,Centro Esquerda,4-6,,,
3535,D,Espírito Santo,Desktop/Computador de mesa,Parda,Judaíca,Centro,7-10,,,
3536,A,Roraima,Notebook/Netbook,Prefiro não dizer,Evangélica,Centro Esquerda,<1,,,
3537,E,Amapá,Desktop/Computador de mesa,Amarela,Católica,Esquerda,7-10,,,
3538,C,Goiás,Desktop/Computador de mesa,Parda,Católica,Extrema Direita,<1,,,
3539,D,Mato Grosso,Tablet,Preta,Outras,Não se interessa,>10,,,
3540,C,Espírito Santo,Notebook/Netbook,Amarela,Evangélica,Extrema Esquerda,>10,,,
3541,E,Piauí,Tablet,Indígena,Evangélica,Extrema Direita,4-6,,,
3542,D,Alagoas,Notebook/Netbook,Branca,Católica,Centro Direita,1-3,,,
3543,E,Paraná,Outro,Indígena,Outras,Extrema Direita,7-10,,,
3544,C,Rio de Janeiro,Outro,Preta,Ateu,Esquerda,<1,,,
3545,B,Tocantins,Notebook/Netbook,Preta,Espírita,Extrema Direita,>10,,,
3546,A,Goiás,Tablet,Preta,Evangélica,Direita,1-3,,,
3547,C,Acre,Outro,Prefiro não dizer,Ateu,Esquerda,7-10,,,
3548,A,Paraná,Notebook/Netbook,Parda,Ateu,Esquerda,<1,,,
3549,A,Mato Grosso,Tablet,Indígena,Outras,Centro Direita,>10,,,
3550,B,Mato Grosso do Sul,Smartphone/Celular,Prefiro não dizer,Católica,Esquerda,4-6,,,
3551,A,Mato Grosso do Sul,Outro,Preta,Católica,Não se interessa,7-10,,,
3552,A,Amapá,Smartphone/Celular,Preta,Outras,Extrema Direita,<1,,,
3553,E,Tocantins,Notebook/Netbook,Branca,Ateu,Centro Esquerda,>10,,,
3554,A,Rio Grande do Norte,Tablet,Preta,Judaíca,Esquerda,1-3,,,
3555,E,Paraíba,Desktop/Computador de mesa,Indígena,Agnóstico,Centro,7-10,,,
3556,C,Pará,Desktop/Computador de mesa,Branca,Outras,Extrema Direita,>10,,,
3557,A,Mato Grosso do Sul,Smartphone/Celular,Parda,Judaíca,Centro Esquerda,<1,,,
3558,E,Rio de Janeiro,Notebook/Netbook,Branca,Católica,Não se interessa,<1,,,
3559,A,Amazonas,Desktop/Computador de mesa,Preta,Espírita,Não se interessa,>10,,,
3560,E,Amapá,Outro,Branca,Agnóstico,Esquerda,<1,,,
3561,E,Bahia,Smartphone/Celular,Indígena,Espírita,Extrema Direita,7-10,,,
3562,A,Ceará,Notebook/Netbook,Branca,Outras,Centro Esquerda,<1,,,
3563,A,Rio Grande do Norte,Tablet,Parda,Outras,Esquerda,7-10,,,
3564,E,Pará,Smartphone/Celular,Parda,Evangélica,Direita,<1,,,
3565,E,Rio Grande do Norte,Desktop/Computador de mesa,Prefiro não dizer,Espírita,Extrema Esquerda,1-3,,,
3566,E,Bahia,Notebook/Netbook,Prefiro não dizer,Ateu,Centro Esquerda,<1,,,
3567,C,Distrito Federal,Tablet,Branca,Agnóstico,Esquerda,<1,,,
3568,B,Alagoas,Tablet,Prefiro não dizer,Católica,Centro,>10,,,
3569,A,Rio de Janeiro,Desktop/Computador de mesa,Indígena,Evangélica,Extrema Direita,>10,,,
3570,E,Rondônia,Tablet,Prefiro não dizer,Católica,Extrema Esquerda,<1,,,
3571,C,Pará,Smartphone/Celular,Indígena,Judaíca,Centro Direita,1-3,,,
3572,D,Rio Grande do Sul,Outro,Amarela,Outras,Esquerda,4-6,,,
3573,C,Goiás,Notebook/Netbook,Parda,Agnóstico,Esquerda,<1,,,
3574,A,Ceará,Outro,Indígena,Judaíca,Centro Direita,<1,,,
3575,A,Rio Grande do Norte,Outro,Preta,Agnóstico,Extrema Esquerda,4-6,,,
3576,E,Paraíba,Notebook/Netbook,Amarela,Evangélica,Centro Esquerda,>10,,,
3577,B,Amazonas,Outro,Parda,Judaíca,Centro,7-10,,,
3578,C,Amapá,Smartphone/Celular,Amarela,Judaíca,Extrema Esquerda,<1,,,
3579,B,Sergipe,Notebook/Netbook,Preta,Católica,Centro,7-10,,,
3580,C,Pernambuco,Tablet,Branca,Evangélica,Centro Direita,1-3,,,
3581,A,Goiás,Outro,Preta,Ateu,Não se interessa,7-10,,,
3582,A,Maranhão,Outro,Prefiro não dizer,Judaíca,Extrema Direita,7-10,,,
3583,D,Goiás,Outro,Branca,Ateu,Direita,<1,,,
3584,D,Pará,Tablet,Branca,Evangélica,Não se interessa,7-10,,,
3585,D,Rio Grande do Norte,Tablet,Prefiro não dizer,Ateu,Centro Esquerda,1-3,,,
3586,D,Piauí,Outro,Prefiro não dizer,Agnóstico,Extrema Direita,4-6,,,
3587,C,Minas Gerais,Tablet,Preta,Católica,Não se interessa,<1,,,
3588,A,Goiás,Desktop/Computador de mesa,Preta,Agnóstico,Centro Direita,<1,,,
3589,A,Ceará,Notebook/Netbook,Branca,Evangélica,Extrema Direita,>10,,,
3590,A,Distrito Federal,Outro,Prefiro não dizer,Espírita,Direita,<1,,,
3591,B,Bahia,Tablet,Amarela,Evangélica,Centro,7-10,,,
3592,C,Amazonas,Notebook/Netbook,Amarela,Espírita,Não se interessa,7-10,,,
3593,E,Santa Catarina,Outro,Branca,Ateu,Extrema Direita,>10,,,
3594,D,Santa Catarina,Smartphone/Celular,Indígena,Católica,Esquerda,1-3,,,
3595,A,São Paulo,Outro,Amarela,Outras,Direita,<1,,,
3596,C,Espírito Santo,Outro,Indígena,Católica,Não se interessa,4-6,,,
3597,D,Acre,Outro,Indígena,Judaíca,Centro Esquerda,7-10,,,
3598,D,Rio de Janeiro,Notebook/Netbook,Indígena,Outras,Extrema Direita,1-3,,,
3599,E,Mato Grosso,Notebook/Netbook,Preta,Espírita,Extrema Direita,1-3,,,
3600,D,Amapá,Notebook/Netbook,Prefiro não dizer,Espírita,Centro,4-6,,,
3601,C,Rio Grande do Sul,Outro,Amarela,Agnóstico,Esquerda,4-6,,,
3602,E,Paraíba,Smartphone/Celular,Parda,Católica,Não se interessa,4-6,,,
3603,D,Rio Grande do Norte,Tablet,Amarela,Outras,Direita,7-10,,,
3604,A,Goiás,Outro,Indígena,Espírita,Esquerda,4-6,,,
3605,E,Pará,Desktop/Computador de mesa,Branca,Evangélica,Direita,7-10,,,
3606,E,Roraima,Notebook/Netbook,Amarela,Judaíca,Centro Esquerda,<1,,,
3607,E,Rio Grande do Norte,Tablet,Indígena,Judaíca,Não se interessa,1-3,,,
3608,B,Roraima,Smartphone/Celular,Parda,Agnóstico,Centro,<1,,,
3609,D,Bahia,Desktop/Computador de mesa,Branca,Outras,Centro Esquerda,<1,,,
3610,D,Rondônia,Desktop/Computador de mesa,Amarela,Evangélica,Não se interessa,>10,,,
3611,C,São Paulo,Desktop/Computador de mesa,Prefiro não dizer,Ateu,Direita,>10,,,
3612,C,Acre,Desktop/Computador de mesa,Preta,Ateu,Centro Esquerda,>10,,,
3613,C,Pará,Desktop/Computador de mesa,Prefiro não dizer,Outras,Extrema Direita,<1,,,
3614,A,Espírito Santo,Notebook/Netbook,Indígena,Espírita,Direita,<1,,,
3615,C,Bahia,Smartphone/Celular,Parda,Agnóstico,Extrema Direita,7-10,,,
3616,E,Mato Grosso do Sul,Tablet,Parda,Agnóstico,Esquerda,1-3,,,
3617,B,Maranhão,Notebook/Netbook,Parda,Católica,Esquerda,4-6,,,
3618,B,Mato Grosso do Sul,Desktop/Computador de mesa,Branca,Agnóstico,Centro,<1,,,
3619,E,Alagoas,Smartphone/Celular,Preta,Espírita,Extrema Direita,7-10,,,
3620,C,Alagoas,Desktop/Computador de mesa,Prefiro não dizer,Espírita,Centro Direita,1-3,,,
3621,C,Piauí,Outro,Preta,Agnóstico,Direita,7-10,,,
3622,B,Mato Grosso do Sul,Smartphone/Celular,Indígena,Agnóstico,Extrema Esquerda,4-6,,,
3623,C,Paraná,Tablet,Preta,Outras,Direita,4-6,,,
3624,A,Amapá,Desktop/Computador de mesa,Parda,Evangélica,Centro,4-6,,,
3625,D,Goiás,Outro,Parda,Evangélica,Centro Esquerda,>10,,,
3626,B,Maranhão,Outro,Branca,Espírita,Esquerda,1-3,,,
3627,E,Bahia,Desktop/Computador de mesa,Prefiro não dizer,Católica,Centro Direita,7-10,,,
3628,E,Tocantins,Outro,Preta,Espírita,Esquerda,4-6,,,
3629,E,Pernambuco,Tablet,Branca,Evangélica,Extrema Esquerda,<1,,,
3630,B,Paraíba,Tablet,Parda,Outras,Não se interessa,7-10,,,
3631,C,Rondônia,Notebook/Netbook,Indígena,Católica,Centro Direita,7-10,,,
3632,C,Pará,Outro,Indígena,Evangélica,Extrema Direita,7-10,,,
3633,E,Distrito Federal,Outro,Indígena,Evangélica,Centro,1-3,,,
3634,D,Rio Grande do Sul,Outro,Parda,Outras,Direita,>10,,,
3635,E,Pará,Tablet,Prefiro não dizer,Outras,Direita,<1,,,
3636,C,Paraíba,Smartphone/Celular,Parda,Outras,Direita,1-3,,,
3637,B,Pará,Desktop/Computador de mesa,Prefiro não dizer,Católica,Esquerda,>10,,,
3638,B,Alagoas,Outro,Branca,Judaíca,Centro,7-10,,,
3639,D,Santa Catarina,Outro,Branca,Agnóstico,Não se interessa,1-3,,,
3640,E,Espírito Santo,Notebook/Netbook,Amarela,Católica,Centro,>10,,,
3641,C,Tocantins,Tablet,Branca,Ateu,Esquerda,<1,,,
3642,B,Espírito Santo,Smartphone/Celular,Branca,Católica,Direita,1-3,,,
3643,A,Acre,Tablet,Prefiro não dizer,Ateu,Centro Direita,1-3,,,
3644,A,Piauí,Outro,Parda,Outras,Extrema Direita,4-6,,,
3645,D,Roraima,Smartphone/Celular,Parda,Católica,Extrema Esquerda,<1,,,
3646,C,Minas Gerais,Tablet,Branca,Ateu,Extrema Esquerda,4-6,,,
3647,C,Mato Grosso do Sul,Smartphone/Celular,Indígena,Outras,Centro,4-6,,,
3648,E,Rio de Janeiro,Desktop/Computador de mesa,Amarela,Ateu,Centro Esquerda,1-3,,,
3649,D,Pará,Outro,Parda,Outras,Centro Esquerda,<1,,,
3650,D,Paraná,Notebook/Netbook,Prefiro não dizer,Evangélica,Esquerda,1-3,,,
3651,B,Goiás,Desktop/Computador de mesa,Parda,Agnóstico,Centro Esquerda,>10,,,
3652,A,Rio Grande do Norte,Desktop/Computador de mesa,Preta,Ateu,Centro Esquerda,1-3,,,
3653,C,Acre,Notebook/Netbook,Preta,Outras,Centro Esquerda,4-6,,,
3654,B,Mato Grosso,Notebook/Netbook,Amarela,Evangélica,Centro,4-6,,,
3655,A,Rio Grande do Norte,Notebook/Netbook,Amarela,Ateu,Esquerda,1-3,,,
3656,D,Distrito Federal,Tablet,Branca,Evangélica,Extrema Direita,>10,,,
3657,D,Piauí,Notebook/Netbook,Amarela,Católica,Extrema Esquerda,>10,,,
3658,D,Mato Grosso,Tablet,Amarela,Agnóstico,Centro Esquerda,4-6,,,
3659,C,Rio Grande do Sul,Notebook/Netbook,Amarela,Agnóstico,Centro Esquerda,>10,,,
3660,E,Rio Grande do Sul,Tablet,Amarela,Judaíca,Centro Direita,1-3,,,
3661,D,Santa Catarina,Tablet,Prefiro não dizer,Espírita,Esquerda,<1,,,
3662,B,Tocantins,Outro,Amarela,Agnóstico,Direita,>10,,,
3663,D,Roraima,Desktop/Computador de mesa,Branca,Evangélica,Centro Direita,4-6,,,
3664,B,Maranhão,Notebook/Netbook,Prefiro não dizer,Outras,Centro Direita,1-3,,,
3665,E,Minas Gerais,Tablet,Preta,Agnóstico,Não se interessa,4-6,,,
3666,E,Mato Grosso,Notebook/Netbook,Amarela,Espírita,Extrema Direita,<1,,,
3667,C,São Paulo,Notebook/Netbook,Amarela,Evangélica,Extrema Esquerda,1-3,,,
3668,E,Piauí,Desktop/Computador de mesa,Preta,Judaíca,Centro Direita,1-3,,,
3669,D,Rondônia,Notebook/Netbook,Parda,Evangélica,Centro Esquerda,7-10,,,
3670,B,Espírito Santo,Desktop/Computador de mesa,Preta,Ateu,Extrema Esquerda,<1,,,
3671,B,Ceará,Smartphone/Celular,Branca,Agnóstico,Centro Esquerda,<1,,,
3672,A,Goiás,Smartphone/Celular,Branca,Ateu,Esquerda,>10,,,
3673,E,São Paulo,Notebook/Netbook,Preta,Judaíca,Centro Direita,4-6,,,
3674,A,Mato Grosso do Sul,Outro,Preta,Outras,Extrema Esquerda,7-10,,,
3675,A,Roraima,Desktop/Computador de mesa,Amarela,Judaíca,Extrema Direita,<1,,,
3676,B,Acre,Outro,Branca,Outras,Extrema Direita,>10,,,
3677,C,Distrito Federal,Smartphone/Celular,Parda,Católica,Centro Direita,>10,,,
3678,E,Mato Grosso,Desktop/Computador de mesa,Branca,Ateu,Esquerda,1-3,,,
3679,E,Distrito Federal,Tablet,Indígena,Judaíca,Extrema Esquerda,7-10,,,
3680,B,Amapá,Desktop/Computador de mesa,Preta,Católica,Extrema Esquerda,4-6,,,
3681,D,Goiás,Outro,Preta,Evangélica,Direita,<1,,,
3682,A,Bahia,Outro,Amarela,Católica,Direita,4-6,,,
3683,B,Santa Catarina,Tablet,Branca,Ateu,Extrema Esquerda,4-6,,,
3684,A,Maranhão,Tablet,Parda,Ateu,Extrema Esquerda,4-6,,,
3685,C,Ceará,Tablet,Amarela,Espírita,Extrema Direita,4-6,,,
3686,B,Ceará,Tablet,Indígena,Ateu,Extrema Esquerda,1-3,,,
3687,B,Bahia,Smartphone/Celular,Indígena,Evangélica,Esquerda,1-3,,,
3688,C,Pernambuco,Outro,Prefiro não dizer,Judaíca,Extrema Direita,<1,,,
3689,A,Ceará,Notebook/Netbook,Preta,Espírita,Direita,<1,,,
3690,C,Santa Catarina,Desktop/Computador de mesa,Preta,Ateu,Centro,>10,,,
3691,C,Pernambuco,Desktop/Computador de mesa,Parda,Espírita,Esquerda,<1,,,
3692,D,Mato Grosso,Tablet,Indígena,Ateu,Centro Direita,<1,,,
3693,E,Bahia,Outro,Parda,Espírita,Centro,4-6,,,
3694,D,Goiás,Tablet,Amarela,Ateu,Extrema Esquerda,1-3,,,
3695,B,Roraima,Notebook/Netbook,Indígena,Agnóstico,Centro,<1,,,
3696,D,Acre,Smartphone/Celular,Indígena,Católica,Centro,4-6,,,
3697,C,Mato Grosso do Sul,Smartphone/Celular,Preta,Ateu,Direita,4-6,,,
3698,B,Rondônia,Smartphone/Celular,Indígena,Judaíca,Extrema Direita,1-3,,,
3699,A,Pernambuco,Outro,Branca,Espírita,Centro Esquerda,<1,,,
3700,D,Minas Gerais,Desktop/Computador de mesa,Amarela,Agnóstico,Centro Direita,4-6,,,
3701,C,Paraná,Tablet,Prefiro não dizer,Espírita,Centro,1-3,,,
3702,D,Sergipe,Desktop/Computador de mesa,Preta,Ateu,Extrema Direita,1-3,,,
3703,C,Espírito Santo,Desktop/Computador de mesa,Prefiro não dizer,Agnóstico,Centro Direita,>10,,,
3704,E,Paraíba,Desktop/Computador de mesa,Preta,Ateu,Centro Esquerda,<1,,,
3705,D,Maranhão,Outro,Parda,Outras,Centro,1-3,,,
3706,A,Acre,Tablet,Indígena,Espírita,Centro Direita,<1,,,
3707,E,Rondônia,Outro,Prefiro não dizer,Evangélica,Esquerda,>10,,,
3708,E,Mato Grosso do Sul,Tablet,Preta,Agnóstico,Centro Direita,>10,,,
3709,E,Piauí,Smartphone/Celular,Indígena,Agnóstico,Centro Esquerda,7-10,,,
3710,D,Sergipe,Smartphone/Celular,Parda,Outras,Direita,4-6,,,
3711,E,Distrito Federal,Desktop/Computador de mesa,Preta,Católica,Extrema Esquerda,>10,,,
3712,B,Mato Grosso,Desktop/Computador de mesa,Preta,Ateu,Centro Esquerda,<1,,,
3713,A,Amapá,Outro,Preta,Agnóstico,Extrema Direita,>10,,,
3714,A,Paraná,Notebook/Netbook,Amarela,Agnóstico,Não se interessa,4-6,,,
3715,B,Tocantins,Tablet,Preta,Judaíca,Extrema Direita,4-6,,,
3716,B,Amapá,Desktop/Computador de mesa,Preta,Agnóstico,Centro Direita,7-10,,,
3717,B,Goiás,Notebook/Netbook,Preta,Judaíca,Extrema Direita,>10,,,
3718,D,Minas Gerais,Tablet,Prefiro não dizer,Espírita,Centro Esquerda,7-10,,,
3719,D,Rondônia,Desktop/Computador de mesa,Branca,Espírita,Centro Direita,4-6,,,
3720,D,Mato Grosso,Notebook/Netbook,Amarela,Outras,Extrema Direita,1-3,,,
3721,A,Paraíba,Smartphone/Celular,Amarela,Ateu,Centro Direita,<1,,,
3722,B,Ceará,Tablet,Preta,Espírita,Centro Direita,1-3,,,
3723,D,Rondônia,Smartphone/Celular,Branca,Agnóstico,Extrema Direita,>10,,,
3724,D,Distrito Federal,Notebook/Netbook,Indígena,Judaíca,Extrema Esquerda,>10,,,
3725,E,Amazonas,Outro,Branca,Outras,Extrema Direita,>10,,,
3726,A,Espírito Santo,Notebook/Netbook,Prefiro não dizer,Agnóstico,Extrema Esquerda,7-10,,,
3727,B,Distrito Federal,Desktop/Computador de mesa,Parda,Agnóstico,Direita,>10,,,
3728,C,Paraná,Outro,Parda,Católica,Centro Direita,4-6,,,
3729,D,Minas Gerais,Smartphone/Celular,Parda,Católica,Esquerda,7-10,,,
3730,B,Minas Gerais,Tablet,Preta,Ateu,Extrema Esquerda,7-10,,,
3731,A,Mato Grosso,Tablet,Indígena,Católica,Centro Direita,<1,,,
3732,E,Tocantins,Smartphone/Celular,Preta,Ateu,Esquerda,1-3,,,
3733,B,Espírito Santo,Tablet,Amarela,Espírita,Extrema Direita,1-3,,,
3734,B,Espírito Santo,Tablet,Branca,Agnóstico,Esquerda,<1,,,
3735,C,Rio de Janeiro,Tablet,Prefiro não dizer,Evangélica,Centro,<1,,,
3736,E,Rondônia,Outro,Indígena,Judaíca,Extrema Direita,>10,,,
3737,B,Alagoas,Notebook/Netbook,Indígena,Católica,Esquerda,>10,,,
3738,E,Acre,Notebook/Netbook,Amarela,Judaíca,Centro,7-10,,,
3739,C,Paraná,Desktop/Computador de mesa,Prefiro não dizer,Espírita,Extrema Esquerda,4-6,,,
3740,D,Distrito Federal,Desktop/Computador de mesa,Branca,Ateu,Esquerda,4-6,,,
3741,A,Rondônia,Tablet,Parda,Agnóstico,Centro,>10,,,
3742,A,Goiás,Tablet,Branca,Agnóstico,Extrema Esquerda,7-10,,,
3743,A,Mato Grosso do Sul,Outro,Parda,Evangélica,Centro Direita,7-10,,,
3744,E,Mato Grosso,Desktop/Computador de mesa,Branca,Espírita,Extrema Esquerda,4-6,,,
3745,B,Rio Grande do Norte,Tablet,Preta,Ateu,Centro Esquerda,>10,,,
3746,A,Ceará,Tablet,Prefiro não dizer,Evangélica,Extrema Direita,4-6,,,
3747,C,Espírito Santo,Outro,Indígena,Ateu,Extrema Direita,<1,,,
3748,E,Mato Grosso,Notebook/Netbook,Preta,Judaíca,Centro,7-10,,,
3749,E,Rio de Janeiro,Smartphone/Celular,Preta,Evangélica,Esquerda,>10,,,
3750,C,Sergipe,Desktop/Computador de mesa,Amarela,Agnóstico,Direita,>10,,,
3751,D,Tocantins,Desktop/Computador de mesa,Indígena,Católica,Esquerda,>10,,,
3752,E,Rio de Janeiro,Outro,Amarela,Evangélica,Centro Direita,1-3,,,
3753,D,Sergipe,Desktop/Computador de mesa,Indígena,Outras,Direita,7-10,,,
3754,D,Minas Gerais,Notebook/Netbook,Branca,Agnóstico,Extrema Esquerda,>10,,,
3755,B,Alagoas,Smartphone/Celular,Branca,Ateu,Centro Esquerda,1-3,,,
3756,C,Tocantins,Desktop/Computador de mesa,Branca,Católica,Centro Direita,7-10,,,
3757,B,Pará,Desktop/Computador de mesa,Preta,Ateu,Esquerda,1-3,,,
3758,A,Amapá,Outro,Indígena,Evangélica,Centro Direita,1-3,,,
3759,E,Goiás,Notebook/Netbook,Prefiro não dizer,Espírita,Centro,7-10,,,
3760,E,Pernambuco,Outro,Parda,Espírita,Esquerda,>10,,,
3761,C,Ceará,Tablet,Amarela,Judaíca,Extrema Direita,1-3,,,
3762,B,Rio Grande do Sul,Notebook/Netbook,Amarela,Judaíca,Extrema Esquerda,7-10,,,
3763,B,Piauí,Smartphone/Celular,Preta,Espírita,Direita,1-3,,,
3764,D,Tocantins,Notebook/Netbook,Parda,Outras,Centro Esquerda,1-3,,,
3765,A,Amazonas,Tablet,Prefiro não dizer,Agnóstico,Centro,<1,,,
3766,A,Paraná,Smartphone/Celular,Indígena,Ateu,Esquerda,7-10,,,
3767,C,Amapá,Outro,Preta,Católica,Centro Esquerda,7-10,,,
3768,A,Rio de Janeiro,Outro,Prefiro não dizer,Católica,Centro Esquerda,4-6,,,
3769,E,São Paulo,Outro,Preta,Outras,Esquerda,7-10,,,
3770,A,Sergipe,Outro,Branca,Outras,Extrema Esquerda,4-6,,,
3771,B,Amapá,Outro,Branca,Católica,Extrema Esquerda,<1,,,
3772,A,Paraná,Notebook/Netbook,Amarela,Ateu,Esquerda,4-6,,,
3773,E,Rondônia,Notebook/Netbook,Indígena,Judaíca,Direita,7-10,,,
3774,D,Rondônia,Notebook/Netbook,Indígena,Evangélica,Centro Direita,<1,,,
3775,B,Maranhão,Smartphone/Celular,Indígena,Judaíca,Direita,>10,,,
3776,D,Maranhão,Outro,Prefiro não dizer,Espírita,Extrema Direita,1-3,,,
3777,D,Minas Gerais,Smartphone/Celular,Branca,Outras,Direita,>10,,,
3778,C,Piauí,Outro,Parda,Evangélica,Não se interessa,4-6,,,
3779,E,Rio Grande do Sul,Outro,Indígena,Espírita,Extrema Esquerda,7-10,,,
3780,B,Paraíba,Outro,Indígena,Outras,Extrema Direita,7-10,,,
3781,A,São Paulo,Tablet,Indígena,Ateu,Não se interessa,1-3,,,
3782,A,Minas Gerais,Tablet,Preta,Espírita,Extrema Direita,7-10,,,
3783,B,Ceará,Outro,Indígena,Ateu,Extrema Esquerda,4-6,,,
3784,D,Ceará,Outro,Indígena,Outras,Centro,1-3,,,
3785,E,Minas Gerais,Tablet,Preta,Agnóstico,Centro,7-10,,,
3786,B,Santa Catarina,Notebook/Netbook,Branca,Ateu,Não se interessa,>10,,,
3787,D,Amazonas,Desktop/Computador de mesa,Prefiro não dizer,Católica,Esquerda,4-6,,,
3788,C,Goiás,Smartphone/Celular,Amarela,Católica,Centro Direita,4-6,,,
3789,C,Santa Catarina,Outro,Indígena,Agnóstico,Esquerda,<1,,,
3790,C,Bahia,Outro,Indígena,Espírita,Centro Esquerda,1-3,,,
3791,E,Rondônia,Outro,Prefiro não dizer,Agnóstico,Direita,7-10,,,
3792,B,Bahia,Outro,Parda,Ateu,Centro,>10,,,
3793,B,São Paulo,Smartphone/Celular,Indígena,Católica,Não se interessa,<1,,,
3794,E,Rio Grande do Sul,Smartphone/Celular,Preta,Espírita,Centro,7-10,,,
3795,B,Rio Grande do Sul,Notebook/Netbook,Parda,Evangélica,Centro Esquerda,7-10,,,
3796,C,Maranhão,Tablet,Amarela,Outras,Centro,4-6,,,
3797,C,Goiás,Smartphone/Celular,Parda,Outras,Extrema Direita,>10,,,
3798,C,Amazonas,Notebook/Netbook,Parda,Outras,Centro Direita,4-6,,,
3799,C,Mato Grosso do Sul,Outro,Branca,Católica,Direita,<1,,,
3800,A,Rio de Janeiro,Smartphone/Celular,Prefiro não dizer,Agnóstico,Esquerda,<1,,,
3801,C,Goiás,Notebook/Netbook,Parda,Judaíca,Esquerda,4-6,,,
3802,A,Santa Catarina,Tablet,Preta,Espírita,Não se interessa,1-3,,,
3803,B,Amapá,Outro,Parda,Católica,Direita,<1,,,
3804,E,Paraná,Tablet,Branca,Outras,Centro Esquerda,4-6,,,
3805,B,Paraná,Desktop/Computador de mesa,Indígena,Católica,Extrema Direita,<1,,,
3806,D,Rio Grande do Sul,Smartphone/Celular,Preta,Espírita,Centro,>10,,,
3807,C,Espírito Santo,Desktop/Computador de mesa,Preta,Judaíca,Extrema Direita,4-6,,,
3808,A,Amapá,Desktop/Computador de mesa,Amarela,Judaíca,Centro Direita,7-10,,,
3809,D,Bahia,Smartphone/Celular,Prefiro não dizer,Espírita,Centro Direita,<1,,,
3810,E,Mato Grosso,Tablet,Branca,Judaíca,Esquerda,<1,,,
3811,A,Paraná,Notebook/Netbook,Preta,Judaíca,Extrema Esquerda,1-3,,,
3812,C,Espírito Santo,Notebook/Netbook,Preta,Evangélica,Esquerda,4-6,,,
3813,E,Roraima,Desktop/Computador de mesa,Branca,Espírita,Centro Esquerda,1-3,,,
3814,B,Bahia,Smartphone/Celular,Parda,Judaíca,Extrema Esquerda,>10,,,
3815,E,Mato Grosso,Notebook/Netbook,Preta,Judaíca,Centro Esquerda,1-3,,,
3816,D,Amapá,Desktop/Computador de mesa,Branca,Agnóstico,Não se interessa,4-6,,,
3817,B,Distrito Federal,Smartphone/Celular,Amarela,Agnóstico,Centro Esquerda,>10,,,
3818,E,Amapá,Desktop/Computador de mesa,Amarela,Outras,Direita,<1,,,
3819,A,Ceará,Tablet,Preta,Espírita,Centro Direita,>10,,,
3820,E,Mato Grosso,Outro,Indígena,Espírita,Extrema Esquerda,4-6,,,
3821,B,Distrito Federal,Tablet,Amarela,Agnóstico,Esquerda,7-10,,,
3822,A,Santa Catarina,Smartphone/Celular,Prefiro não dizer,Judaíca,Não se interessa,>10,,,
3823,C,Ceará,Tablet,Indígena,Agnóstico,Centro Esquerda,>10,,,
3824,A,Rio Grande do Sul,Smartphone/Celular,Indígena,Católica,Extrema Esquerda,<1,,,
3825,D,Espírito Santo,Tablet,Amarela,Outras,Extrema Direita,<1,,,
3826,E,Bahia,Smartphone/Celular,Amarela,Católica,Centro Esquerda,7-10,,,
3827,A,Rio Grande do Sul,Notebook/Netbook,Preta,Evangélica,Esquerda,<1,,,
3828,B,Roraima,Smartphone/Celular,Amarela,Ateu,Direita,>10,,,
3829,C,Paraíba,Notebook/Netbook,Indígena,Católica,Esquerda,<1,,,
3830,B,Minas Gerais,Outro,Preta,Agnóstico,Extrema Esquerda,1-3,,,
3831,E,Mato Grosso,Smartphone/Celular,Indígena,Ateu,Extrema Esquerda,>10,,,
3832,B,Rondônia,Desktop/Computador de mesa,Parda,Evangélica,Centro Direita,4-6,,,
3833,E,Minas Gerais,Outro,Prefiro não dizer,Evangélica,Centro Esquerda,4-6,,,
3834,B,Sergipe,Desktop/Computador de mesa,Prefiro não dizer,Outras,Centro Direita,7-10,,,
3835,B,Minas Gerais,Smartphone/Celular,Parda,Espírita,Centro Esquerda,>10,,,
3836,E,Piauí,Outro,Indígena,Evangélica,Esquerda,<1,,,
3837,B,Acre,Smartphone/Celular,Indígena,Espírita,Centro,7-10,,,
3838,D,Piauí,Smartphone/Celular,Preta,Outras,Extrema Esquerda,>10,,,
3839,B,Tocantins,Desktop/Computador de mesa,Indígena,Espírita,Extrema Esquerda,7-10,,,
3840,B,Alagoas,Notebook/Netbook,Preta,Outras,Não se interessa,1-3,,,
3841,B,Pernambuco,Desktop/Computador de mesa,Preta,Agnóstico,Centro Direita,>10,,,
3842,E,Santa Catarina,Notebook/Netbook,Preta,Outras,Esquerda,>10,,,
3843,A,Sergipe,Outro,Parda,Agnóstico,Centro,<1,,,
3844,C,Maranhão,Notebook/Netbook,Branca,Evangélica,Centro Direita,1-3,,,
3845,E,Tocantins,Tablet,Branca,Evangélica,Centro Direita,4-6,,,
3846,C,Rio Grande do Sul,Outro,Amarela,Espírita,Centro Esquerda,7-10,,,
3847,C,Tocantins,Notebook/Netbook,Parda,Católica,Extrema Direita,1-3,,,
3848,D,Ceará,Tablet,Branca,Judaíca,Não se interessa,1-3,,,
3849,B,Rio de Janeiro,Tablet,Branca,Outras,Centro,1-3,,,
3850,A,Acre,Notebook/Netbook,Prefiro não dizer,Agnóstico,Esquerda,>10,,,
3851,E,Amazonas,Desktop/Computador de mesa,Parda,Judaíca,Extrema Esquerda,>10,,,
3852,B,Distrito Federal,Notebook/Netbook,Preta,Judaíca,Não se interessa,<1,,,
3853,D,Bahia,Desktop/Computador de mesa,Indígena,Espírita,Esquerda,>10,,,
3854,A,Pará,Notebook/Netbook,Preta,Agnóstico,Centro Esquerda,7-10,,,
3855,C,Rio Grande do Sul,Tablet,Indígena,Agnóstico,Extrema Esquerda,7-10,,,
3856,C,Paraíba,Desktop/Computador de mesa,Indígena,Agnóstico,Direita,7-10,,,
3857,B,Ceará,Notebook/Netbook,Preta,Outras,Direita,1-3,,,
3858,D,Rio Grande do Norte,Desktop/Computador de mesa,Parda,Evangélica,Não se interessa,4-6,,,
3859,C,Bahia,Desktop/Computador de mesa,Parda,Evangélica,Centro,4-6,,,
3860,D,Mato Grosso,Notebook/Netbook,Amarela,Evangélica,Esquerda,>10,,,
3861,A,Ceará,Notebook/Netbook,Branca,Agnóstico,Direita,>10,,,
3862,B,Rio Grande do Norte,Outro,Preta,Agnóstico,Centro Esquerda,4-6,,,
3863,B,Distrito Federal,Outro,Amarela,Judaíca,Extrema Esquerda,1-3,,,
3864,E,Alagoas,Smartphone/Celular,Prefiro não dizer,Católica,Extrema Direita,7-10,,,
3865,D,Espírito Santo,Smartphone/Celular,Preta,Evangélica,Extrema Direita,<1,,,
3866,A,Sergipe,Notebook/Netbook,Branca,Outras,Centro Direita,7-10,,,
3867,D,Paraíba,Desktop/Computador de mesa,Preta,Católica,Não se interessa,7-10,,,
3868,B,Santa Catarina,Outro,Branca,Outras,Centro Esquerda,1-3,,,
3869,C,Amapá,Desktop/Computador de mesa,Amarela,Evangélica,Centro,<1,,,
3870,C,Amazonas,Smartphone/Celular,Amarela,Católica,Centro Direita,1-3,,,
3871,E,Tocantins,Tablet,Parda,Agnóstico,Centro,1-3,,,
3872,A,Rio de Janeiro,Outro,Indígena,Evangélica,Extrema Esquerda,<1,,,
3873,B,Rio Grande do Norte,Desktop/Computador de mesa,Amarela,Judaíca,Esquerda,1-3,,,
3874,A,Ceará,Outro,Parda,Católica,Extrema Direita,>10,,,
3875,D,Rondônia,Outro,Parda,Espírita,Não se interessa,1-3,,,
3876,C,Bahia,Notebook/Netbook,Indígena,Evangélica,Extrema Direita,7-10,,,
3877,B,Goiás,Notebook/Netbook,Amarela,Outras,Extrema Direita,<1,,,
3878,E,Pará,Tablet,Preta,Espírita,Esquerda,1-3,,,
3879,C,São Paulo,Smartphone/Celular,Preta,Agnóstico,Extrema Esquerda,7-10,,,
3880,E,Rondônia,Outro,Branca,Outras,Centro Esquerda,7-10,,,
3881,D,Mato Grosso do Sul,Smartphone/Celular,Parda,Espírita,Centro,7-10,,,
3882,A,São Paulo,Outro,Parda,Ateu,Centro Esquerda,1-3,,,
3883,D,Pará,Outro,Amarela,Ateu,Extrema Direita,1-3,,,
3884,A,Goiás,Smartphone/Celular,Indígena,Outras,Esquerda,>10,,,
3885,B,Paraná,Notebook/Netbook,Prefiro não dizer,Espírita,Extrema Esquerda,4-6,,,
3886,E,Acre,Desktop/Computador de mesa,Indígena,Judaíca,Direita,7-10,,,
3887,D,Acre,Smartphone/Celular,Preta,Ateu,Centro Direita,<1,,,
3888,B,Mato Grosso do Sul,Tablet,Branca,Católica,Não se interessa,<1,,,
3889,B,Santa Catarina,Smartphone/Celular,Amarela,Católica,Esquerda,<1,,,
3890,C,Goiás,Desktop/Computador de mesa,Amarela,Judaíca,Não se interessa,4-6,,,
3891,C,Santa Catarina,Outro,Branca,Judaíca,Não se interessa,<1,,,
3892,D,Alagoas,Desktop/Computador de mesa,Amarela,Ateu,Centro Esquerda,1-3,,,
3893,D,São Paulo,Desktop/Computador de mesa,Indígena,Espírita,Direita,<1,,,
3894,C,Minas Gerais,Smartphone/Celular,Preta,Espírita,Extrema Esquerda,1-3,,,
3895,C,São Paulo,Outro,Prefiro não dizer,Agnóstico,Extrema Esquerda,4-6,,,
3896,A,Amazonas,Tablet,Prefiro não dizer,Judaíca,Extrema Direita,7-10,,,
3897,C,Amazonas,Desktop/Computador de mesa,Amarela,Outras,Centro Direita,1-3,,,
3898,E,Mato Grosso do Sul,Notebook/Netbook,Amarela,Ateu,Extrema Direita,<1,,,
3899,C,Tocantins,Smartphone/Celular,Prefiro não dizer,Agnóstico,Extrema Direita,7-10,,,
3900,C,Sergipe,Notebook/Netbook,Amarela,Agnóstico,Esquerda,>10,,,
3901,A,Paraná,Tablet,Preta,Católica,Centro,>10,,,
3902,B,Goiás,Notebook/Netbook,Parda,Espírita,Centro Esquerda,4-6,,,
3903,A,Tocantins,Desktop/Computador de mesa,Branca,Espírita,Centro Esquerda,1-3,,,
3904,B,Minas Gerais,Desktop/Computador de mesa,Parda,Espírita,Direita,4-6,,,
3905,B,Rio de Janeiro,Smartphone/Celular,Preta,Ateu,Centro,4-6,,,
3906,C,Rondônia,Tablet,Preta,Evangélica,Esquerda,7-10,,,
3907,E,Bahia,Tablet,Preta,Agnóstico,Centro Direita,>10,,,
3908,C,Paraná,Smartphone/Celular,Indígena,Outras,Extrema Direita,4-6,,,
3909,B,Amapá,Notebook/Netbook,Parda,Judaíca,Esquerda,<1,,,
3910,B,Amazonas,Desktop/Computador de mesa,Parda,Católica,Extrema Esquerda,<1,,,
3911,A,Pará,Desktop/Computador de mesa,Amarela,Judaíca,Extrema Direita,1-3,,,
3912,B,Maranhão,Notebook/Netbook,Amarela,Outras,Centro,<1,,,
3913,D,Amapá,Notebook/Netbook,Indígena,Agnóstico,Centro Direita,4-6,,,
3914,D,Paraná,Outro,Parda,Ateu,Extrema Direita,>10,,,
3915,D,Acre,Outro,Indígena,Agnóstico,Centro Direita,<1,,,
3916,D,Santa Catarina,Smartphone/Celular,Prefiro não dizer,Espírita,Não se interessa,>10,,,
3917,A,Goiás,Desktop/Computador de mesa,Prefiro não dizer,Católica,Centro Direita,<1,,,
3918,C,Pernambuco,Desktop/Computador de mesa,Amarela,Evangélica,Direita,7-10,,,
3919,B,Maranhão,Smartphone/Celular,Preta,Espírita,Centro Direita,<1,,,
3920,D,Amazonas,Desktop/Computador de mesa,Indígena,Judaíca,Extrema Direita,>10,,,
3921,E,São Paulo,Outro,Preta,Outras,Esquerda,<1,,,
3922,C,Mato Grosso,Desktop/Computador de mesa,Branca,Católica,Centro,7-10,,,
3923,A,Pará,Notebook/Netbook,Branca,Espírita,Centro,<1,,,
3924,C,Goiás,Smartphone/Celular,Parda,Agnóstico,Extrema Esquerda,7-10,,,
3925,E,Rio Grande do Sul,Desktop/Computador de mesa,Parda,Espírita,Extrema Esquerda,>10,,,
3926,B,Rio Grande do Norte,Notebook/Netbook,Preta,Católica,Extrema Esquerda,<1,,,
3927,A,São Paulo,Notebook/Netbook,Preta,Evangélica,Centro Esquerda,4-6,,,
3928,C,Roraima,Desktop/Computador de mesa,Prefiro não dizer,Espírita,Esquerda,1-3,,,
3929,C,Rio Grande do Norte,Smartphone/Celular,Preta,Ateu,Centro Esquerda,7-10,,,
3930,A,Tocantins,Outro,Amarela,Agnóstico,Extrema Direita,4-6,,,
3931,A,Distrito Federal,Notebook/Netbook,Prefiro não dizer,Outras,Extrema Direita,>10,,,
3932,B,Minas Gerais,Tablet,Branca,Católica,Centro Esquerda,4-6,,,
3933,E,Rio Grande do Sul,Tablet,Parda,Ateu,Centro Esquerda,<1,,,
3934,D,Paraíba,Notebook/Netbook,Branca,Evangélica,Extrema Esquerda,1-3,,,
3935,D,Rio Grande do Sul,Smartphone/Celular,Preta,Outras,Extrema Direita,4-6,,,
3936,D,Pernambuco,Smartphone/Celular,Amarela,Ateu,Centro,7-10,,,
3937,E,Piauí,Tablet,Indígena,Católica,Não se interessa,>10,,,
3938,C,Mato Grosso do Sul,Outro,Amarela,Judaíca,Centro,>10,,,
3939,C,Maranhão,Notebook/Netbook,Prefiro não dizer,Evangélica,Direita,1-3,,,
3940,C,Rio Grande do Norte,Tablet,Indígena,Agnóstico,Centro,1-3,,,
3941,C,Rio Grande do Sul,Tablet,Branca,Outras,Extrema Esquerda,1-3,,,
3942,B,Distrito Federal,Outro,Branca,Agnóstico,Direita,1-3,,,
3943,D,Goiás,Desktop/Computador de mesa,Indígena,Agnóstico,Extrema Esquerda,>10,,,
3944,A,Paraná,Smartphone/Celular,Indígena,Agnóstico,Esquerda,1-3,,,
3945,E,Pernambuco,Outro,Amarela,Católica,Direita,4-6,,,
3946,E,Espírito Santo,Desktop/Computador de mesa,Branca,Católica,Não se interessa,7-10,,,
3947,C,Maranhão,Outro,Branca,Espírita,Não se interessa,>10,,,
3948,D,São Paulo,Notebook/Netbook,Preta,Outras,Centro Esquerda,>10,,,
3949,A,Rio Grande do Sul,Tablet,Branca,Espírita,Direita,>10,,,
3950,B,Maranhão,Smartphone/Celular,Preta,Católica,Não se interessa,4-6,,,
3951,D,Roraima,Desktop/Computador de mesa,Amarela,Judaíca,Direita,>10,,,
3952,C,Bahia,Smartphone/Celular,Branca,Evangélica,Extrema Esquerda,>10,,,
3953,A,Sergipe,Notebook/Netbook,Indígena,Espírita,Esquerda,<1,,,
3954,A,Mato Grosso do Sul,Tablet,Parda,Ateu,Direita,1-3,,,
3955,C,Goiás,Desktop/Computador de mesa,Prefiro não dizer,Agnóstico,Extrema Esquerda,1-3,,,
3956,B,Paraíba,Smartphone/Celular,Preta,Católica,Não se interessa,7-10,,,
3957,C,Rondônia,Outro,Indígena,Católica,Centro Direita,1-3,,,
3958,A,Paraíba,Outro,Preta,Agnóstico,Centro Direita,1-3,,,
3959,E,Piauí,Outro,Indígena,Católica,Centro Esquerda,<1,,,
3960,A,Paraná,Tablet,Prefiro não dizer,Espírita,Extrema Esquerda,1-3,,,
3961,C,Rio Grande do Sul,Outro,Indígena,Outras,Centro,1-3,,,
3962,B,Amazonas,Smartphone/Celular,Indígena,Judaíca,Extrema Esquerda,4-6,,,
3963,E,Paraná,Desktop/Computador de mesa,Branca,Judaíca,Centro Direita,7-10,,,
3964,C,Mato Grosso do Sul,Notebook/Netbook,Amarela,Outras,Centro Direita,4-6,,,
3965,B,Rio Grande do Norte,Smartphone/Celular,Indígena,Ateu,Esquerda,1-3,,,
3966,A,Rio Grande do Norte,Desktop/Computador de mesa,Prefiro não dizer,Evangélica,Centro,1-3,,,
3967,D,São Paulo,Notebook/Netbook,Parda,Católica,Esquerda,4-6,,,
3968,E,Piauí,Tablet,Amarela,Espírita,Direita,7-10,,,
3969,C,Paraíba,Outro,Parda,Espírita,Extrema Esquerda,4-6,,,
3970,E,Ceará,Outro,Preta,Evangélica,Esquerda,7-10,,,
3971,B,Maranhão,Desktop/Computador de mesa,Parda,Evangélica,Extrema Esquerda,4-6,,,
3972,B,Amazonas,Desktop/Computador de mesa,Preta,Judaíca,Centro,1-3,,,
3973,C,Acre,Outro,Branca,Evangélica,Centro Esquerda,7-10,,,
3974,B,Santa Catarina,Tablet,Indígena,Católica,Centro,7-10,,,
3975,B,Sergipe,Smartphone/Celular,Prefiro não dizer,Ateu,Centro Esquerda,4-6,,,
3976,B,Pernambuco,Notebook/Netbook,Branca,Espírita,Extrema Direita,<1,,,
3977,D,Rio Grande do Sul,Smartphone/Celular,Prefiro não dizer,Ateu,Centro Direita,<1,,,
3978,D,Acre,Outro,Prefiro não dizer,Agnóstico,Centro Direita,1-3,,,
3979,C,Amapá,Outro,Parda,Agnóstico,Direita,4-6,,,
3980,D,Ceará,Smartphone/Celular,Branca,Evangélica,Centro Direita,<1,,,
3981,D,Paraíba,Notebook/Netbook,Parda,Ateu,Centro Direita,7-10,,,
3982,E,Paraná,Notebook/Netbook,Parda,Católica,Extrema Direita,7-10,,,
3983,D,Espírito Santo,Smartphone/Celular,Amarela,Evangélica,Centro Direita,1-3,,,
3984,C,Ceará,Tablet,Amarela,Judaíca,Extrema Esquerda,1-3,,,
3985,C,Maranhão,Tablet,Preta,Outras,Extrema Direita,4-6,,,
3986,C,Pará,Notebook/Netbook,Prefiro não dizer,Judaíca,Direita,>10,,,
3987,D,Roraima,Tablet,Branca,Agnóstico,Centro Esquerda,<1,,,
3988,B,Mato Grosso,Smartphone/Celular,Parda,Agnóstico,Não se interessa,7-10,,,
3989,C,Rio de Janeiro,Desktop/Computador de mesa,Amarela,Judaíca,Não se interessa,>10,,,
3990,C,Distrito Federal,Tablet,Parda,Outras,Direita,1-3,,,
3991,A,Pernambuco,Desktop/Computador de mesa,Parda,Espírita,Extrema Direita,>10,,,
3992,D,Rio Grande do Norte,Smartphone/Celular,Prefiro não dizer,Outras,Não se interessa,4-6,,,
3993,D,Bahia,Notebook/Netbook,Amarela,Espírita,Não se interessa,7-10,,,
3994,C,Goiás,Notebook/Netbook,Preta,Ateu,Extrema Esquerda,7-10,,,
3995,B,Distrito Federal,Tablet,Preta,Espírita,Esquerda,>10,,,
3996,B,Distrito Federal,Desktop/Computador de mesa,Parda,Ateu,Extrema Esquerda,4-6,,,
3997,C,Amazonas,Outro,Parda,Evangélica,Centro Direita,7-10,,,
3998,D,Tocantins,Smartphone/Celular,Amarela,Espírita,Esquerda,4-6,,,
3999,C,Alagoas,Tablet,Parda,Espírita,Centro,<1,,,
4000,A,Espírito Santo,Smartphone/Celular,Branca,Ateu,Não se interessa,4-6,,,
4001,E,Rondônia,Smartphone/Celular,Branca,Ateu,Não se interessa,>10,,,
4002,C,Alagoas,Desktop/Computador de mesa,Preta,Católica,Centro Esquerda,4-6,,,
4003,A,Mato Grosso do Sul,Desktop/Computador de mesa,Branca,Outras,Centro,<1,,,
4004,A,Santa Catarina,Desktop/Computador de mesa,Prefiro não dizer,Evangélica,Extrema Esquerda,4-6,,,
4005,E,Mato Grosso do Sul,Smartphone/Celular,Indígena,Ateu,Centro,>10,,,
4006,A,Amazonas,Desktop/Computador de mesa,Parda,Agnóstico,Extrema Esquerda,>10,,,
4007,E,Espírito Santo,Outro,Amarela,Católica,Centro Esquerda,<1,,,
4008,E,Pernambuco,Desktop/Computador de mesa,Preta,Evangélica,Centro Direita,1-3,,,
4009,A,Mato Grosso,Desktop/Computador de mesa,Amarela,Católica,Centro Direita,>10,,,
4010,E,Santa Catarina,Tablet,Branca,Agnóstico,Esquerda,7-10,,,
4011,A,Espírito Santo,Outro,Branca,Espírita,Centro Direita,>10,,,
4012,E,Ceará,Desktop/Computador de mesa,Parda,Evangélica,Extrema Esquerda,>10,,,
4013,B,Pará,Notebook/Netbook,Amarela,Católica,Centro,>10,,,
4014,B,Distrito Federal,Notebook/Netbook,Indígena,Outras,Extrema Direita,4-6,,,
4015,C,Distrito Federal,Desktop/Computador de mesa,Parda,Evangélica,Extrema Direita,1-3,,,
4016,D,Rio Grande do Sul,Smartphone/Celular,Branca,Outras,Centro,>10,,,
4017,A,Pernambuco,Outro,Indígena,Agnóstico,Esquerda,1-3,,,
4018,C,Maranhão,Notebook/Netbook,Indígena,Espírita,Extrema Esquerda,7-10,,,
4019,B,Pernambuco,Notebook/Netbook,Branca,Católica,Centro Direita,7-10,,,
4020,E,Rondônia,Tablet,Prefiro não dizer,Judaíca,Não se interessa,4-6,,,
4021,D,São Paulo,Smartphone/Celular,Indígena,Judaíca,Direita,1-3,,,
4022,E,Santa Catarina,Desktop/Computador de mesa,Parda,Outras,Esquerda,>10,,,
4023,D,Paraná,Tablet,Amarela,Ateu,Direita,7-10,,,
4024,A,Distrito Federal,Tablet,Indígena,Católica,Esquerda,4-6,,,
4025,D,Piauí,Tablet,Amarela,Católica,Esquerda,<1,,,
4026,C,Maranhão,Notebook/Netbook,Indígena,Espírita,Não se interessa,>10,,,
4027,E,Bahia,Outro,Preta,Evangélica,Direita,7-10,,,
4028,E,Pará,Outro,Indígena,Espírita,Centro Esquerda,<1,,,
4029,B,Goiás,Smartphone/Celular,Parda,Agnóstico,Extrema Esquerda,1-3,,,
4030,B,Mato Grosso,Smartphone/Celular,Indígena,Agnóstico,Esquerda,<1,,,
4031,C,Distrito Federal,Tablet,Amarela,Outras,Extrema Direita,4-6,,,
4032,E,Bahia,Outro,Amarela,Agnóstico,Extrema Direita,7-10,,,
4033,B,Rondônia,Notebook/Netbook,Branca,Espírita,Direita,7-10,,,
4034,D,Maranhão,Desktop/Computador de mesa,Branca,Espírita,Esquerda,1-3,,,
4035,B,Espírito Santo,Desktop/Computador de mesa,Prefiro não dizer,Agnóstico,Centro Direita,1-3,,,
4036,C,Mato Grosso do Sul,Outro,Branca,Outras,Direita,4-6,,,
4037,A,Pará,Notebook/Netbook,Prefiro não dizer,Evangélica,Centro,>10,,,
4038,C,Ceará,Tablet,Amarela,Espírita,Esquerda,<1,,,
4039,B,Paraíba,Outro,Branca,Evangélica,Não se interessa,4-6,,,
4040,E,Rondônia,Tablet,Preta,Espírita,Direita,7-10,,,
4041,B,Rio Grande do Sul,Desktop/Computador de mesa,Branca,Ateu,Centro Esquerda,1-3,,,
4042,D,Roraima,Tablet,Branca,Agnóstico,Centro Esquerda,4-6,,,
4043,A,Espírito Santo,Smartphone/Celular,Prefiro não dizer,Outras,Extrema Esquerda,7-10,,,
4044,E,Sergipe,Smartphone/Celular,Preta,Evangélica,Centro Esquerda,7-10,,,
4045,D,Maranhão,Smartphone/Celular,Parda,Ateu,Extrema Direita,1-3,,,
4046,B,Maranhão,Tablet,Parda,Outras,Centro Direita,>10,,,
4047,B,Amapá,Desktop/Computador de mesa,Indígena,Outras,Extrema Direita,4-6,,,
4048,A,Roraima,Tablet,Prefiro não dizer,Católica,Centro,>10,,,
4049,D,Paraná,Tablet,Indígena,Agnóstico,Direita,>10,,,
4050,A,Rio de Janeiro,Outro,Amarela,Outras,Centro,1-3,,,
4051,E,Pará,Outro,Prefiro não dizer,Agnóstico,Centro Direita,<1,,,
4052,B,Tocantins,Notebook/Netbook,Preta,Espírita,Centro Direita,7-10,,,
4053,E,Ceará,Outro,Preta,Evangélica,Extrema Direita,1-3,,,
4054,E,Distrito Federal,Tablet,Amarela,Ateu,Esquerda,1-3,,,
4055,E,Rio de Janeiro,Outro,Branca,Agnóstico,Esquerda,>10,,,
4056,E,São Paulo,Tablet,Indígena,Ateu,Extrema Direita,<1,,,
4057,C,Sergipe,Smartphone/Celular,Parda,Agnóstico,Centro,4-6,,,
4058,B,Pernambuco,Outro,Parda,Judaíca,Centro,>10,,,
4059,A,Paraíba,Tablet,Indígena,Judaíca,Não se interessa,<1,,,
4060,D,Piauí,Desktop/Computador de mesa,Parda,Espírita,Extrema Direita,7-10,,,
4061,B,Roraima,Tablet,Parda,Evangélica,Centro,7-10,,,
4062,D,Pernambuco,Notebook/Netbook,Preta,Evangélica,Direita,7-10,,,
4063,D,Distrito Federal,Tablet,Branca,Judaíca,Centro Direita,<1,,,
4064,B,Espírito Santo,Outro,Amarela,Evangélica,Centro,>10,,,
4065,A,Sergipe,Outro,Amarela,Outras,Direita,>10,,,
4066,A,Pará,Desktop/Computador de mesa,Parda,Outras,Centro,>10,,,
4067,E,Goiás,Desktop/Computador de mesa,Indígena,Agnóstico,Extrema Direita,>10,,,
4068,E,Sergipe,Tablet,Indígena,Outras,Não se interessa,>10,,,
4069,E,Mato Grosso do Sul,Desktop/Computador de mesa,Branca,Espírita,Direita,<1,,,
4070,D,Bahia,Notebook/Netbook,Prefiro não dizer,Judaíca,Esquerda,4-6,,,
4071,A,Amapá,Outro,Branca,Espírita,Direita,>10,,,
4072,C,Maranhão,Tablet,Indígena,Católica,Direita,7-10,,,
4073,D,Paraná,Notebook/Netbook,Preta,Outras,Extrema Esquerda,7-10,,,
4074,D,Espírito Santo,Outro,Amarela,Judaíca,Extrema Esquerda,1-3,,,
4075,D,Acre,Outro,Parda,Católica,Direita,7-10,,,
4076,D,São Paulo,Desktop/Computador de mesa,Prefiro não dizer,Judaíca,Não se interessa,7-10,,,
4077,D,Maranhão,Tablet,Amarela,Espírita,Extrema Direita,4-6,,,
4078,B,Rio Grande do Sul,Notebook/Netbook,Prefiro não dizer,Outras,Esquerda,>10,,,
4079,D,Roraima,Desktop/Computador de mesa,Parda,Agnóstico,Direita,7-10,,,
4080,E,Ceará,Notebook/Netbook,Amarela,Espírita,Centro Esquerda,>10,,,
4081,E,Rondônia,Smartphone/Celular,Preta,Agnóstico,Centro Direita,7-10,,,
4082,E,Rio Grande do Sul,Desktop/Computador de mesa,Preta,Católica,Esquerda,4-6,,,
4083,C,Tocantins,Tablet,Prefiro não dizer,Outras,Esquerda,>10,,,
4084,E,Paraná,Outro,Parda,Espírita,Extrema Esquerda,<1,,,
4085,D,Rio Grande do Norte,Tablet,Parda,Evangélica,Extrema Esquerda,4-6,,,
4086,C,Ceará,Tablet,Amarela,Evangélica,Direita,>10,,,
4087,A,Piauí,Desktop/Computador de mesa,Preta,Judaíca,Direita,4-6,,,
4088,C,Alagoas,Desktop/Computador de mesa,Branca,Espírita,Direita,4-6,,,
4089,E,Ceará,Notebook/Netbook,Indígena,Evangélica,Direita,7-10,,,
4090,D,Amazonas,Smartphone/Celular,Branca,Católica,Não se interessa,1-3,,,
4091,C,Paraná,Smartphone/Celular,Preta,Judaíca,Extrema Esquerda,1-3,,,
4092,B,Ceará,Tablet,Parda,Espírita,Extrema Direita,4-6,,,
4093,B,Rio de Janeiro,Desktop/Computador de mesa,Prefiro não dizer,Evangélica,Extrema Esquerda,4-6,,,
4094,B,Santa Catarina,Tablet,Branca,Católica,Centro Esquerda,4-6,,,
4095,B,Rio Grande do Sul,Tablet,Indígena,Outras,Extrema Direita,4-6,,,
4096,A,Tocantins,Smartphone/Celular,Branca,Ateu,Centro Esquerda,4-6,,,
4097,A,Paraná,Outro,Preta,Espírita,Extrema Esquerda,4-6,,,
4098,E,Sergipe,Notebook/Netbook,Branca,Evangélica,Direita,<1,,,
4099,A,Amazonas,Tablet,Preta,Outras,Extrema Direita,1-3,,,
4100,E,Paraná,Notebook/Netbook,Parda,Evangélica,Esquerda,7-10,,,
4101,C,Ceará,Tablet,Preta,Ateu,Extrema Direita,4-6,,,
4102,B,Rio Grande do Norte,Outro,Indígena,Judaíca,Centro Esquerda,4-6,,,
4103,B,Ceará,Notebook/Netbook,Amarela,Espírita,Extrema Esquerda,1-3,,,
4104,A,São Paulo,Desktop/Computador de mesa,Parda,Evangélica,Direita,<1,,,
4105,E,Bahia,Outro,Branca,Ateu,Centro Esquerda,1-3,,,
4106,C,Tocantins,Tablet,Branca,Outras,Centro,7-10,,,
4107,D,Espírito Santo,Outro,Preta,Católica,Esquerda,7-10,,,
4108,E,Espírito Santo,Desktop/Computador de mesa,Indígena,Católica,Centro Esquerda,4-6,,,
4109,A,São Paulo,Smartphone/Celular,Amarela,Ateu,Esquerda,>10,,,
4110,A,Pará,Desktop/Computador de mesa,Indígena,Evangélica,Extrema Esquerda,<1,,,
4111,E,Acre,Desktop/Computador de mesa,Branca,Agnóstico,Não se interessa,<1,,,
4112,C,Bahia,Smartphone/Celular,Indígena,Outras,Extrema Esquerda,7-10,,,
4113,B,Amapá,Tablet,Preta,Evangélica,Centro Direita,7-10,,,
4114,A,Ceará,Desktop/Computador de mesa,Branca,Ateu,Extrema Direita,1-3,,,
4115,A,Mato Grosso,Outro,Indígena,Agnóstico,Extrema Direita,7-10,,,
4116,C,Rio Grande do Sul,Outro,Branca,Católica,Esquerda,1-3,,,
4117,E,Amapá,Smartphone/Celular,Indígena,Espírita,Não se interessa,>10,,,
4118,C,Acre,Tablet,Indígena,Católica,Centro,<1,,,
4119,A,Pernambuco,Outro,Prefiro não dizer,Católica,Direita,7-10,,,
4120,E,Minas Gerais,Outro,Branca,Espírita,Direita,4-6,,,
4121,D,Paraíba,Outro,Indígena,Espírita,Centro Esquerda,7-10,,,
4122,C,Sergipe,Outro,Branca,Agnóstico,Extrema Direita,7-10,,,
4123,B,Mato Grosso,Notebook/Netbook,Prefiro não dizer,Outras,Extrema Direita,<1,,,
4124,A,Acre,Notebook/Netbook,Amarela,Judaíca,Extrema Esquerda,1-3,,,
4125,B,Roraima,Smartphone/Celular,Amarela,Espírita,Esquerda,1-3,,,
4126,C,Pará,Tablet,Indígena,Judaíca,Extrema Esquerda,<1,,,
4127,A,Sergipe,Notebook/Netbook,Branca,Evangélica,Extrema Esquerda,1-3,,,
4128,C,São Paulo,Tablet,Indígena,Espírita,Extrema Direita,>10,,,
4129,C,Bahia,Notebook/Netbook,Parda,Evangélica,Extrema Esquerda,1-3,,,
4130,B,Amapá,Desktop/Computador de mesa,Indígena,Judaíca,Esquerda,<1,,,
4131,A,Mato Grosso,Outro,Branca,Outras,Centro Direita,1-3,,,
4132,A,Amazonas,Smartphone/Celular,Parda,Outras,Centro Direita,1-3,,,
4133,B,Bahia,Tablet,Indígena,Espírita,Centro Esquerda,>10,,,
4134,C,Bahia,Desktop/Computador de mesa,Indígena,Evangélica,Extrema Direita,4-6,,,
4135,C,Rio Grande do Sul,Notebook/Netbook,Preta,Judaíca,Centro Esquerda,1-3,,,
4136,B,Maranhão,Desktop/Computador de mesa,Amarela,Outras,Centro Esquerda,1-3,,,
4137,E,Mato Grosso do Sul,Tablet,Parda,Católica,Extrema Esquerda,7-10,,,
4138,E,Rondônia,Notebook/Netbook,Branca,Evangélica,Direita,7-10,,,
4139,A,Maranhão,Outro,Parda,Agnóstico,Direita,1-3,,,
4140,D,Paraíba,Outro,Branca,Ateu,Centro Esquerda,>10,,,
4141,B,Mato Grosso do Sul,Outro,Branca,Católica,Extrema Esquerda,>10,,,
4142,C,Paraíba,Desktop/Computador de mesa,Parda,Judaíca,Extrema Esquerda,4-6,,,
4143,A,Rio de Janeiro,Outro,Indígena,Evangélica,Não se interessa,7-10,,,
4144,D,Paraíba,Outro,Indígena,Agnóstico,Centro Direita,1-3,,,
4145,A,Rio Grande do Sul,Desktop/Computador de mesa,Branca,Agnóstico,Centro Direita,>10,,,
4146,C,São Paulo,Notebook/Netbook,Branca,Evangélica,Não se interessa,<1,,,
4147,B,Espírito Santo,Notebook/Netbook,Prefiro não dizer,Judaíca,Esquerda,7-10,,,
4148,B,Distrito Federal,Notebook/Netbook,Prefiro não dizer,Outras,Esquerda,1-3,,,
4149,E,Tocantins,Smartphone/Celular,Preta,Ateu,Esquerda,1-3,,,
4150,D,Mato Grosso do Sul,Notebook/Netbook,Parda,Espírita,Centro,7-10,,,
4151,A,Paraíba,Desktop/Computador de mesa,Prefiro não dizer,Outras,Centro,7-10,,,
4152,C,Maranhão,Tablet,Preta,Católica,Não se interessa,>10,,,
4153,C,Paraná,Smartphone/Celular,Parda,Católica,Centro,7-10,,,
4154,D,Paraíba,Smartphone/Celular,Branca,Católica,Centro Direita,4-6,,,
4155,B,Santa Catarina,Desktop/Computador de mesa,Branca,Judaíca,Não se interessa,1-3,,,
4156,C,São Paulo,Desktop/Computador de mesa,Amarela,Católica,Extrema Direita,>10,,,
4157,C,Rio Grande do Norte,Smartphone/Celular,Branca,Espírita,Não se interessa,1-3,,,
4158,C,Pará,Notebook/Netbook,Amarela,Judaíca,Não se interessa,4-6,,,
4159,E,Amazonas,Outro,Amarela,Católica,Centro Direita,7-10,,,
4160,E,Roraima,Tablet,Parda,Judaíca,Direita,7-10,,,
4161,A,Rio Grande do Norte,Tablet,Amarela,Agnóstico,Centro,7-10,,,
4162,B,Pará,Notebook/Netbook,Parda,Católica,Centro Esquerda,4-6,,,
4163,C,Pará,Notebook/Netbook,Indígena,Agnóstico,Centro,1-3,,,
4164,B,Minas Gerais,Smartphone/Celular,Branca,Espírita,Esquerda,4-6,,,
4165,D,Rio de Janeiro,Smartphone/Celular,Parda,Outras,Direita,4-6,,,
4166,C,Acre,Notebook/Netbook,Parda,Judaíca,Não se interessa,1-3,,,
4167,B,Distrito Federal,Notebook/Netbook,Prefiro não dizer,Agnóstico,Centro,<1,,,
4168,E,Rio Grande do Norte,Desktop/Computador de mesa,Branca,Espírita,Direita,<1,,,
4169,D,Acre,Outro,Amarela,Evangélica,Centro,4-6,,,
4170,C,Paraná,Desktop/Computador de mesa,Preta,Outras,Centro Direita,<1,,,
4171,A,Santa Catarina,Notebook/Netbook,Indígena,Espírita,Direita,1-3,,,
4172,E,São Paulo,Outro,Amarela,Ateu,Extrema Esquerda,>10,,,
4173,A,Acre,Smartphone/Celular,Parda,Ateu,Extrema Esquerda,7-10,,,
4174,A,Santa Catarina,Tablet,Indígena,Espírita,Centro Direita,<1,,,
4175,A,Rio Grande do Sul,Outro,Branca,Evangélica,Extrema Esquerda,7-10,,,
4176,C,Bahia,Notebook/Netbook,Prefiro não dizer,Agnóstico,Extrema Esquerda,4-6,,,
4177,A,São Paulo,Smartphone/Celular,Amarela,Ateu,Direita,1-3,,,
4178,E,Distrito Federal,Tablet,Preta,Católica,Extrema Direita,4-6,,,
4179,B,Acre,Outro,Amarela,Católica,Esquerda,>10,,,
4180,C,Paraná,Tablet,Parda,Ateu,Extrema Esquerda,<1,,,
4181,A,Tocantins,Smartphone/Celular,Prefiro não dizer,Espírita,Extrema Esquerda,7-10,,,
4182,C,Goiás,Outro,Indígena,Ateu,Extrema Direita,4-6,,,
4183,E,Sergipe,Smartphone/Celular,Prefiro não dizer,Espírita,Centro,1-3,,,
4184,E,Tocantins,Smartphone/Celular,Parda,Ateu,Extrema Direita,4-6,,,
4185,B,São Paulo,Desktop/Computador de mesa,Indígena,Agnóstico,Esquerda,7-10,,,
4186,D,Alagoas,Tablet,Amarela,Outras,Centro Esquerda,1-3,,,
4187,C,Mato Grosso do Sul,Smartphone/Celular,Prefiro não dizer,Católica,Extrema Direita,7-10,,,
4188,E,Mato Grosso do Sul,Smartphone/Celular,Parda,Evangélica,Não se interessa,<1,,,
4189,A,Santa Catarina,Desktop/Computador de mesa,Parda,Judaíca,Centro Esquerda,>10,,,
4190,E,São Paulo,Tablet,Branca,Ateu,Centro Direita,4-6,,,
4191,E,Pernambuco,Notebook/Netbook,Amarela,Ateu,Extrema Esquerda,4-6,,,
4192,C,Bahia,Smartphone/Celular,Preta,Evangélica,Centro Direita,1-3,,,
4193,B,Pará,Tablet,Preta,Espírita,Esquerda,1-3,,,
4194,A,Rio de Janeiro,Smartphone/Celular,Prefiro não dizer,Espírita,Extrema Esquerda,<1,,,
4195,E,Distrito Federal,Notebook/Netbook,Preta,Evangélica,Não se interessa,>10,,,
4196,A,Santa Catarina,Desktop/Computador de mesa,Prefiro não dizer,Agnóstico,Centro Direita,7-10,,,
4197,A,Amapá,Outro,Branca,Evangélica,Extrema Direita,>10,,,
4198,E,Roraima,Smartphone/Celular,Amarela,Agnóstico,Esquerda,4-6,,,
4199,E,Maranhão,Tablet,Amarela,Judaíca,Não se interessa,>10,,,
4200,E,Amapá,Outro,Amarela,Outras,Não se interessa,<1,,,
4201,D,Paraíba,Outro,Prefiro não dizer,Agnóstico,Não se interessa,<1,,,
4202,A,Bahia,Outro,Amarela,Judaíca,Centro,1-3,,,
4203,E,Amazonas,Outro,Preta,Outras,Extrema Direita,4-6,,,
4204,D,Ceará,Tablet,Preta,Católica,Centro Esquerda,7-10,,,
4205,A,Tocantins,Outro,Branca,Católica,Não se interessa,>10,,,
4206,A,Pernambuco,Desktop/Computador de mesa,Branca,Ateu,Esquerda,<1,,,
4207,B,Mato Grosso,Smartphone/Celular,Parda,Ateu,Centro Esquerda,4-6,,,
4208,E,Rio Grande do Norte,Smartphone/Celular,Indígena,Agnóstico,Esquerda,7-10,,,
4209,A,Mato Grosso do Sul,Notebook/Netbook,Prefiro não dizer,Agnóstico,Centro,7-10,,,
4210,D,Rio Grande do Sul,Desktop/Computador de mesa,Amarela,Judaíca,Centro Esquerda,<1,,,
4211,C,Mato Grosso do Sul,Outro,Parda,Evangélica,Centro Esquerda,1-3,,,
4212,C,Mato Grosso,Tablet,Branca,Outras,Não se interessa,<1,,,
4213,E,Piauí,Tablet,Prefiro não dizer,Espírita,Centro,1-3,,,
4214,A,Rio Grande do Norte,Tablet,Preta,Católica,Extrema Direita,>10,,,
4215,B,Rio de Janeiro,Notebook/Netbook,Preta,Evangélica,Centro Esquerda,7-10,,,
4216,E,Acre,Desktop/Computador de mesa,Branca,Judaíca,Centro Direita,1-3,,,
4217,D,Tocantins,Desktop/Computador de mesa,Parda,Evangélica,Esquerda,1-3,,,
4218,D,São Paulo,Outro,Branca,Agnóstico,Centro,<1,,,
4219,A,Pará,Tablet,Amarela,Católica,Extrema Direita,4-6,,,
4220,C,Sergipe,Desktop/Computador de mesa,Prefiro não dizer,Agnóstico,Centro,<1,,,
4221,B,Acre,Notebook/Netbook,Amarela,Católica,Extrema Direita,1-3,,,
4222,E,Acre,Smartphone/Celular,Parda,Ateu,Direita,>10,,,
4223,E,Pernambuco,Smartphone/Celular,Amarela,Espírita,Centro Direita,7-10,,,
4224,A,Espírito Santo,Notebook/Netbook,Prefiro não dizer,Ateu,Extrema Direita,<1,,,
4225,A,Mato Grosso,Outro,Branca,Outras,Centro Esquerda,>10,,,
4226,B,Alagoas,Smartphone/Celular,Parda,Ateu,Extrema Direita,1-3,,,
4227,C,Rio Grande do Sul,Desktop/Computador de mesa,Prefiro não dizer,Judaíca,Não se interessa,>10,,,
4228,B,Ceará,Tablet,Preta,Evangélica,Centro Esquerda,>10,,,
4229,B,Santa Catarina,Desktop/Computador de mesa,Prefiro não dizer,Outras,Centro,1-3,,,
4230,B,Distrito Federal,Tablet,Prefiro não dizer,Evangélica,Direita,4-6,,,
4231,D,Amazonas,Notebook/Netbook,Preta,Espírita,Extrema Direita,4-6,,,
4232,A,Mato Grosso,Notebook/Netbook,Branca,Outras,Centro Direita,7-10,,,
4233,E,Sergipe,Outro,Preta,Judaíca,Direita,<1,,,
4234,A,Ceará,Desktop/Computador de mesa,Indígena,Católica,Direita,1-3,,,
4235,E,Acre,Smartphone/Celular,Preta,Ateu,Extrema Esquerda,>10,,,
4236,B,Rondônia,Outro,Prefiro não dizer,Judaíca,Extrema Direita,7-10,,,
4237,E,Paraná,Outro,Prefiro não dizer,Espírita,Centro Esquerda,4-6,,,
4238,E,Santa Catarina,Smartphone/Celular,Parda,Outras,Esquerda,7-10,,,
4239,E,Goiás,Desktop/Computador de mesa,Branca,Judaíca,Centro Direita,<1,,,
4240,B,Mato Grosso,Notebook/Netbook,Preta,Judaíca,Extrema Esquerda,7-10,,,
4241,C,Amazonas,Smartphone/Celular,Parda,Judaíca,Direita,>10,,,
4242,D,Amapá,Tablet,Preta,Espírita,Extrema Direita,1-3,,,
4243,E,Tocantins,Outro,Prefiro não dizer,Agnóstico,Centro,1-3,,,
4244,E,Rio de Janeiro,Desktop/Computador de mesa,Branca,Agnóstico,Direita,>10,,,
4245,C,Acre,Smartphone/Celular,Parda,Outras,Extrema Esquerda,>10,,,
4246,D,São Paulo,Tablet,Parda,Ateu,Centro Direita,1-3,,,
4247,B,São Paulo,Tablet,Preta,Ateu,Extrema Direita,7-10,,,
4248,E,Mato Grosso,Smartphone/Celular,Preta,Espírita,Centro Direita,4-6,,,
4249,D,Paraná,Smartphone/Celular,Indígena,Católica,Não se interessa,4-6,,,
4250,E,Rio Grande do Sul,Desktop/Computador de mesa,Indígena,Judaíca,Centro Esquerda,1-3,,,
4251,D,Ceará,Notebook/Netbook,Branca,Evangélica,Extrema Direita,>10,,,
4252,B,Pará,Desktop/Computador de mesa,Parda,Evangélica,Centro Esquerda,1-3,,,
4253,D,Rio Grande do Sul,Smartphone/Celular,Indígena,Judaíca,Centro Direita,>10,,,
4254,D,Minas Gerais,Smartphone/Celular,Parda,Agnóstico,Esquerda,7-10,,,
4255,E,Pernambuco,Notebook/Netbook,Indígena,Ateu,Centro Esquerda,7-10,,,
4256,E,Santa Catarina,Smartphone/Celular,Amarela,Católica,Centro Esquerda,7-10,,,
4257,A,Tocantins,Desktop/Computador de mesa,Indígena,Católica,Centro Direita,4-6,,,
4258,C,Rondônia,Tablet,Parda,Evangélica,Centro Direita,<1,,,
4259,B,Piauí,Smartphone/Celular,Parda,Judaíca,Esquerda,<1,,,
4260,A,Bahia,Desktop/Computador de mesa,Prefiro não dizer,Agnóstico,Centro Esquerda,4-6,,,
4261,C,Paraíba,Desktop/Computador de mesa,Preta,Ateu,Esquerda,4-6,,,
4262,A,Rio Grande do Sul,Outro,Amarela,Católica,Centro Esquerda,<1,,,
4263,E,Mato Grosso,Smartphone/Celular,Prefiro não dizer,Agnóstico,Centro Direita,>10,,,
4264,D,Pará,Notebook/Netbook,Indígena,Judaíca,Direita,7-10,,,
4265,E,São Paulo,Outro,Amarela,Ateu,Esquerda,1-3,,,
4266,D,Ceará,Smartphone/Celular,Prefiro não dizer,Espírita,Centro,1-3,,,
4267,D,Bahia,Desktop/Computador de mesa,Amarela,Agnóstico,Extrema Direita,<1,,,
4268,D,Minas Gerais,Outro,Preta,Judaíca,Não se interessa,4-6,,,
4269,C,Mato Grosso,Outro,Amarela,Espírita,Extrema Esquerda,1-3,,,
4270,E,Bahia,Outro,Indígena,Católica,Centro Direita,>10,,,
4271,B,Mato Grosso do Sul,Desktop/Computador de mesa,Prefiro não dizer,Ateu,Centro,4-6,,,
4272,C,Bahia,Tablet,Branca,Católica,Direita,4-6,,,
4273,B,Rio Grande do Norte,Tablet,Indígena,Outras,Esquerda,1-3,,,
4274,B,Minas Gerais,Tablet,Prefiro não dizer,Evangélica,Centro Direita,4-6,,,
4275,D,Rio de Janeiro,Outro,Preta,Evangélica,Direita,1-3,,,
4276,A,Pará,Smartphone/Celular,Prefiro não dizer,Judaíca,Centro Direita,7-10,,,
4277,D,Distrito Federal,Tablet,Preta,Judaíca,Extrema Direita,1-3,,,
4278,B,Ceará,Smartphone/Celular,Amarela,Agnóstico,Esquerda,>10,,,
4279,A,Santa Catarina,Tablet,Preta,Ateu,Extrema Esquerda,>10,,,
4280,B,Tocantins,Tablet,Branca,Agnóstico,Centro Direita,7-10,,,
4281,A,Bahia,Smartphone/Celular,Amarela,Agnóstico,Extrema Esquerda,<1,,,
4282,B,Alagoas,Outro,Indígena,Agnóstico,Centro Esquerda,<1,,,
4283,B,Paraná,Outro,Parda,Evangélica,Centro Direita,1-3,,,
4284,B,Rio Grande do Sul,Outro,Branca,Agnóstico,Não se interessa,<1,,,
4285,E,Roraima,Tablet,Indígena,Ateu,Centro Esquerda,7-10,,,
4286,E,Rio de Janeiro,Smartphone/Celular,Preta,Católica,Direita,7-10,,,
4287,E,Paraná,Tablet,Indígena,Judaíca,Centro Direita,<1,,,
4288,E,Paraíba,Desktop/Computador de mesa,Parda,Ateu,Esquerda,4-6,,,
4289,D,Goiás,Notebook/Netbook,Amarela,Judaíca,Extrema Direita,<1,,,
4290,E,Amazonas,Desktop/Computador de mesa,Branca,Católica,Extrema Direita,<1,,,
4291,E,Tocantins,Outro,Parda,Agnóstico,Não se interessa,<1,,,
4292,B,Alagoas,Smartphone/Celular,Amarela,Agnóstico,Não se interessa,4-6,,,
4293,E,Pará,Smartphone/Celular,Parda,Agnóstico,Centro,4-6,,,
4294,B,Sergipe,Smartphone/Celular,Indígena,Evangélica,Centro,>10,,,
4295,E,Sergipe,Smartphone/Celular,Prefiro não dizer,Católica,Extrema Direita,1-3,,,
4296,D,Tocantins,Outro,Indígena,Evangélica,Extrema Direita,4-6,,,
4297,B,Minas Gerais,Tablet,Parda,Evangélica,Não se interessa,7-10,,,
4298,B,Mato Grosso,Tablet,Parda,Judaíca,Não se interessa,4-6,,,
4299,A,São Paulo,Notebook/Netbook,Branca,Católica,Extrema Esquerda,1-3,,,
4300,E,Santa Catarina,Tablet,Prefiro não dizer,Agnóstico,Centro Direita,1-3,,,
4301,E,Distrito Federal,Tablet,Preta,Judaíca,Centro Esquerda,7-10,,,
4302,D,Piauí,Tablet,Branca,Agnóstico,Esquerda,7-10,,,
4303,C,Goiás,Smartphone/Celular,Indígena,Espírita,Esquerda,7-10,,,
4304,D,Rio de Janeiro,Notebook/Netbook,Branca,Evangélica,Esquerda,4-6,,,
4305,D,Maranhão,Desktop/Computador de mesa,Indígena,Judaíca,Centro,<1,,,
4306,A,Paraná,Tablet,Preta,Evangélica,Centro Direita,1-3,,,
4307,E,Bahia,Smartphone/Celular,Prefiro não dizer,Católica,Extrema Esquerda,4-6,,,
4308,D,Pernambuco,Desktop/Computador de mesa,Amarela,Outras,Extrema Direita,<1,,,
4309,B,Rio de Janeiro,Notebook/Netbook,Amarela,Ateu,Extrema Direita,4-6,,,
4310,A,Espírito Santo,Smartphone/Celular,Branca,Judaíca,Não se interessa,<1,,,
4311,A,Ceará,Smartphone/Celular,Branca,Agnóstico,Centro,<1,,,
4312,E,Distrito Federal,Desktop/Computador de mesa,Amarela,Outras,Extrema Esquerda,4-6,,,
4313,C,Paraíba,Notebook/Netbook,Branca,Evangélica,Centro Direita,<1,,,
4314,C,Sergipe,Desktop/Computador de mesa,Amarela,Espírita,Direita,4-6,,,
4315,D,Rio Grande do Norte,Notebook/Netbook,Amarela,Outras,Extrema Esquerda,4-6,,,
4316,D,Paraíba,Tablet,Prefiro não dizer,Evangélica,Não se interessa,>10,,,
4317,B,Rondônia,Tablet,Prefiro não dizer,Agnóstico,Centro Direita,>10,,,
4318,E,Mato Grosso,Tablet,Prefiro não dizer,Católica,Direita,1-3,,,
4319,C,Goiás,Tablet,Parda,Evangélica,Direita,>10,,,
4320,E,Piauí,Outro,Preta,Evangélica,Não se interessa,4-6,,,
4321,A,Sergipe,Desktop/Computador de mesa,Branca,Católica,Esquerda,4-6,,,
4322,E,Goiás,Smartphone/Celular,Branca,Espírita,Centro,<1,,,
4323,D,Amapá,Tablet,Prefiro não dizer,Católica,Centro Direita,7-10,,,
4324,A,Amapá,Tablet,Amarela,Espírita,Centro Esquerda,<1,,,
4325,C,Pará,Tablet,Amarela,Outras,Não se interessa,4-6,,,
4326,A,Espírito Santo,Outro,Branca,Agnóstico,Extrema Esquerda,<1,,,
4327,D,Piauí,Notebook/Netbook,Branca,Espírita,Centro,4-6,,,
4328,B,Goiás,Tablet,Prefiro não dizer,Católica,Centro Esquerda,1-3,,,
4329,C,Paraná,Outro,Branca,Agnóstico,Extrema Direita,4-6,,,
4330,D,Mato Grosso,Desktop/Computador de mesa,Preta,Judaíca,Centro Direita,1-3,,,
4331,A,Espírito Santo,Tablet,Prefiro não dizer,Católica,Centro Esquerda,<1,,,
4332,D,Minas Gerais,Desktop/Computador de mesa,Parda,Espírita,Centro Esquerda,7-10,,,
4333,B,Roraima,Smartphone/Celular,Branca,Outras,Centro,>10,,,
4334,D,Distrito Federal,Tablet,Parda,Ateu,Direita,7-10,,,
4335,E,Ceará,Desktop/Computador de mesa,Amarela,Judaíca,Centro,4-6,,,
4336,C,Mato Grosso do Sul,Tablet,Prefiro não dizer,Católica,Extrema Esquerda,>10,,,
4337,E,Ceará,Notebook/Netbook,Indígena,Espírita,Centro Esquerda,7-10,,,
4338,A,Rondônia,Outro,Preta,Agnóstico,Centro Esquerda,1-3,,,
4339,D,Amazonas,Smartphone/Celular,Amarela,Judaíca,Esquerda,>10,,,
4340,D,Acre,Smartphone/Celular,Amarela,Ateu,Centro,>10,,,
4341,C,Espírito Santo,Notebook/Netbook,Prefiro não dizer,Judaíca,Centro Direita,7-10,,,
4342,C,Rio Grande do Sul,Tablet,Amarela,Outras,Extrema Esquerda,1-3,,,
4343,C,Maranhão,Desktop/Computador de mesa,Prefiro não dizer,Espírita,Centro Esquerda,4-6,,,
4344,A,Mato Grosso do Sul,Smartphone/Celular,Preta,Ateu,Extrema Esquerda,1-3,,,
4345,C,Maranhão,Notebook/Netbook,Branca,Judaíca,Centro Direita,<1,,,
4346,D,São Paulo,Notebook/Netbook,Amarela,Católica,Direita,7-10,,,
4347,D,Bahia,Tablet,Preta,Agnóstico,Centro Direita,7-10,,,
4348,C,Pará,Outro,Branca,Evangélica,Centro,>10,,,
4349,C,Ceará,Desktop/Computador de mesa,Branca,Espírita,Esquerda,1-3,,,
4350,A,Pará,Notebook/Netbook,Prefiro não dizer,Outras,Não se interessa,>10,,,
4351,A,Mato Grosso do Sul,Outro,Amarela,Evangélica,Extrema Direita,7-10,,,
4352,B,Rio de Janeiro,Desktop/Computador de mesa,Prefiro não dizer,Ateu,Esquerda,1-3,,,
4353,C,Amapá,Tablet,Parda,Evangélica,Extrema Esquerda,1-3,,,
4354,E,Distrito Federal,Tablet,Branca,Espírita,Direita,7-10,,,
4355,B,Paraná,Desktop/Computador de mesa,Indígena,Agnóstico,Não se interessa,>10,,,
4356,D,Tocantins,Outro,Parda,Outras,Centro Esquerda,7-10,,,
4357,B,Amapá,Tablet,Amarela,Ateu,Centro Direita,7-10,,,
4358,D,Paraná,Outro,Preta,Ateu,Centro Esquerda,7-10,,,
4359,B,Distrito Federal,Outro,Parda,Outras,Extrema Direita,1-3,,,
4360,E,Espírito Santo,Notebook/Netbook,Preta,Espírita,Direita,4-6,,,
4361,B,Goiás,Notebook/Netbook,Branca,Católica,Extrema Esquerda,<1,,,
4362,A,Goiás,Outro,Preta,Evangélica,Não se interessa,<1,,,
4363,C,Maranhão,Smartphone/Celular,Amarela,Ateu,Extrema Esquerda,>10,,,
4364,D,Paraíba,Smartphone/Celular,Prefiro não dizer,Outras,Esquerda,1-3,,,
4365,D,Santa Catarina,Desktop/Computador de mesa,Parda,Judaíca,Extrema Esquerda,4-6,,,
4366,C,Maranhão,Desktop/Computador de mesa,Branca,Ateu,Extrema Direita,>10,,,
4367,A,Roraima,Smartphone/Celular,Prefiro não dizer,Judaíca,Extrema Direita,4-6,,,
4368,D,Rondônia,Outro,Parda,Ateu,Direita,1-3,,,
4369,B,Rio Grande do Sul,Smartphone/Celular,Amarela,Outras,Esquerda,<1,,,
4370,C,Rio de Janeiro,Notebook/Netbook,Amarela,Evangélica,Esquerda,4-6,,,
4371,C,Amapá,Desktop/Computador de mesa,Preta,Judaíca,Centro Direita,4-6,,,
4372,C,Rondônia,Desktop/Computador de mesa,Indígena,Católica,Extrema Direita,>10,,,
4373,B,Rio Grande do Norte,Outro,Amarela,Espírita,Centro,1-3,,,
4374,D,Pará,Tablet,Preta,Outras,Centro,7-10,,,
4375,C,Bahia,Desktop/Computador de mesa,Prefiro não dizer,Agnóstico,Centro Direita,>10,,,
4376,B,Mato Grosso do Sul,Smartphone/Celular,Indígena,Ateu,Direita,1-3,,,
4377,D,Mato Grosso,Tablet,Prefiro não dizer,Outras,Esquerda,4-6,,,
4378,C,Sergipe,Desktop/Computador de mesa,Indígena,Agnóstico,Centro Direita,1-3,,,
4379,B,Santa Catarina,Outro,Amarela,Evangélica,Extrema Direita,>10,,,
4380,B,Rio Grande do Sul,Desktop/Computador de mesa,Parda,Outras,Extrema Esquerda,>10,,,
4381,C,Goiás,Desktop/Computador de mesa,Parda,Judaíca,Esquerda,4-6,,,
4382,D,Amazonas,Desktop/Computador de mesa,Preta,Evangélica,Centro,4-6,,,
4383,A,Maranhão,Smartphone/Celular,Branca,Católica,Não se interessa,4-6,,,
4384,C,Piauí,Desktop/Computador de mesa,Branca,Evangélica,Centro,>10,,,
4385,D,Rio Grande do Sul,Outro,Prefiro não dizer,Agnóstico,Esquerda,7-10,,,
4386,C,Amapá,Notebook/Netbook,Preta,Outras,Não se interessa,4-6,,,
4387,B,Espírito Santo,Tablet,Parda,Outras,Esquerda,4-6,,,
4388,A,Paraíba,Smartphone/Celular,Amarela,Ateu,Não se interessa,7-10,,,
4389,C,Ceará,Tablet,Parda,Outras,Centro Esquerda,<1,,,
4390,E,Espírito Santo,Smartphone/Celular,Preta,Espírita,Centro Esquerda,4-6,,,
4391,B,Pernambuco,Desktop/Computador de mesa,Prefiro não dizer,Evangélica,Esquerda,1-3,,,
4392,B,Distrito Federal,Notebook/Netbook,Prefiro não dizer,Judaíca,Centro,<1,,,
4393,C,Espírito Santo,Notebook/Netbook,Amarela,Agnóstico,Não se interessa,1-3,,,
4394,D,Rio Grande do Sul,Smartphone/Celular,Prefiro não dizer,Evangélica,Extrema Direita,1-3,,,
4395,A,Roraima,Desktop/Computador de mesa,Amarela,Agnóstico,Centro,1-3,,,
4396,A,Goiás,Outro,Branca,Outras,Centro,<1,,,
4397,D,Alagoas,Outro,Indígena,Judaíca,Não se interessa,1-3,,,
4398,E,Paraíba,Tablet,Indígena,Outras,Centro Direita,1-3,,,
4399,B,Mato Grosso do Sul,Desktop/Computador de mesa,Indígena,Católica,Centro,7-10,,,
4400,A,Pará,Desktop/Computador de mesa,Parda,Ateu,Centro,4-6,,,
4401,C,Ceará,Desktop/Computador de mesa,Indígena,Espírita,Extrema Esquerda,1-3,,,
4402,E,Santa Catarina,Tablet,Preta,Judaíca,Centro,1-3,,,
4403,E,Distrito Federal,Smartphone/Celular,Preta,Agnóstico,Extrema Esquerda,1-3,,,
4404,C,Roraima,Desktop/Computador de mesa,Preta,Católica,Centro Esquerda,<1,,,
4405,C,Goiás,Outro,Indígena,Judaíca,Direita,<1,,,
4406,C,Alagoas,Outro,Indígena,Evangélica,Extrema Esquerda,7-10,,,
4407,C,Piauí,Smartphone/Celular,Parda,Ateu,Direita,1-3,,,
4408,E,Mato Grosso,Outro,Amarela,Espírita,Esquerda,7-10,,,
4409,C,Rio Grande do Norte,Notebook/Netbook,Branca,Católica,Não se interessa,1-3,,,
4410,D,Amazonas,Smartphone/Celular,Branca,Ateu,Esquerda,7-10,,,
4411,A,Ceará,Smartphone/Celular,Parda,Judaíca,Centro Esquerda,<1,,,
4412,C,Goiás,Notebook/Netbook,Branca,Judaíca,Não se interessa,<1,,,
4413,B,Sergipe,Desktop/Computador de mesa,Preta,Judaíca,Extrema Esquerda,<1,,,
4414,B,Ceará,Outro,Indígena,Espírita,Centro Esquerda,<1,,,
4415,D,Rondônia,Notebook/Netbook,Prefiro não dizer,Evangélica,Centro Direita,1-3,,,
4416,A,Mato Grosso,Desktop/Computador de mesa,Parda,Evangélica,Extrema Direita,7-10,,,
4417,C,Rondônia,Smartphone/Celular,Amarela,Ateu,Extrema Esquerda,1-3,,,
4418,B,Sergipe,Tablet,Prefiro não dizer,Espírita,Extrema Direita,7-10,,,
4419,B,Amapá,Smartphone/Celular,Prefiro não dizer,Judaíca,Não se interessa,1-3,,,
4420,D,Minas Gerais,Desktop/Computador de mesa,Parda,Espírita,Extrema Direita,4-6,,,
4421,A,Roraima,Smartphone/Celular,Amarela,Outras,Não se interessa,1-3,,,
4422,C,Alagoas,Smartphone/Celular,Prefiro não dizer,Espírita,Direita,>10,,,
4423,A,São Paulo,Outro,Branca,Espírita,Extrema Esquerda,<1,,,
4424,B,Distrito Federal,Desktop/Computador de mesa,Indígena,Católica,Centro,7-10,,,
4425,A,São Paulo,Desktop/Computador de mesa,Branca,Ateu,Extrema Direita,1-3,,,
4426,D,Tocantins,Desktop/Computador de mesa,Preta,Agnóstico,Não se interessa,1-3,,,
4427,B,Amazonas,Tablet,Branca,Agnóstico,Centro Esquerda,1-3,,,
4428,C,Tocantins,Outro,Preta,Ateu,Centro Direita,4-6,,,
4429,B,Rio de Janeiro,Outro,Indígena,Católica,Extrema Direita,4-6,,,
4430,E,Ceará,Desktop/Computador de mesa,Branca,Judaíca,Não se interessa,4-6,,,
4431,D,Rio Grande do Sul,Notebook/Netbook,Amarela,Agnóstico,Extrema Esquerda,7-10,,,
4432,E,Rio de Janeiro,Notebook/Netbook,Branca,Judaíca,Extrema Esquerda,<1,,,
4433,E,Ceará,Tablet,Prefiro não dizer,Ateu,Esquerda,>10,,,
4434,E,Mato Grosso do Sul,Tablet,Indígena,Católica,Centro Esquerda,4-6,,,
4435,D,Alagoas,Smartphone/Celular,Indígena,Outras,Extrema Direita,7-10,,,
4436,E,Rio Grande do Sul,Tablet,Amarela,Evangélica,Centro Direita,7-10,,,
4437,A,Ceará,Smartphone/Celular,Parda,Católica,Centro Direita,1-3,,,
4438,D,Rio Grande do Norte,Notebook/Netbook,Parda,Agnóstico,Não se interessa,7-10,,,
4439,C,Ceará,Notebook/Netbook,Prefiro não dizer,Agnóstico,Centro Esquerda,1-3,,,
4440,D,Santa Catarina,Desktop/Computador de mesa,Amarela,Ateu,Esquerda,4-6,,,
4441,E,Maranhão,Outro,Branca,Judaíca,Centro Esquerda,1-3,,,
4442,E,Distrito Federal,Outro,Prefiro não dizer,Judaíca,Esquerda,<1,,,
4443,B,Roraima,Desktop/Computador de mesa,Amarela,Evangélica,Não se interessa,<1,,,
4444,D,Alagoas,Tablet,Branca,Outras,Direita,7-10,,,
4445,D,Maranhão,Outro,Amarela,Evangélica,Centro Direita,1-3,,,
4446,B,São Paulo,Outro,Branca,Católica,Esquerda,4-6,,,
4447,B,Rondônia,Outro,Preta,Espírita,Esquerda,>10,,,
4448,E,Rio Grande do Norte,Notebook/Netbook,Prefiro não dizer,Judaíca,Direita,<1,,,
4449,A,São Paulo,Outro,Parda,Outras,Extrema Direita,>10,,,
4450,E,São Paulo,Outro,Parda,Agnóstico,Não se interessa,7-10,,,
4451,E,Pernambuco,Smartphone/Celular,Indígena,Espírita,Extrema Direita,7-10,,,
4452,A,Distrito Federal,Smartphone/Celular,Amarela,Evangélica,Extrema Direita,<1,,,
4453,C,Rondônia,Desktop/Computador de mesa,Parda,Agnóstico,Não se interessa,4-6,,,
4454,E,Acre,Tablet,Parda,Outras,Centro,4-6,,,
4455,B,Alagoas,Desktop/Computador de mesa,Parda,Outras,Centro,1-3,,,
4456,A,Ceará,Tablet,Branca,Evangélica,Centro Esquerda,7-10,,,
4457,B,Ceará,Desktop/Computador de mesa,Amarela,Evangélica,Esquerda,1-3,,,
4458,E,Mato Grosso,Smartphone/Celular,Prefiro não dizer,Católica,Centro Esquerda,1-3,,,
4459,C,Rio Grande do Norte,Desktop/Computador de mesa,Amarela,Agnóstico,Centro,4-6,,,
4460,B,Goiás,Notebook/Netbook,Branca,Outras,Extrema Direita,4-6,,,
4461,D,Goiás,Outro,Preta,Ateu,Centro Esquerda,1-3,,,
4462,E,Piauí,Outro,Parda,Agnóstico,Não se interessa,>10,,,
4463,E,Santa Catarina,Tablet,Prefiro não dizer,Católica,Centro,4-6,,,
4464,A,Paraíba,Tablet,Branca,Agnóstico,Esquerda,4-6,,,
4465,C,São Paulo,Smartphone/Celular,Parda,Outras,Não se interessa,1-3,,,
4466,A,Pernambuco,Tablet,Parda,Evangélica,Não se interessa,4-6,,,
4467,B,Acre,Outro,Branca,Evangélica,Centro Direita,7-10,,,
4468,D,Tocantins,Outro,Prefiro não dizer,Espírita,Esquerda,<1,,,
4469,A,Bahia,Notebook/Netbook,Indígena,Espírita,Centro Direita,7-10,,,
4470,E,São Paulo,Desktop/Computador de mesa,Preta,Judaíca,Centro Direita,>10,,,
4471,B,Maranhão,Outro,Amarela,Espírita,Extrema Esquerda,1-3,,,
4472,E,Goiás,Outro,Prefiro não dizer,Ateu,Direita,1-3,,,
4473,E,Piauí,Tablet,Indígena,Católica,Extrema Esquerda,1-3,,,
4474,A,Rio Grande do Norte,Smartphone/Celular,Parda,Evangélica,Centro Direita,<1,,,
4475,A,Sergipe,Notebook/Netbook,Prefiro não dizer,Agnóstico,Centro Esquerda,<1,,,
4476,E,Tocantins,Tablet,Prefiro não dizer,Católica,Não se interessa,1-3,,,
4477,D,Paraná,Desktop/Computador de mesa,Branca,Ateu,Centro Esquerda,4-6,,,
4478,E,Minas Gerais,Desktop/Computador de mesa,Prefiro não dizer,Agnóstico,Centro,>10,,,
4479,D,Maranhão,Smartphone/Celular,Indígena,Espírita,Extrema Direita,>10,,,
4480,B,Maranhão,Notebook/Netbook,Amarela,Judaíca,Centro Esquerda,<1,,,
4481,C,Amazonas,Outro,Indígena,Católica,Esquerda,7-10,,,
4482,D,Amapá,Tablet,Branca,Espírita,Centro,4-6,,,
4483,A,Sergipe,Tablet,Prefiro não dizer,Evangélica,Extrema Direita,<1,,,
4484,B,Mato Grosso,Smartphone/Celular,Branca,Outras,Extrema Esquerda,4-6,,,
4485,B,Distrito Federal,Smartphone/Celular,Indígena,Agnóstico,Esquerda,1-3,,,
4486,C,Roraima,Notebook/Netbook,Branca,Espírita,Extrema Esquerda,1-3,,,
4487,E,Rio de Janeiro,Smartphone/Celular,Branca,Espírita,Direita,>10,,,
4488,E,Paraíba,Smartphone/Celular,Preta,Outras,Extrema Direita,1-3,,,
4489,A,Rio Grande do Sul,Smartphone/Celular,Amarela,Evangélica,Direita,1-3,,,
4490,E,Espírito Santo,Desktop/Computador de mesa,Prefiro não dizer,Evangélica,Direita,7-10,,,
4491,E,Pernambuco,Notebook/Netbook,Parda,Ateu,Esquerda,4-6,,,
4492,E,Paraná,Notebook/Netbook,Prefiro não dizer,Judaíca,Centro Direita,1-3,,,
4493,A,Goiás,Tablet,Branca,Outras,Extrema Esquerda,>10,,,
4494,D,São Paulo,Outro,Preta,Outras,Extrema Esquerda,4-6,,,
4495,A,Minas Gerais,Desktop/Computador de mesa,Indígena,Católica,Centro Esquerda,4-6,,,
4496,B,Amazonas,Desktop/Computador de mesa,Amarela,Católica,Extrema Esquerda,>10,,,
4497,D,Ceará,Desktop/Computador de mesa,Prefiro não dizer,Judaíca,Centro Direita,7-10,,,
4498,E,Paraná,Outro,Branca,Agnóstico,Não se interessa,>10,,,
4499,C,Rio de Janeiro,Desktop/Computador de mesa,Prefiro não dizer,Espírita,Esquerda,<1,,,
4500,D,Rio Grande do Norte,Desktop/Computador de mesa,Branca,Outras,Centro Esquerda,4-6,,,
4501,D,Sergipe,Desktop/Computador de mesa,Prefiro não dizer,Espírita,Extrema Direita,<1,,,
4502,A,São Paulo,Tablet,Indígena,Evangélica,Centro,4-6,,,
4503,B,Bahia,Notebook/Netbook,Branca,Outras,Centro Direita,4-6,,,
4504,C,Bahia,Tablet,Branca,Judaíca,Centro,4-6,,,
4505,A,Paraná,Outro,Indígena,Evangélica,Extrema Esquerda,<1,,,
4506,B,Acre,Desktop/Computador de mesa,Branca,Evangélica,Centro Esquerda,4-6,,,
4507,E,Alagoas,Desktop/Computador de mesa,Amarela,Outras,Centro Esquerda,1-3,,,
4508,E,Espírito Santo,Tablet,Preta,Espírita,Esquerda,4-6,,,
4509,A,Pará,Outro,Indígena,Judaíca,Esquerda,>10,,,
4510,B,Pernambuco,Smartphone/Celular,Prefiro não dizer,Outras,Não se interessa,1-3,,,
4511,B,Sergipe,Notebook/Netbook,Preta,Outras,Centro Direita,7-10,,,
4512,D,Paraná,Smartphone/Celular,Parda,Agnóstico,Extrema Direita,<1,,,
4513,C,Espírito Santo,Outro,Prefiro não dizer,Outras,Centro,1-3,,,
4514,B,Alagoas,Desktop/Computador de mesa,Preta,Ateu,Extrema Esquerda,1-3,,,
4515,E,Paraíba,Desktop/Computador de mesa,Preta,Ateu,Esquerda,7-10,,,
4516,A,Piauí,Desktop/Computador de mesa,Amarela,Católica,Extrema Esquerda,1-3,,,
4517,B,Rio Grande do Norte,Smartphone/Celular,Amarela,Judaíca,Extrema Esquerda,<1,,,
4518,C,Pará,Tablet,Preta,Agnóstico,Centro Esquerda,<1,,,
4519,D,Pernambuco,Tablet,Prefiro não dizer,Espírita,Esquerda,>10,,,
4520,B,Pernambuco,Smartphone/Celular,Branca,Espírita,Extrema Direita,>10,,,
4521,A,Distrito Federal,Tablet,Branca,Católica,Centro Direita,7-10,,,
4522,B,Tocantins,Tablet,Parda,Agnóstico,Extrema Esquerda,<1,,,
4523,A,São Paulo,Smartphone/Celular,Amarela,Católica,Extrema Esquerda,7-10,,,
4524,C,Amazonas,Smartphone/Celular,Parda,Espírita,Esquerda,1-3,,,
4525,A,Alagoas,Outro,Branca,Católica,Centro Direita,1-3,,,
4526,A,Roraima,Smartphone/Celular,Parda,Judaíca,Extrema Esquerda,4-6,,,
4527,B,Pernambuco,Smartphone/Celular,Amarela,Evangélica,Centro,4-6,,,
4528,D,Paraná,Outro,Preta,Evangélica,Direita,1-3,,,
4529,E,Espírito Santo,Notebook/Netbook,Prefiro não dizer,Outras,Centro Direita,<1,,,
4530,B,Santa Catarina,Notebook/Netbook,Amarela,Judaíca,Não se interessa,4-6,,,
4531,D,Mato Grosso,Notebook/Netbook,Indígena,Evangélica,Centro Esquerda,1-3,,,
4532,D,Distrito Federal,Desktop/Computador de mesa,Preta,Católica,Esquerda,4-6,,,
4533,D,Rio Grande do Sul,Tablet,Branca,Agnóstico,Direita,7-10,,,
4534,B,Paraná,Desktop/Computador de mesa,Preta,Evangélica,Esquerda,4-6,,,
4535,A,Pernambuco,Desktop/Computador de mesa,Amarela,Evangélica,Centro,7-10,,,
4536,E,Paraná,Notebook/Netbook,Parda,Espírita,Direita,7-10,,,
4537,A,Minas Gerais,Outro,Parda,Outras,Não se interessa,4-6,,,
4538,C,Acre,Notebook/Netbook,Amarela,Católica,Esquerda,>10,,,
4539,D,Goiás,Outro,Branca,Ateu,Direita,4-6,,,
4540,A,Paraíba,Smartphone/Celular,Parda,Agnóstico,Direita,<1,,,
4541,B,Maranhão,Desktop/Computador de mesa,Indígena,Católica,Direita,7-10,,,
4542,D,Paraná,Smartphone/Celular,Amarela,Espírita,Extrema Direita,<1,,,
4543,E,Amazonas,Desktop/Computador de mesa,Parda,Católica,Esquerda,<1,,,
4544,C,Rio de Janeiro,Outro,Amarela,Agnóstico,Centro Direita,<1,,,
4545,B,Bahia,Smartphone/Celular,Branca,Católica,Extrema Direita,4-6,,,
4546,D,Alagoas,Notebook/Netbook,Branca,Evangélica,Centro Direita,7-10,,,
4547,A,São Paulo,Outro,Prefiro não dizer,Outras,Centro Esquerda,<1,,,
4548,D,Santa Catarina,Smartphone/Celular,Prefiro não dizer,Católica,Direita,4-6,,,
4549,A,Rio Grande do Sul,Desktop/Computador de mesa,Amarela,Judaíca,Esquerda,1-3,,,
4550,C,Tocantins,Smartphone/Celular,Prefiro não dizer,Agnóstico,Centro Direita,>10,,,
4551,A,Espírito Santo,Outro,Preta,Evangélica,Centro,<1,,,
4552,C,Rio Grande do Sul,Tablet,Indígena,Espírita,Esquerda,<1,,,
4553,E,Pará,Notebook/Netbook,Amarela,Judaíca,Centro Esquerda,<1,,,
4554,E,Alagoas,Tablet,Parda,Espírita,Extrema Direita,4-6,,,
4555,E,Mato Grosso,Smartphone/Celular,Branca,Agnóstico,Não se interessa,1-3,,,
4556,E,Mato Grosso,Desktop/Computador de mesa,Preta,Judaíca,Centro Direita,1-3,,,
4557,A,Amapá,Outro,Prefiro não dizer,Evangélica,Extrema Esquerda,<1,,,
4558,C,Pernambuco,Outro,Branca,Outras,Direita,1-3,,,
4559,C,Maranhão,Notebook/Netbook,Preta,Agnóstico,Extrema Esquerda,7-10,,,
4560,A,Rio de Janeiro,Notebook/Netbook,Indígena,Ateu,Não se interessa,>10,,,
4561,D,Bahia,Desktop/Computador de mesa,Indígena,Judaíca,Extrema Direita,<1,,,
4562,E,Alagoas,Desktop/Computador de mesa,Parda,Evangélica,Não se interessa,>10,,,
4563,D,Acre,Desktop/Computador de mesa,Amarela,Evangélica,Centro Esquerda,<1,,,
4564,A,Espírito Santo,Desktop/Computador de mesa,Amarela,Agnóstico,Centro Esquerda,7-10,,,
4565,B,Rondônia,Tablet,Parda,Evangélica,Centro Direita,>10,,,
4566,E,Ceará,Desktop/Computador de mesa,Branca,Católica,Centro,<1,,,
4567,C,Rondônia,Notebook/Netbook,Amarela,Agnóstico,Centro Esquerda,4-6,,,
4568,E,Acre,Notebook/Netbook,Indígena,Outras,Centro Esquerda,7-10,,,
4569,E,Roraima,Smartphone/Celular,Parda,Ateu,Centro Direita,7-10,,,
4570,B,Tocantins,Desktop/Computador de mesa,Preta,Judaíca,Esquerda,>10,,,
4571,E,Tocantins,Desktop/Computador de mesa,Branca,Ateu,Centro,<1,,,
4572,D,Pará,Tablet,Preta,Ateu,Centro Direita,<1,,,
4573,C,Paraná,Outro,Branca,Espírita,Extrema Esquerda,1-3,,,
4574,D,Pará,Notebook/Netbook,Preta,Espírita,Não se interessa,1-3,,,
4575,D,Minas Gerais,Desktop/Computador de mesa,Preta,Evangélica,Não se interessa,>10,,,
4576,A,Roraima,Notebook/Netbook,Amarela,Judaíca,Centro Direita,4-6,,,
4577,D,Tocantins,Desktop/Computador de mesa,Parda,Evangélica,Centro Direita,1-3,,,
4578,C,Espírito Santo,Desktop/Computador de mesa,Parda,Judaíca,Esquerda,<1,,,
4579,C,Roraima,Desktop/Computador de mesa,Parda,Espírita,Centro Direita,1-3,,,
4580,D,São Paulo,Outro,Preta,Espírita,Extrema Esquerda,1-3,,,
4581,A,São Paulo,Desktop/Computador de mesa,Preta,Judaíca,Centro Direita,>10,,,
4582,E,Mato Grosso do Sul,Outro,Amarela,Católica,Centro Direita,4-6,,,
4583,B,Minas Gerais,Outro,Parda,Outras,Extrema Esquerda,>10,,,
4584,C,Alagoas,Smartphone/Celular,Parda,Espírita,Centro,4-6,,,
4585,B,Acre,Smartphone/Celular,Preta,Agnóstico,Não se interessa,<1,,,
4586,D,Pará,Notebook/Netbook,Branca,Espírita,Extrema Esquerda,1-3,,,
4587,A,São Paulo,Notebook/Netbook,Amarela,Católica,Centro Esquerda,1-3,,,
4588,A,Tocantins,Outro,Branca,Espírita,Esquerda,1-3,,,
4589,A,Rondônia,Smartphone/Celular,Prefiro não dizer,Outras,Não se interessa,<1,,,
4590,D,Paraná,Notebook/Netbook,Indígena,Agnóstico,Centro,1-3,,,
4591,A,Maranhão,Notebook/Netbook,Preta,Agnóstico,Não se interessa,1-3,,,
4592,D,Pará,Smartphone/Celular,Indígena,Católica,Centro,<1,,,
4593,D,Paraíba,Smartphone/Celular,Branca,Outras,Não se interessa,1-3,,,
4594,E,Acre,Desktop/Computador de mesa,Parda,Judaíca,Direita,<1,,,
4595,A,Santa Catarina,Notebook/Netbook,Prefiro não dizer,Agnóstico,Não se interessa,>10,,,
4596,C,Goiás,Smartphone/Celular,Prefiro não dizer,Evangélica,Esquerda,7-10,,,
4597,D,Acre,Smartphone/Celular,Branca,Outras,Centro Direita,1-3,,,
4598,E,Piauí,Tablet,Parda,Evangélica,Extrema Direita,7-10,,,
4599,C,Mato Grosso,Smartphone/Celular,Parda,Judaíca,Não se interessa,>10,,,
4600,D,Maranhão,Outro,Amarela,Católica,Extrema Direita,1-3,,,
4601,E,Paraná,Notebook/Netbook,Indígena,Espírita,Centro Direita,<1,,,
4602,D,Amapá,Smartphone/Celular,Branca,Evangélica,Centro,4-6,,,
4603,C,Minas Gerais,Smartphone/Celular,Amarela,Ateu,Direita,<1,,,
4604,C,Paraíba,Outro,Branca,Espírita,Extrema Esquerda,4-6,,,
4605,E,Tocantins,Smartphone/Celular,Preta,Católica,Direita,<1,,,
4606,C,Piauí,Desktop/Computador de mesa,Branca,Evangélica,Não se interessa,>10,,,
4607,D,Maranhão,Desktop/Computador de mesa,Parda,Agnóstico,Esquerda,<1,,,
4608,C,Paraná,Outro,Indígena,Outras,Centro Direita,>10,,,
4609,E,Pernambuco,Desktop/Computador de mesa,Amarela,Evangélica,Centro Direita,1-3,,,
4610,E,Santa Catarina,Smartphone/Celular,Amarela,Judaíca,Extrema Esquerda,1-3,,,
4611,E,Goiás,Outro,Indígena,Evangélica,Esquerda,4-6,,,
4612,A,Rio de Janeiro,Smartphone/Celular,Preta,Evangélica,Não se interessa,<1,,,
4613,B,Roraima,Outro,Amarela,Evangélica,Esquerda,>10,,,
4614,E,Maranhão,Notebook/Netbook,Indígena,Evangélica,Direita,<1,,,
4615,B,Roraima,Outro,Branca,Agnóstico,Extrema Esquerda,7-10,,,
4616,C,Roraima,Desktop/Computador de mesa,Amarela,Católica,Extrema Direita,<1,,,
4617,C,Amazonas,Smartphone/Celular,Preta,Judaíca,Extrema Direita,>10,,,
4618,A,Roraima,Notebook/Netbook,Amarela,Evangélica,Centro,7-10,,,
4619,B,Rio Grande do Norte,Smartphone/Celular,Prefiro não dizer,Agnóstico,Não se interessa,1-3,,,
4620,C,Maranhão,Smartphone/Celular,Branca,Ateu,Centro Direita,4-6,,,
4621,B,Santa Catarina,Smartphone/Celular,Indígena,Católica,Extrema Direita,4-6,,,
4622,B,São Paulo,Outro,Parda,Espírita,Extrema Direita,1-3,,,
4623,E,Ceará,Desktop/Computador de mesa,Prefiro não dizer,Espírita,Centro,>10,,,
4624,E,Sergipe,Tablet,Parda,Evangélica,Extrema Esquerda,7-10,,,
4625,E,Mato Grosso,Tablet,Branca,Evangélica,Centro Direita,<1,,,
4626,D,Rio Grande do Norte,Notebook/Netbook,Parda,Evangélica,Centro Esquerda,1-3,,,
4627,B,Mato Grosso do Sul,Desktop/Computador de mesa,Branca,Evangélica,Esquerda,7-10,,,
4628,A,Rio Grande do Sul,Desktop/Computador de mesa,Parda,Agnóstico,Centro,4-6,,,
4629,B,Sergipe,Tablet,Indígena,Católica,Extrema Direita,<1,,,
4630,C,Tocantins,Desktop/Computador de mesa,Indígena,Agnóstico,Centro Esquerda,<1,,,
4631,E,Amazonas,Smartphone/Celular,Parda,Espírita,Centro Esquerda,<1,,,
4632,D,Distrito Federal,Desktop/Computador de mesa,Prefiro não dizer,Agnóstico,Centro,1-3,,,
4633,A,Pernambuco,Outro,Amarela,Evangélica,Extrema Esquerda,1-3,,,
4634,C,Paraná,Smartphone/Celular,Prefiro não dizer,Agnóstico,Centro,>10,,,
4635,C,Roraima,Desktop/Computador de mesa,Parda,Evangélica,Extrema Esquerda,<1,,,
4636,B,Santa Catarina,Notebook/Netbook,Indígena,Espírita,Centro Esquerda,<1,,,
4637,E,Roraima,Outro,Indígena,Espírita,Centro Esquerda,<1,,,
4638,B,Maranhão,Smartphone/Celular,Amarela,Agnóstico,Direita,7-10,,,
4639,A,Paraíba,Outro,Amarela,Ateu,Esquerda,7-10,,,
4640,B,Rio Grande do Norte,Tablet,Prefiro não dizer,Evangélica,Esquerda,>10,,,
4641,C,Mato Grosso,Smartphone/Celular,Indígena,Católica,Centro Esquerda,<1,,,
4642,A,Espírito Santo,Notebook/Netbook,Indígena,Judaíca,Não se interessa,>10,,,
4643,A,Paraná,Outro,Indígena,Católica,Extrema Esquerda,>10,,,
4644,D,Santa Catarina,Outro,Indígena,Judaíca,Não se interessa,1-3,,,
4645,C,Rio Grande do Sul,Desktop/Computador de mesa,Branca,Judaíca,Extrema Direita,1-3,,,
4646,C,Goiás,Desktop/Computador de mesa,Indígena,Outras,Centro Direita,<1,,,
4647,E,Bahia,Notebook/Netbook,Indígena,Ateu,Centro Esquerda,7-10,,,
4648,B,São Paulo,Tablet,Branca,Outras,Centro Esquerda,>10,,,
4649,D,Maranhão,Desktop/Computador de mesa,Amarela,Espírita,Extrema Esquerda,4-6,,,
4650,C,Mato Grosso,Outro,Parda,Católica,Esquerda,1-3,,,
4651,E,Pará,Desktop/Computador de mesa,Prefiro não dizer,Espírita,Extrema Direita,1-3,,,
4652,C,Piauí,Smartphone/Celular,Prefiro não dizer,Outras,Centro Direita,1-3,,,
4653,D,Alagoas,Tablet,Amarela,Católica,Direita,4-6,,,
4654,D,Rio Grande do Norte,Notebook/Netbook,Branca,Agnóstico,Não se interessa,<1,,,
4655,E,Tocantins,Notebook/Netbook,Preta,Evangélica,Não se interessa,4-6,,,
4656,B,Paraíba,Notebook/Netbook,Prefiro não dizer,Católica,Centro Direita,<1,,,
4657,A,Minas Gerais,Desktop/Computador de mesa,Preta,Judaíca,Não se interessa,>10,,,
4658,B,Piauí,Outro,Preta,Católica,Centro Esquerda,1-3,,,
4659,E,Maranhão,Desktop/Computador de mesa,Indígena,Agnóstico,Não se interessa,7-10,,,
4660,D,Ceará,Notebook/Netbook,Branca,Católica,Centro Direita,4-6,,,
4661,B,Mato Grosso,Outro,Parda,Espírita,Centro,4-6,,,
4662,A,Pará,Tablet,Branca,Católica,Centro,4-6,,,
4663,D,Distrito Federal,Smartphone/Celular,Indígena,Católica,Extrema Direita,>10,,,
4664,B,Amazonas,Desktop/Computador de mesa,Indígena,Católica,Esquerda,7-10,,,
4665,E,Pernambuco,Desktop/Computador de mesa,Amarela,Outras,Extrema Direita,<1,,,
4666,D,Santa Catarina,Outro,Amarela,Judaíca,Extrema Esquerda,>10,,,
4667,A,Maranhão,Desktop/Computador de mesa,Parda,Católica,Não se interessa,<1,,,
4668,C,Mato Grosso,Tablet,Preta,Espírita,Extrema Esquerda,7-10,,,
4669,E,Amazonas,Notebook/Netbook,Preta,Agnóstico,Direita,7-10,,,
4670,B,Espírito Santo,Notebook/Netbook,Amarela,Judaíca,Centro Esquerda,1-3,,,
4671,B,Minas Gerais,Tablet,Parda,Judaíca,Direita,1-3,,,
4672,B,Alagoas,Notebook/Netbook,Parda,Católica,Centro Direita,4-6,,,
4673,B,Tocantins,Notebook/Netbook,Branca,Judaíca,Esquerda,7-10,,,
4674,B,Mato Grosso do Sul,Desktop/Computador de mesa,Indígena,Judaíca,Centro Esquerda,7-10,,,
4675,D,Rondônia,Smartphone/Celular,Parda,Espírita,Centro Esquerda,>10,,,
4676,A,São Paulo,Outro,Indígena,Judaíca,Extrema Direita,<1,,,
4677,D,Pará,Outro,Prefiro não dizer,Agnóstico,Extrema Direita,1-3,,,
4678,E,Amazonas,Tablet,Branca,Evangélica,Extrema Esquerda,4-6,,,
4679,B,Rondônia,Desktop/Computador de mesa,Branca,Espírita,Centro Esquerda,>10,,,
4680,E,Acre,Smartphone/Celular,Parda,Agnóstico,Esquerda,7-10,,,
4681,C,Piauí,Smartphone/Celular,Parda,Evangélica,Extrema Esquerda,4-6,,,
4682,D,Acre,Desktop/Computador de mesa,Parda,Evangélica,Extrema Direita,4-6,,,
4683,D,Tocantins,Tablet,Parda,Agnóstico,Direita,<1,,,
4684,B,Alagoas,Notebook/Netbook,Branca,Católica,Extrema Esquerda,7-10,,,
4685,E,Acre,Desktop/Computador de mesa,Parda,Judaíca,Esquerda,>10,,,
4686,D,Goiás,Outro,Branca,Agnóstico,Extrema Esquerda,<1,,,
4687,D,Piauí,Smartphone/Celular,Branca,Católica,Centro Esquerda,>10,,,
4688,E,Pará,Tablet,Parda,Agnóstico,Centro Direita,7-10,,,
4689,C,Pará,Tablet,Amarela,Ateu,Extrema Direita,1-3,,,
4690,B,Pernambuco,Outro,Branca,Espírita,Não se interessa,4-6,,,
4691,E,Distrito Federal,Outro,Prefiro não dizer,Outras,Esquerda,1-3,,,
4692,D,Bahia,Desktop/Computador de mesa,Prefiro não dizer,Espírita,Extrema Direita,1-3,,,
4693,E,Paraíba,Tablet,Branca,Católica,Esquerda,<1,,,
4694,E,Roraima,Smartphone/Celular,Parda,Ateu,Centro,>10,,,
4695,D,Alagoas,Tablet,Branca,Ateu,Extrema Esquerda,<1,,,
4696,E,Alagoas,Notebook/Netbook,Preta,Judaíca,Centro Direita,1-3,,,
4697,A,Sergipe,Notebook/Netbook,Prefiro não dizer,Agnóstico,Centro Direita,7-10,,,
4698,B,Maranhão,Notebook/Netbook,Branca,Católica,Direita,4-6,,,
4699,D,Mato Grosso do Sul,Notebook/Netbook,Parda,Espírita,Extrema Direita,4-6,,,
4700,E,Rondônia,Smartphone/Celular,Indígena,Evangélica,Não se interessa,1-3,,,
4701,B,Mato Grosso do Sul,Smartphone/Celular,Parda,Católica,Direita,7-10,,,
4702,D,Rio Grande do Norte,Desktop/Computador de mesa,Preta,Evangélica,Extrema Esquerda,4-6,,,
4703,A,Rio de Janeiro,Smartphone/Celular,Parda,Católica,Extrema Direita,4-6,,,
4704,B,Mato Grosso do Sul,Desktop/Computador de mesa,Prefiro não dizer,Espírita,Direita,>10,,,
4705,B,Pará,Smartphone/Celular,Indígena,Outras,Centro Esquerda,<1,,,
4706,D,Pará,Notebook/Netbook,Indígena,Ateu,Centro Esquerda,1-3,,,
4707,B,Tocantins,Desktop/Computador de mesa,Parda,Espírita,Centro,4-6,,,
4708,B,Rio Grande do Sul,Tablet,Prefiro não dizer,Outras,Centro Esquerda,7-10,,,
4709,D,Tocantins,Smartphone/Celular,Amarela,Espírita,Centro,<1,,,
4710,C,Ceará,Smartphone/Celular,Parda,Judaíca,Extrema Esquerda,1-3,,,
4711,E,Amapá,Outro,Branca,Católica,Extrema Esquerda,1-3,,,
4712,A,Sergipe,Notebook/Netbook,Amarela,Agnóstico,Centro,1-3,,,
4713,B,Pernambuco,Smartphone/Celular,Branca,Outras,Centro Esquerda,7-10,,,
4714,B,Rio Grande do Sul,Desktop/Computador de mesa,Branca,Católica,Extrema Direita,1-3,,,
4715,D,Paraná,Outro,Amarela,Católica,Esquerda,<1,,,
4716,E,Acre,Desktop/Computador de mesa,Amarela,Ateu,Direita,>10,,,
4717,E,Amapá,Smartphone/Celular,Prefiro não dizer,Judaíca,Extrema Esquerda,<1,,,
4718,B,Alagoas,Desktop/Computador de mesa,Parda,Judaíca,Extrema Direita,7-10,,,
4719,C,Paraíba,Smartphone/Celular,Prefiro não dizer,Ateu,Centro Esquerda,1-3,,,
4720,A,Pará,Outro,Indígena,Outras,Direita,<1,,,
4721,D,Santa Catarina,Tablet,Prefiro não dizer,Agnóstico,Extrema Direita,7-10,,,
4722,B,Amapá,Desktop/Computador de mesa,Indígena,Outras,Centro Direita,4-6,,,
4723,A,Rio Grande do Sul,Outro,Parda,Ateu,Centro,<1,,,
4724,A,Tocantins,Tablet,Amarela,Ateu,Centro,>10,,,
4725,E,Alagoas,Desktop/Computador de mesa,Preta,Judaíca,Extrema Esquerda,>10,,,
4726,E,Rio de Janeiro,Smartphone/Celular,Indígena,Ateu,Não se interessa,<1,,,
4727,E,Pernambuco,Smartphone/Celular,Prefiro não dizer,Católica,Extrema Direita,<1,,,
4728,A,Rondônia,Smartphone/Celular,Parda,Evangélica,Esquerda,4-6,,,
4729,C,Sergipe,Outro,Branca,Católica,Centro Direita,<1,,,
4730,C,Rio de Janeiro,Outro,Branca,Espírita,Esquerda,4-6,,,
4731,B,Rio Grande do Sul,Tablet,Preta,Judaíca,Direita,7-10,,,
4732,C,São Paulo,Smartphone/Celular,Amarela,Ateu,Não se interessa,<1,,,
4733,D,Paraná,Smartphone/Celular,Indígena,Outras,Centro Esquerda,1-3,,,
4734,A,Rio de Janeiro,Outro,Amarela,Outras,Não se interessa,>10,,,
4735,B,Paraíba,Smartphone/Celular,Indígena,Evangélica,Extrema Direita,1-3,,,
4736,A,Maranhão,Desktop/Computador de mesa,Indígena,Espírita,Esquerda,7-10,,,
4737,C,Paraíba,Notebook/Netbook,Prefiro não dizer,Evangélica,Extrema Direita,>10,,,
4738,A,Alagoas,Notebook/Netbook,Amarela,Outras,Extrema Direita,7-10,,,
4739,C,Goiás,Outro,Amarela,Judaíca,Esquerda,1-3,,,
4740,E,Ceará,Desktop/Computador de mesa,Parda,Judaíca,Extrema Direita,>10,,,
4741,A,Roraima,Desktop/Computador de mesa,Indígena,Agnóstico,Extrema Direita,<1,,,
4742,E,Santa Catarina,Tablet,Parda,Ateu,Centro Esquerda,>10,,,
4743,E,Minas Gerais,Desktop/Computador de mesa,Indígena,Ateu,Direita,4-6,,,
4744,B,Rio de Janeiro,Outro,Prefiro não dizer,Evangélica,Centro,>10,,,
4745,E,Tocantins,Outro,Indígena,Judaíca,Direita,>10,,,
4746,A,Paraíba,Outro,Indígena,Católica,Extrema Direita,1-3,,,
4747,A,Alagoas,Smartphone/Celular,Parda,Espírita,Extrema Esquerda,1-3,,,
4748,C,Paraíba,Desktop/Computador de mesa,Parda,Ateu,Centro Esquerda,>10,,,
4749,B,Mato Grosso do Sul,Outro,Indígena,Católica,Extrema Direita,7-10,,,
4750,D,Sergipe,Notebook/Netbook,Indígena,Agnóstico,Centro Direita,>10,,,
4751,E,Maranhão,Outro,Indígena,Outras,Não se interessa,4-6,,,
4752,D,Maranhão,Notebook/Netbook,Parda,Espírita,Centro Direita,7-10,,,
4753,E,Amapá,Smartphone/Celular,Branca,Espírita,Centro Direita,>10,,,
4754,D,Mato Grosso,Outro,Branca,Católica,Centro Direita,1-3,,,
4755,E,Amapá,Desktop/Computador de mesa,Prefiro não dizer,Espírita,Centro,4-6,,,
4756,A,Bahia,Desktop/Computador de mesa,Preta,Católica,Centro,4-6,,,
4757,B,Pernambuco,Outro,Indígena,Ateu,Extrema Direita,1-3,,,
4758,D,Bahia,Notebook/Netbook,Prefiro não dizer,Ateu,Centro Direita,>10,,,
4759,C,Mato Grosso do Sul,Smartphone/Celular,Parda,Outras,Extrema Direita,>10,,,
4760,D,São Paulo,Notebook/Netbook,Branca,Ateu,Centro Direita,7-10,,,
4761,E,Goiás,Outro,Preta,Judaíca,Esquerda,<1,,,
4762,B,Amapá,Notebook/Netbook,Parda,Ateu,Centro,4-6,,,
4763,A,Pernambuco,Smartphone/Celular,Amarela,Outras,Direita,<1,,,
4764,D,Rio Grande do Norte,Notebook/Netbook,Branca,Católica,Direita,4-6,,,
4765,C,Maranhão,Notebook/Netbook,Preta,Judaíca,Centro Esquerda,4-6,,,
4766,A,Roraima,Tablet,Branca,Ateu,Direita,<1,,,
4767,B,Minas Gerais,Outro,Parda,Agnóstico,Extrema Esquerda,<1,,,
4768,B,Roraima,Notebook/Netbook,Branca,Outras,Centro,1-3,,,
4769,B,Espírito Santo,Notebook/Netbook,Parda,Outras,Centro Direita,4-6,,,
4770,D,Espírito Santo,Smartphone/Celular,Indígena,Outras,Centro Esquerda,7-10,,,
4771,A,Amapá,Desktop/Computador de mesa,Preta,Ateu,Centro Esquerda,1-3,,,
4772,A,Tocantins,Notebook/Netbook,Parda,Judaíca,Centro,4-6,,,
4773,E,Alagoas,Tablet,Amarela,Ateu,Centro Direita,<1,,,
4774,B,Rio de Janeiro,Desktop/Computador de mesa,Amarela,Ateu,Direita,>10,,,
4775,C,Sergipe,Notebook/Netbook,Amarela,Agnóstico,Centro,7-10,,,
4776,A,Ceará,Desktop/Computador de mesa,Prefiro não dizer,Agnóstico,Não se interessa,>10,,,
4777,B,Espírito Santo,Smartphone/Celular,Preta,Ateu,Não se interessa,4-6,,,
4778,C,Tocantins,Desktop/Computador de mesa,Amarela,Ateu,Esquerda,7-10,,,
4779,C,Rio de Janeiro,Outro,Parda,Evangélica,Centro Direita,7-10,,,
4780,E,Rio Grande do Sul,Outro,Preta,Católica,Centro,7-10,,,
4781,B,Sergipe,Tablet,Indígena,Ateu,Direita,<1,,,
4782,D,Amazonas,Tablet,Prefiro não dizer,Judaíca,Extrema Esquerda,<1,,,
4783,A,Rio de Janeiro,Outro,Branca,Agnóstico,Extrema Esquerda,7-10,,,
4784,E,Paraíba,Desktop/Computador de mesa,Preta,Católica,Centro Direita,1-3,,,
4785,E,Rio Grande do Norte,Notebook/Netbook,Prefiro não dizer,Católica,Centro Esquerda,4-6,,,
4786,C,Pernambuco,Tablet,Indígena,Evangélica,Centro Direita,1-3,,,
4787,C,Bahia,Smartphone/Celular,Indígena,Espírita,Não se interessa,>10,,,
4788,A,Paraíba,Notebook/Netbook,Branca,Agnóstico,Extrema Direita,>10,,,
4789,E,Distrito Federal,Notebook/Netbook,Amarela,Evangélica,Centro Esquerda,4-6,,,
4790,D,São Paulo,Tablet,Parda,Agnóstico,Não se interessa,<1,,,
4791,C,Paraíba,Desktop/Computador de mesa,Indígena,Agnóstico,Direita,1-3,,,
4792,D,Mato Grosso,Smartphone/Celular,Parda,Agnóstico,Direita,<1,,,
4793,E,Distrito Federal,Outro,Prefiro não dizer,Judaíca,Direita,1-3,,,
4794,E,Rio de Janeiro,Desktop/Computador de mesa,Indígena,Ateu,Extrema Esquerda,>10,,,
4795,D,Bahia,Notebook/Netbook,Indígena,Evangélica,Extrema Direita,7-10,,,
4796,D,Minas Gerais,Outro,Indígena,Judaíca,Não se interessa,<1,,,
4797,C,Paraíba,Smartphone/Celular,Preta,Espírita,Esquerda,7-10,,,
4798,D,Minas Gerais,Desktop/Computador de mesa,Branca,Judaíca,Extrema Direita,7-10,,,
4799,C,São Paulo,Tablet,Indígena,Ateu,Direita,1-3,,,
4800,C,Tocantins,Desktop/Computador de mesa,Branca,Judaíca,Extrema Esquerda,1-3,,,
4801,D,Rio Grande do Norte,Tablet,Branca,Agnóstico,Centro Direita,<1,,,
4802,D,Santa Catarina,Tablet,Parda,Católica,Centro,>10,,,
4803,A,Rio Grande do Norte,Notebook/Netbook,Preta,Agnóstico,Esquerda,4-6,,,
4804,C,Ceará,Tablet,Branca,Católica,Extrema Esquerda,4-6,,,
4805,A,Mato Grosso do Sul,Desktop/Computador de mesa,Parda,Espírita,Centro Esquerda,7-10,,,
4806,B,Alagoas,Smartphone/Celular,Parda,Judaíca,Extrema Esquerda,<1,,,
4807,E,Paraná,Smartphone/Celular,Preta,Agnóstico,Centro Esquerda,7-10,,,
4808,E,Rio Grande do Norte,Outro,Indígena,Ateu,Centro Direita,4-6,,,
4809,A,Piauí,Outro,Prefiro não dizer,Evangélica,Extrema Esquerda,1-3,,,
4810,A,Minas Gerais,Desktop/Computador de mesa,Indígena,Agnóstico,Direita,1-3,,,
4811,E,Acre,Desktop/Computador de mesa,Prefiro não dizer,Outras,Extrema Direita,<1,,,
4812,D,Espírito Santo,Outro,Indígena,Outras,Extrema Esquerda,>10,,,
4813,B,Acre,Notebook/Netbook,Preta,Judaíca,Extrema Direita,<1,,,
4814,D,Ceará,Outro,Parda,Católica,Esquerda,1-3,,,
4815,B,Rio Grande do Sul,Outro,Indígena,Evangélica,Esquerda,7-10,,,
4816,D,Santa Catarina,Smartphone/Celular,Parda,Católica,Direita,1-3,,,
4817,A,Pernambuco,Notebook/Netbook,Prefiro não dizer,Católica,Centro Direita,7-10,,,
4818,A,Maranhão,Outro,Indígena,Outras,Extrema Direita,>10,,,
4819,D,Pará,Desktop/Computador de mesa,Prefiro não dizer,Judaíca,Não se interessa,<1,,,
4820,C,Goiás,Desktop/Computador de mesa,Amarela,Outras,Centro Esquerda,7-10,,,
4821,C,Minas Gerais,Tablet,Amarela,Outras,Extrema Esquerda,<1,,,
4822,E,Paraná,Notebook/Netbook,Parda,Evangélica,Extrema Direita,<1,,,
4823,E,Paraná,Outro,Indígena,Agnóstico,Extrema Direita,1-3,,,
4824,A,Santa Catarina,Desktop/Computador de mesa,Branca,Outras,Esquerda,4-6,,,
4825,A,Rio de Janeiro,Tablet,Indígena,Católica,Extrema Direita,4-6,,,
4826,D,Alagoas,Desktop/Computador de mesa,Preta,Ateu,Centro Direita,4-6,,,
4827,B,Distrito Federal,Desktop/Computador de mesa,Amarela,Evangélica,Direita,>10,,,
4828,E,Espírito Santo,Notebook/Netbook,Parda,Evangélica,Centro Direita,7-10,,,
4829,A,Santa Catarina,Desktop/Computador de mesa,Prefiro não dizer,Católica,Direita,>10,,,
4830,D,São Paulo,Notebook/Netbook,Amarela,Agnóstico,Direita,1-3,,,
4831,E,Piauí,Smartphone/Celular,Branca,Espírita,Centro Direita,1-3,,,
4832,D,Rio Grande do Sul,Smartphone/Celular,Prefiro não dizer,Outras,Centro Esquerda,<1,,,
4833,C,Paraná,Smartphone/Celular,Prefiro não dizer,Evangélica,Extrema Esquerda,7-10,,,
4834,B,Mato Grosso do Sul,Desktop/Computador de mesa,Parda,Evangélica,Direita,>10,,,
4835,C,Roraima,Tablet,Prefiro não dizer,Ateu,Centro Direita,>10,,,
4836,A,Mato Grosso,Notebook/Netbook,Amarela,Católica,Extrema Direita,7-10,,,
4837,A,Alagoas,Outro,Indígena,Evangélica,Centro,1-3,,,
4838,B,Rio Grande do Norte,Notebook/Netbook,Prefiro não dizer,Agnóstico,Extrema Direita,7-10,,,
4839,B,Mato Grosso do Sul,Outro,Parda,Católica,Extrema Direita,7-10,,,
4840,D,Tocantins,Smartphone/Celular,Parda,Agnóstico,Centro Direita,7-10,,,
4841,B,Piauí,Notebook/Netbook,Branca,Judaíca,Extrema Direita,>10,,,
4842,D,Acre,Outro,Indígena,Agnóstico,Extrema Esquerda,7-10,,,
4843,A,Amapá,Desktop/Computador de mesa,Amarela,Espírita,Extrema Esquerda,4-6,,,
4844,A,Minas Gerais,Tablet,Prefiro não dizer,Evangélica,Não se interessa,7-10,,,
4845,A,Ceará,Tablet,Branca,Católica,Extrema Esquerda,<1,,,
4846,A,Piauí,Tablet,Parda,Outras,Centro Esquerda,<1,,,
4847,C,Piauí,Tablet,Indígena,Evangélica,Extrema Direita,<1,,,
4848,D,Mato Grosso,Desktop/Computador de mesa,Amarela,Católica,Centro Esquerda,<1,,,
4849,B,Maranhão,Smartphone/Celular,Indígena,Outras,Não se interessa,>10,,,
4850,C,Amazonas,Smartphone/Celular,Prefiro não dizer,Outras,Extrema Direita,7-10,,,
4851,A,Piauí,Tablet,Branca,Judaíca,Centro Direita,7-10,,,
4852,D,Pernambuco,Notebook/Netbook,Parda,Ateu,Centro,1-3,,,
4853,B,Ceará,Outro,Preta,Católica,Centro Direita,1-3,,,
4854,C,Piauí,Outro,Indígena,Ateu,Não se interessa,>10,,,
4855,A,Paraíba,Notebook/Netbook,Preta,Agnóstico,Esquerda,<1,,,
4856,E,Paraná,Tablet,Amarela,Outras,Centro Direita,1-3,,,
4857,C,Sergipe,Tablet,Amarela,Judaíca,Centro Direita,4-6,,,
4858,C,Paraná,Desktop/Computador de mesa,Parda,Agnóstico,Centro,>10,,,
4859,C,Rondônia,Smartphone/Celular,Amarela,Evangélica,Centro Direita,4-6,,,
4860,D,Amapá,Tablet,Parda,Espírita,Extrema Esquerda,>10,,,
4861,D,Espírito Santo,Desktop/Computador de mesa,Preta,Agnóstico,Esquerda,7-10,,,
4862,A,Maranhão,Tablet,Parda,Ateu,Esquerda,>10,,,
4863,A,Rondônia,Smartphone/Celular,Amarela,Católica,Centro,>10,,,
4864,C,Maranhão,Outro,Amarela,Espírita,Centro,1-3,,,
4865,D,Alagoas,Tablet,Amarela,Ateu,Esquerda,4-6,,,
4866,A,Bahia,Tablet,Branca,Outras,Centro Direita,<1,,,
4867,A,Amapá,Outro,Branca,Espírita,Centro Direita,7-10,,,
4868,D,Rio Grande do Sul,Outro,Prefiro não dizer,Outras,Não se interessa,<1,,,
4869,A,Paraíba,Outro,Preta,Judaíca,Centro Esquerda,1-3,,,
4870,D,Pernambuco,Smartphone/Celular,Preta,Evangélica,Centro Esquerda,1-3,,,
4871,C,Sergipe,Smartphone/Celular,Indígena,Outras,Direita,1-3,,,
4872,E,Paraíba,Outro,Amarela,Evangélica,Esquerda,<1,,,
4873,B,Rondônia,Notebook/Netbook,Parda,Evangélica,Esquerda,1-3,,,
4874,E,Paraíba,Desktop/Computador de mesa,Indígena,Judaíca,Extrema Direita,7-10,,,
4875,E,Amapá,Tablet,Indígena,Católica,Centro Direita,<1,,,
4876,A,Espírito Santo,Smartphone/Celular,Preta,Judaíca,Esquerda,<1,,,
4877,E,Sergipe,Tablet,Branca,Outras,Direita,4-6,,,
4878,C,Amapá,Tablet,Parda,Outras,Centro Direita,7-10,,,
4879,B,Amazonas,Notebook/Netbook,Branca,Agnóstico,Centro Direita,>10,,,
4880,A,Santa Catarina,Outro,Indígena,Católica,Não se interessa,1-3,,,
4881,D,Sergipe,Outro,Branca,Católica,Extrema Esquerda,<1,,,
4882,D,Mato Grosso,Outro,Indígena,Outras,Não se interessa,<1,,,
4883,A,São Paulo,Notebook/Netbook,Parda,Ateu,Extrema Esquerda,>10,,,
4884,B,Pernambuco,Desktop/Computador de mesa,Parda,Evangélica,Centro,>10,,,
4885,D,Rio Grande do Sul,Desktop/Computador de mesa,Preta,Ateu,Centro,7-10,,,
4886,E,Rio Grande do Norte,Outro,Parda,Espírita,Centro Esquerda,1-3,,,
4887,C,Alagoas,Outro,Indígena,Judaíca,Centro Esquerda,1-3,,,
4888,E,Mato Grosso do Sul,Notebook/Netbook,Prefiro não dizer,Católica,Centro Esquerda,4-6,,,
4889,C,Piauí,Tablet,Branca,Judaíca,Centro,>10,,,
4890,A,Paraná,Desktop/Computador de mesa,Prefiro não dizer,Outras,Centro Esquerda,<1,,,
4891,E,Ceará,Outro,Amarela,Católica,Não se interessa,7-10,,,
4892,D,Amapá,Notebook/Netbook,Parda,Agnóstico,Esquerda,1-3,,,
4893,E,Rio Grande do Norte,Smartphone/Celular,Amarela,Evangélica,Não se interessa,1-3,,,
4894,C,São Paulo,Outro,Amarela,Católica,Centro Esquerda,7-10,,,
4895,A,Pará,Tablet,Preta,Católica,Não se interessa,1-3,,,
4896,D,Paraná,Smartphone/Celular,Parda,Judaíca,Não se interessa,4-6,,,
4897,E,Rio de Janeiro,Desktop/Computador de mesa,Amarela,Outras,Não se interessa,<1,,,
4898,E,Maranhão,Outro,Parda,Ateu,Direita,<1,,,
4899,D,Acre,Desktop/Computador de mesa,Branca,Judaíca,Centro Esquerda,>10,,,
4900,E,Espírito Santo,Notebook/Netbook,Amarela,Agnóstico,Esquerda,<1,,,
4901,C,Santa Catarina,Outro,Indígena,Evangélica,Centro Direita,>10,,,
4902,E,Tocantins,Notebook/Netbook,Branca,Católica,Não se interessa,>10,,,
4903,A,Minas Gerais,Desktop/Computador de mesa,Branca,Outras,Não se interessa,>10,,,
4904,D,Bahia,Smartphone/Celular,Preta,Outras,Não se interessa,1-3,,,
4905,A,Acre,Outro,Prefiro não dizer,Outras,Extrema Direita,<1,,,
4906,C,Mato Grosso,Notebook/Netbook,Indígena,Outras,Extrema Direita,<1,,,
4907,B,Sergipe,Tablet,Branca,Espírita,Centro Direita,1-3,,,
4908,C,Minas Gerais,Desktop/Computador de mesa,Preta,Católica,Extrema Esquerda,>10,,,
4909,A,Amapá,Desktop/Computador de mesa,Branca,Judaíca,Direita,4-6,,,
4910,E,Paraíba,Smartphone/Celular,Branca,Espírita,Centro Direita,7-10,,,
4911,A,Pernambuco,Tablet,Indígena,Outras,Centro Direita,4-6,,,
4912,A,Espírito Santo,Tablet,Amarela,Espírita,Direita,4-6,,,
4913,E,Pará,Tablet,Branca,Ateu,Extrema Esquerda,<1,,,
4914,D,Piauí,Smartphone/Celular,Preta,Outras,Direita,>10,,,
4915,B,Tocantins,Desktop/Computador de mesa,Preta,Evangélica,Extrema Direita,>10,,,
4916,C,Santa Catarina,Desktop/Computador de mesa,Amarela,Judaíca,Esquerda,7-10,,,
4917,E,Rondônia,Tablet,Parda,Ateu,Centro Esquerda,<1,,,
4918,A,Piauí,Tablet,Branca,Espírita,Centro Esquerda,7-10,,,
4919,B,Mato Grosso do Sul,Smartphone/Celular,Amarela,Agnóstico,Centro,<1,,,
4920,C,Bahia,Desktop/Computador de mesa,Parda,Católica,Extrema Direita,4-6,,,
4921,E,Sergipe,Outro,Indígena,Outras,Extrema Direita,4-6,,,
4922,C,Acre,Smartphone/Celular,Indígena,Espírita,Extrema Direita,>10,,,
4923,C,Rio Grande do Norte,Smartphone/Celular,Prefiro não dizer,Espírita,Centro Esquerda,7-10,,,
4924,C,Bahia,Tablet,Prefiro não dizer,Agnóstico,Esquerda,7-10,,,
4925,B,Piauí,Notebook/Netbook,Amarela,Evangélica,Centro Esquerda,1-3,,,
4926,E,Mato Grosso,Outro,Preta,Espírita,Centro Direita,>10,,,
4927,D,Piauí,Desktop/Computador de mesa,Preta,Evangélica,Centro Direita,>10,,,
4928,E,Amazonas,Tablet,Branca,Evangélica,Centro,1-3,,,
4929,D,Minas Gerais,Notebook/Netbook,Amarela,Agnóstico,Esquerda,4-6,,,
4930,A,São Paulo,Desktop/Computador de mesa,Branca,Ateu,Direita,>10,,,
4931,D,Minas Gerais,Tablet,Preta,Católica,Extrema Direita,7-10,,,
4932,D,Rio de Janeiro,Notebook/Netbook,Amarela,Agnóstico,Centro Esquerda,>10,,,
4933,C,Amapá,Desktop/Computador de mesa,Branca,Agnóstico,Extrema Direita,4-6,,,
4934,C,Distrito Federal,Desktop/Computador de mesa,Indígena,Agnóstico,Não se interessa,4-6,,,
4935,E,Amazonas,Outro,Parda,Evangélica,Direita,<1,,,
4936,D,Amapá,Smartphone/Celular,Prefiro não dizer,Evangélica,Extrema Esquerda,1-3,,,
4937,C,Amazonas,Tablet,Parda,Ateu,Extrema Direita,4-6,,,
4938,C,Maranhão,Desktop/Computador de mesa,Branca,Espírita,Não se interessa,1-3,,,
4939,B,Bahia,Smartphone/Celular,Branca,Católica,Extrema Direita,4-6,,,
4940,A,Pernambuco,Smartphone/Celular,Amarela,Espírita,Centro Esquerda,1-3,,,
4941,E,Bahia,Smartphone/Celular,Indígena,Espírita,Extrema Esquerda,1-3,,,
4942,C,Amazonas,Desktop/Computador de mesa,Preta,Agnóstico,Centro,7-10,,,
4943,B,Ceará,Notebook/Netbook,Preta,Ateu,Não se interessa,>10,,,
4944,C,São Paulo,Smartphone/Celular,Prefiro não dizer,Católica,Centro,1-3,,,
4945,B,Amapá,Smartphone/Celular,Parda,Evangélica,Extrema Esquerda,4-6,,,
4946,C,São Paulo,Notebook/Netbook,Amarela,Judaíca,Esquerda,7-10,,,
4947,C,Distrito Federal,Smartphone/Celular,Amarela,Evangélica,Extrema Direita,>10,,,
4948,E,Bahia,Desktop/Computador de mesa,Parda,Judaíca,Esquerda,4-6,,,
4949,D,Pará,Tablet,Preta,Agnóstico,Centro,<1,,,
4950,E,Piauí,Smartphone/Celular,Preta,Judaíca,Centro,4-6,,,
4951,C,Distrito Federal,Notebook/Netbook,Branca,Outras,Direita,4-6,,,
4952,A,Alagoas,Desktop/Computador de mesa,Prefiro não dizer,Ateu,Centro Esquerda,>10,,,
4953,A,Sergipe,Tablet,Indígena,Evangélica,Centro,<1,,,
4954,B,Mato Grosso,Notebook/Netbook,Indígena,Outras,Centro Esquerda,1-3,,,
4955,D,Rondônia,Tablet,Parda,Evangélica,Centro Esquerda,4-6,,,
4956,B,Maranhão,Notebook/Netbook,Indígena,Católica,Esquerda,7-10,,,
4957,C,Rondônia,Smartphone/Celular,Prefiro não dizer,Judaíca,Centro Direita,>10,,,
4958,A,Espírito Santo,Notebook/Netbook,Preta,Ateu,Centro Direita,>10,,,
4959,B,Rio Grande do Norte,Notebook/Netbook,Parda,Católica,Centro,7-10,,,
4960,B,Mato Grosso do Sul,Tablet,Preta,Espírita,Centro,4-6,,,
4961,C,Amapá,Notebook/Netbook,Prefiro não dizer,Judaíca,Esquerda,4-6,,,
4962,C,Minas Gerais,Notebook/Netbook,Amarela,Agnóstico,Direita,>10,,,
4963,B,Acre,Outro,Preta,Agnóstico,Extrema Esquerda,>10,,,
4964,B,Pará,Desktop/Computador de mesa,Prefiro não dizer,Agnóstico,Centro,>10,,,
4965,D,Piauí,Tablet,Prefiro não dizer,Evangélica,Não se interessa,1-3,,,
4966,A,Bahia,Tablet,Amarela,Ateu,Extrema Esquerda,1-3,,,
4967,C,Alagoas,Notebook/Netbook,Preta,Judaíca,Extrema Direita,1-3,,,
4968,C,Paraná,Notebook/Netbook,Indígena,Judaíca,Não se interessa,>10,,,
4969,C,Distrito Federal,Tablet,Amarela,Católica,Esquerda,<1,,,
4970,D,Amazonas,Desktop/Computador de mesa,Amarela,Evangélica,Centro Direita,<1,,,
4971,A,Rio Grande do Norte,Smartphone/Celular,Preta,Judaíca,Centro,1-3,,,
4972,B,Roraima,Desktop/Computador de mesa,Parda,Espírita,Extrema Esquerda,7-10,,,
4973,D,Rio Grande do Sul,Smartphone/Celular,Branca,Judaíca,Centro,7-10,,,
4974,E,Tocantins,Outro,Indígena,Judaíca,Centro Direita,7-10,,,
4975,B,Piauí,Outro,Prefiro não dizer,Católica,Centro,7-10,,,
4976,D,Rio de Janeiro,Outro,Branca,Agnóstico,Extrema Esquerda,1-3,,,
4977,D,Rondônia,Smartphone/Celular,Parda,Católica,Direita,<1,,,
4978,D,Goiás,Outro,Amarela,Ateu,Extrema Esquerda,7-10,,,
4979,C,Rondônia,Desktop/Computador de mesa,Prefiro não dizer,Ateu,Centro,1-3,,,
4980,D,Sergipe,Desktop/Computador de mesa,Amarela,Agnóstico,Centro Esquerda,7-10,,,
4981,D,Mato Grosso,Desktop/Computador de mesa,Indígena,Outras,Não se interessa,1-3,,,
4982,B,Roraima,Smartphone/Celular,Preta,Espírita,Direita,1-3,,,
4983,A,Minas Gerais,Notebook/Netbook,Indígena,Ateu,Não se interessa,>10,,,
4984,C,Ceará,Desktop/Computador de mesa,Preta,Espírita,Centro,1-3,,,
4985,E,Tocantins,Outro,Parda,Espírita,Centro Direita,7-10,,,
4986,E,Roraima,Desktop/Computador de mesa,Amarela,Católica,Esquerda,>10,,,
4987,E,Alagoas,Outro,Branca,Agnóstico,Centro,<1,,,
4988,E,Rondônia,Outro,Prefiro não dizer,Agnóstico,Direita,7-10,,,
4989,D,Piauí,Smartphone/Celular,Branca,Outras,Extrema Esquerda,>10,,,
4990,E,Mato Grosso,Outro,Indígena,Judaíca,Centro,>10,,,
4991,C,Alagoas,Notebook/Netbook,Branca,Ateu,Extrema Direita,<1,,,
4992,E,Goiás,Desktop/Computador de mesa,Branca,Católica,Extrema Esquerda,<1,,,
4993,E,Paraíba,Tablet,Parda,Católica,Esquerda,7-10,,,
4994,A,Tocantins,Notebook/Netbook,Parda,Agnóstico,Direita,7-10,,,
4995,D,Bahia,Outro,Preta,Ateu,Esquerda,7-10,,,
4996,B,Tocantins,Smartphone/Celular,Indígena,Ateu,Extrema Direita,7-10,,,
4997,C,Alagoas,Desktop/Computador de mesa,Parda,Ateu,Direita,<1,,,
4998,D,Rio Grande do Sul,Outro,Prefiro não dizer,Espírita,Extrema Esquerda,4-6,,,
4999,A,Ceará,Smartphone/Celular,Branca,Ateu,Extrema Esquerda,>10,,,
5000,C,Pará,Desktop/Computador de mesa,Preta,Católica,Centro,<1,,,
5001,D,Amapá,Notebook/Netbook,Parda,Outras,Esquerda,<1,,,
5002,D,Maranhão,Tablet,Indígena,Ateu,Centro Direita,1-3,,,
5003,A,Rondônia,Outro,Branca,Espírita,Centro Esquerda,4-6,,,
5004,C,Amazonas,Outro,Indígena,Ateu,Centro Direita,<1,,,
5005,D,Rondônia,Smartphone/Celular,Amarela,Evangélica,Direita,4-6,,,
5006,A,Mato Grosso,Notebook/Netbook,Parda,Agnóstico,Esquerda,<1,,,
5007,C,Paraíba,Notebook/Netbook,Preta,Católica,Esquerda,1-3,,,
5008,C,Santa Catarina,Desktop/Computador de mesa,Amarela,Judaíca,Extrema Esquerda,>10,,,
5009,B,Tocantins,Notebook/Netbook,Preta,Católica,Extrema Esquerda,7-10,,,
5010,D,Tocantins,Outro,Amarela,Judaíca,Centro Esquerda,>10,,,
5011,E,São Paulo,Outro,Preta,Espírita,Extrema Direita,4-6,,,
5012,C,São Paulo,Desktop/Computador de mesa,Prefiro não dizer,Agnóstico,Não se interessa,7-10,,,
5013,D,Sergipe,Desktop/Computador de mesa,Prefiro não dizer,Judaíca,Não se interessa,<1,,,
5014,E,Rio Grande do Sul,Notebook/Netbook,Parda,Judaíca,Extrema Esquerda,1-3,,,
5015,E,Amazonas,Outro,Amarela,Evangélica,Não se interessa,>10,,,
5016,E,Pará,Desktop/Computador de mesa,Branca,Espírita,Extrema Direita,1-3,,,
5017,D,Acre,Tablet,Parda,Espírita,Extrema Esquerda,4-6,,,
5018,C,Rio Grande do Norte,Outro,Indígena,Espírita,Extrema Direita,7-10,,,
5019,B,Mato Grosso do Sul,Desktop/Computador de mesa,Indígena,Evangélica,Centro Direita,<1,,,
5020,E,Sergipe,Tablet,Prefiro não dizer,Espírita,Esquerda,1-3,,,
5021,B,Mato Grosso do Sul,Smartphone/Celular,Preta,Judaíca,Extrema Direita,<1,,,
5022,B,Paraná,Tablet,Prefiro não dizer,Evangélica,Extrema Direita,>10,,,
5023,B,Rio de Janeiro,Outro,Indígena,Evangélica,Não se interessa,7-10,,,
5024,E,Goiás,Smartphone/Celular,Amarela,Agnóstico,Esquerda,1-3,,,
5025,A,Piauí,Outro,Parda,Evangélica,Não se interessa,4-6,,,
5026,B,Piauí,Desktop/Computador de mesa,Amarela,Agnóstico,Extrema Direita,1-3,,,
5027,D,Sergipe,Outro,Amarela,Agnóstico,Direita,<1,,,
5028,A,Roraima,Notebook/Netbook,Parda,Judaíca,Extrema Direita,<1,,,
5029,E,Rondônia,Tablet,Amarela,Espírita,Centro,<1,,,
5030,D,Mato Grosso do Sul,Notebook/Netbook,Indígena,Outras,Direita,>10,,,
5031,C,Minas Gerais,Smartphone/Celular,Preta,Judaíca,Centro Direita,>10,,,
5032,D,Espírito Santo,Tablet,Indígena,Espírita,Esquerda,1-3,,,
5033,E,Paraíba,Tablet,Prefiro não dizer,Outras,Não se interessa,1-3,,,
5034,E,Mato Grosso,Tablet,Preta,Agnóstico,Não se interessa,7-10,,,
5035,C,Paraíba,Tablet,Parda,Judaíca,Extrema Esquerda,>10,,,
5036,D,São Paulo,Outro,Amarela,Outras,Esquerda,1-3,,,
5037,E,Pernambuco,Tablet,Branca,Outras,Centro,>10,,,
5038,E,Ceará,Smartphone/Celular,Prefiro não dizer,Ateu,Centro,<1,,,
5039,E,Bahia,Smartphone/Celular,Parda,Ateu,Extrema Direita,4-6,,,
5040,C,Santa Catarina,Smartphone/Celular,Prefiro não dizer,Judaíca,Direita,1-3,,,
5041,C,Rio Grande do Norte,Notebook/Netbook,Prefiro não dizer,Judaíca,Centro Esquerda,>10,,,
5042,C,Paraná,Notebook/Netbook,Indígena,Judaíca,Centro Direita,<1,,,
5043,A,Espírito Santo,Outro,Prefiro não dizer,Evangélica,Esquerda,<1,,,
5044,C,Pernambuco,Tablet,Indígena,Agnóstico,Extrema Direita,<1,,,
5045,E,Mato Grosso,Tablet,Branca,Espírita,Extrema Direita,<1,,,
5046,C,Sergipe,Desktop/Computador de mesa,Indígena,Evangélica,Direita,<1,,,
5047,D,Tocantins,Desktop/Computador de mesa,Preta,Espírita,Centro Direita,<1,,,
5048,E,Maranhão,Smartphone/Celular,Indígena,Ateu,Esquerda,7-10,,,
5049,B,Goiás,Desktop/Computador de mesa,Indígena,Judaíca,Extrema Esquerda,1-3,,,
5050,C,Espírito Santo,Desktop/Computador de mesa,Indígena,Outras,Centro,4-6,,,
5051,B,Maranhão,Smartphone/Celular,Parda,Judaíca,Centro,7-10,,,
5052,D,Bahia,Notebook/Netbook,Prefiro não dizer,Outras,Esquerda,1-3,,,
5053,E,Amapá,Outro,Preta,Outras,Esquerda,1-3,,,
5054,D,Rio Grande do Sul,Desktop/Computador de mesa,Preta,Outras,Direita,1-3,,,
5055,E,Alagoas,Tablet,Amarela,Espírita,Direita,4-6,,,
5056,A,Paraná,Tablet,Branca,Outras,Esquerda,4-6,,,
5057,C,Acre,Tablet,Indígena,Outras,Centro Direita,1-3,,,
5058,E,Santa Catarina,Tablet,Prefiro não dizer,Católica,Extrema Direita,4-6,,,
5059,A,Goiás,Desktop/Computador de mesa,Parda,Agnóstico,Extrema Direita,4-6,,,
5060,A,Minas Gerais,Desktop/Computador de mesa,Branca,Outras,Centro Esquerda,<1,,,
5061,A,Paraíba,Notebook/Netbook,Prefiro não dizer,Católica,Centro Direita,7-10,,,
5062,D,Mato Grosso,Smartphone/Celular,Amarela,Outras,Centro Direita,>10,,,
5063,C,Espírito Santo,Tablet,Indígena,Judaíca,Extrema Esquerda,<1,,,
5064,E,Tocantins,Notebook/Netbook,Prefiro não dizer,Espírita,Direita,>10,,,
5065,A,Espírito Santo,Tablet,Amarela,Ateu,Esquerda,4-6,,,
5066,B,Roraima,Notebook/Netbook,Prefiro não dizer,Outras,Extrema Esquerda,4-6,,,
5067,E,Rio Grande do Sul,Desktop/Computador de mesa,Parda,Ateu,Extrema Esquerda,<1,,,
5068,D,Rondônia,Desktop/Computador de mesa,Indígena,Ateu,Esquerda,>10,,,
5069,C,Pernambuco,Notebook/Netbook,Branca,Evangélica,Não se interessa,<1,,,
5070,A,Santa Catarina,Outro,Amarela,Judaíca,Extrema Direita,7-10,,,
5071,A,São Paulo,Notebook/Netbook,Prefiro não dizer,Espírita,Não se interessa,>10,,,
5072,C,Rondônia,Smartphone/Celular,Prefiro não dizer,Evangélica,Extrema Esquerda,1-3,,,
5073,B,Espírito Santo,Notebook/Netbook,Preta,Ateu,Centro Direita,4-6,,,
5074,C,Distrito Federal,Smartphone/Celular,Branca,Católica,Extrema Esquerda,<1,,,
5075,B,Alagoas,Notebook/Netbook,Parda,Judaíca,Centro Esquerda,4-6,,,
5076,E,Rio de Janeiro,Tablet,Preta,Ateu,Centro Esquerda,<1,,,
5077,B,Amazonas,Tablet,Branca,Ateu,Extrema Esquerda,<1,,,
5078,E,Rondônia,Tablet,Prefiro não dizer,Ateu,Extrema Direita,4-6,,,
5079,A,Paraíba,Tablet,Amarela,Ateu,Centro Esquerda,>10,,,
5080,E,Ceará,Tablet,Preta,Católica,Centro,1-3,,,
5081,C,Bahia,Outro,Branca,Agnóstico,Centro Esquerda,7-10,,,
5082,B,Amazonas,Notebook/Netbook,Indígena,Ateu,Extrema Direita,7-10,,,
5083,A,Acre,Tablet,Indígena,Espírita,Extrema Esquerda,4-6,,,
5084,B,Goiás,Notebook/Netbook,Preta,Evangélica,Centro,1-3,,,
5085,C,Mato Grosso,Smartphone/Celular,Preta,Evangélica,Não se interessa,7-10,,,
5086,B,Rio Grande do Sul,Outro,Branca,Judaíca,Centro,1-3,,,
5087,E,Alagoas,Notebook/Netbook,Indígena,Evangélica,Não se interessa,<1,,,
5088,E,Pernambuco,Smartphone/Celular,Preta,Outras,Não se interessa,1-3,,,
5089,A,Minas Gerais,Notebook/Netbook,Branca,Outras,Centro,>10,,,
5090,C,Rio Grande do Norte,Smartphone/Celular,Parda,Outras,Centro,7-10,,,
5091,A,Santa Catarina,Notebook/Netbook,Prefiro não dizer,Católica,Extrema Direita,<1,,,
5092,C,Alagoas,Desktop/Computador de mesa,Preta,Católica,Centro Direita,>10,,,
5093,A,Amazonas,Desktop/Computador de mesa,Preta,Espírita,Centro,<1,,,
5094,C,Acre,Outro,Amarela,Outras,Extrema Esquerda,>10,,,
5095,B,Tocantins,Smartphone/Celular,Prefiro não dizer,Evangélica,Centro Esquerda,<1,,,
5096,D,Piauí,Outro,Amarela,Evangélica,Não se interessa,7-10,,,
5097,D,Rio de Janeiro,Tablet,Amarela,Evangélica,Extrema Direita,4-6,,,
5098,A,Rondônia,Smartphone/Celular,Prefiro não dizer,Ateu,Extrema Direita,>10,,,
5099,E,Paraná,Notebook/Netbook,Indígena,Espírita,Centro,1-3,,,
5100,A,Goiás,Outro,Branca,Ateu,Centro Esquerda,4-6,,,
5101,B,Rondônia,Smartphone/Celular,Parda,Ateu,Não se interessa,1-3,,,
5102,A,Tocantins,Outro,Preta,Espírita,Não se interessa,4-6,,,
5103,D,Sergipe,Tablet,Preta,Evangélica,Centro Esquerda,>10,,,
5104,E,Rondônia,Desktop/Computador de mesa,Prefiro não dizer,Outras,Extrema Esquerda,1-3,,,
5105,E,Minas Gerais,Tablet,Parda,Católica,Centro Esquerda,>10,,,
5106,E,Espírito Santo,Smartphone/Celular,Prefiro não dizer,Outras,Centro Esquerda,>10,,,
5107,B,Minas Gerais,Smartphone/Celular,Branca,Ateu,Esquerda,1-3,,,
5108,C,Rio de Janeiro,Outro,Parda,Agnóstico,Centro,7-10,,,
5109,E,Mato Grosso do Sul,Smartphone/Celular,Parda,Evangélica,Não se interessa,<1,,,
5110,B,Amapá,Tablet,Parda,Católica,Centro Direita,7-10,,,
5111,C,Minas Gerais,Smartphone/Celular,Branca,Católica,Extrema Esquerda,7-10,,,
5112,E,Paraíba,Smartphone/Celular,Amarela,Católica,Esquerda,<1,,,
5113,C,Rio de Janeiro,Outro,Indígena,Outras,Não se interessa,7-10,,,
5114,D,Alagoas,Notebook/Netbook,Prefiro não dizer,Outras,Não se interessa,<1,,,
5115,E,Rondônia,Notebook/Netbook,Amarela,Evangélica,Centro Esquerda,<1,,,
5116,A,Alagoas,Outro,Preta,Ateu,Centro Direita,4-6,,,
5117,A,Minas Gerais,Notebook/Netbook,Preta,Agnóstico,Extrema Esquerda,4-6,,,
5118,B,Mato Grosso do Sul,Smartphone/Celular,Branca,Evangélica,Extrema Esquerda,4-6,,,
5119,C,Alagoas,Smartphone/Celular,Indígena,Espírita,Esquerda,>10,,,
5120,C,Paraná,Tablet,Amarela,Espírita,Extrema Esquerda,>10,,,
5121,C,Pará,Tablet,Prefiro não dizer,Evangélica,Centro,1-3,,,
5122,D,Maranhão,Tablet,Amarela,Outras,Extrema Esquerda,>10,,,
5123,A,Paraná,Smartphone/Celular,Indígena,Judaíca,Centro,1-3,,,
5124,A,Piauí,Notebook/Netbook,Prefiro não dizer,Espírita,Extrema Direita,4-6,,,
5125,D,Ceará,Tablet,Parda,Agnóstico,Centro,7-10,,,
5126,B,Ceará,Desktop/Computador de mesa,Branca,Agnóstico,Centro,>10,,,
5127,E,Mato Grosso,Smartphone/Celular,Branca,Outras,Esquerda,1-3,,,
5128,B,Ceará,Outro,Preta,Judaíca,Não se interessa,4-6,,,
5129,C,Amazonas,Outro,Preta,Católica,Centro Esquerda,4-6,,,
5130,E,Rondônia,Outro,Prefiro não dizer,Evangélica,Extrema Direita,7-10,,,
5131,E,Santa Catarina,Smartphone/Celular,Preta,Ateu,Centro Esquerda,7-10,,,
5132,E,Ceará,Outro,Parda,Ateu,Não se interessa,<1,,,
5133,B,São Paulo,Tablet,Preta,Católica,Centro Esquerda,>10,,,
5134,B,Rio de Janeiro,Notebook/Netbook,Branca,Espírita,Esquerda,<1,,,
5135,E,Rondônia,Smartphone/Celular,Prefiro não dizer,Outras,Não se interessa,<1,,,
5136,C,Piauí,Smartphone/Celular,Amarela,Agnóstico,Centro Direita,<1,,,
5137,D,Rio Grande do Sul,Notebook/Netbook,Amarela,Agnóstico,Não se interessa,<1,,,
5138,D,Mato Grosso,Smartphone/Celular,Prefiro não dizer,Ateu,Não se interessa,4-6,,,
5139,B,Rondônia,Tablet,Branca,Espírita,Esquerda,>10,,,
5140,E,Rio Grande do Norte,Outro,Parda,Evangélica,Direita,7-10,,,
5141,A,Tocantins,Desktop/Computador de mesa,Preta,Judaíca,Extrema Direita,>10,,,
5142,D,Alagoas,Desktop/Computador de mesa,Indígena,Judaíca,Direita,4-6,,,
5143,A,São Paulo,Desktop/Computador de mesa,Amarela,Evangélica,Extrema Esquerda,<1,,,
5144,D,Amazonas,Tablet,Preta,Agnóstico,Não se interessa,<1,,,
5145,B,Sergipe,Smartphone/Celular,Amarela,Judaíca,Centro,7-10,,,
5146,A,Distrito Federal,Smartphone/Celular,Parda,Agnóstico,Extrema Esquerda,7-10,,,
5147,B,Amazonas,Smartphone/Celular,Indígena,Ateu,Não se interessa,1-3,,,
5148,E,Minas Gerais,Outro,Branca,Evangélica,Centro,>10,,,
5149,A,Distrito Federal,Notebook/Netbook,Preta,Agnóstico,Extrema Direita,1-3,,,
5150,E,Maranhão,Outro,Prefiro não dizer,Evangélica,Centro Esquerda,4-6,,,
5151,B,Goiás,Tablet,Parda,Espírita,Direita,<1,,,
5152,C,Bahia,Outro,Indígena,Judaíca,Centro Esquerda,1-3,,,
5153,E,Paraná,Tablet,Preta,Judaíca,Não se interessa,1-3,,,
5154,B,Minas Gerais,Notebook/Netbook,Parda,Judaíca,Centro Esquerda,<1,,,
5155,B,Alagoas,Desktop/Computador de mesa,Branca,Católica,Extrema Direita,<1,,,
5156,E,Mato Grosso,Desktop/Computador de mesa,Parda,Outras,Centro Direita,>10,,,
5157,E,Roraima,Smartphone/Celular,Prefiro não dizer,Católica,Centro,7-10,,,
5158,D,Rio Grande do Norte,Outro,Parda,Evangélica,Direita,>10,,,
5159,C,Amapá,Smartphone/Celular,Branca,Católica,Extrema Esquerda,<1,,,
5160,B,Amapá,Notebook/Netbook,Indígena,Evangélica,Extrema Direita,7-10,,,
5161,E,Acre,Notebook/Netbook,Branca,Evangélica,Centro Esquerda,4-6,,,
5162,E,Rio Grande do Sul,Desktop/Computador de mesa,Prefiro não dizer,Judaíca,Direita,4-6,,,
5163,D,Ceará,Desktop/Computador de mesa,Prefiro não dizer,Agnóstico,Extrema Esquerda,>10,,,
5164,A,Espírito Santo,Tablet,Amarela,Agnóstico,Extrema Direita,1-3,,,
5165,C,Santa Catarina,Tablet,Branca,Espírita,Extrema Esquerda,4-6,,,
5166,A,Rondônia,Notebook/Netbook,Parda,Ateu,Extrema Esquerda,4-6,,,
5167,A,Espírito Santo,Tablet,Preta,Católica,Direita,7-10,,,
5168,D,Amapá,Smartphone/Celular,Indígena,Judaíca,Centro,>10,,,
5169,A,Rio Grande do Sul,Tablet,Parda,Evangélica,Não se interessa,7-10,,,
5170,E,Santa Catarina,Tablet,Indígena,Judaíca,Extrema Esquerda,4-6,,,
5171,E,Bahia,Outro,Amarela,Agnóstico,Extrema Esquerda,7-10,,,
5172,C,Acre,Outro,Amarela,Agnóstico,Esquerda,<1,,,
5173,A,Santa Catarina,Smartphone/Celular,Amarela,Agnóstico,Centro,1-3,,,
5174,C,Roraima,Tablet,Amarela,Evangélica,Extrema Esquerda,<1,,,
5175,B,Acre,Tablet,Parda,Outras,Direita,<1,,,
5176,D,Rio Grande do Norte,Smartphone/Celular,Indígena,Evangélica,Centro Esquerda,1-3,,,
5177,E,Roraima,Smartphone/Celular,Parda,Outras,Centro Direita,7-10,,,
5178,B,Rio Grande do Sul,Notebook/Netbook,Branca,Espírita,Esquerda,>10,,,
5179,B,Acre,Smartphone/Celular,Indígena,Ateu,Extrema Direita,<1,,,
5180,C,Minas Gerais,Smartphone/Celular,Amarela,Espírita,Centro,>10,,,
5181,C,Roraima,Smartphone/Celular,Amarela,Católica,Não se interessa,7-10,,,
5182,C,Goiás,Tablet,Prefiro não dizer,Católica,Não se interessa,1-3,,,
5183,B,Paraíba,Outro,Prefiro não dizer,Agnóstico,Esquerda,7-10,,,
5184,C,Sergipe,Tablet,Parda,Judaíca,Centro Esquerda,7-10,,,
5185,C,Amapá,Outro,Branca,Católica,Direita,4-6,,,
5186,A,Mato Grosso,Notebook/Netbook,Branca,Espírita,Centro Esquerda,1-3,,,
5187,D,Rio de Janeiro,Notebook/Netbook,Indígena,Judaíca,Não se interessa,<1,,,
5188,B,Roraima,Notebook/Netbook,Prefiro não dizer,Agnóstico,Extrema Direita,1-3,,,
5189,E,Alagoas,Outro,Prefiro não dizer,Evangélica,Centro Direita,1-3,,,
5190,A,Rio de Janeiro,Outro,Indígena,Judaíca,Centro Esquerda,1-3,,,
5191,B,Rio Grande do Sul,Notebook/Netbook,Prefiro não dizer,Católica,Centro Esquerda,<1,,,
5192,D,Sergipe,Smartphone/Celular,Parda,Judaíca,Extrema Esquerda,4-6,,,
5193,B,Rio Grande do Sul,Smartphone/Celular,Prefiro não dizer,Judaíca,Não se interessa,4-6,,,
5194,B,Piauí,Tablet,Amarela,Agnóstico,Não se interessa,7-10,,,
5195,E,Goiás,Desktop/Computador de mesa,Preta,Outras,Extrema Direita,1-3,,,
5196,D,Distrito Federal,Outro,Branca,Católica,Não se interessa,>10,,,
5197,E,Sergipe,Outro,Parda,Católica,Centro Esquerda,1-3,,,
5198,A,Minas Gerais,Outro,Preta,Ateu,Não se interessa,4-6,,,
5199,C,Paraná,Tablet,Branca,Espírita,Não se interessa,>10,,,
5200,A,Bahia,Notebook/Netbook,Preta,Agnóstico,Centro Esquerda,<1,,,
5201,C,Bahia,Notebook/Netbook,Amarela,Católica,Extrema Direita,>10,,,
5202,D,São Paulo,Smartphone/Celular,Prefiro não dizer,Evangélica,Extrema Esquerda,>10,,,
5203,C,Roraima,Notebook/Netbook,Indígena,Judaíca,Direita,1-3,,,
5204,A,Distrito Federal,Desktop/Computador de mesa,Prefiro não dizer,Judaíca,Não se interessa,1-3,,,
5205,A,Santa Catarina,Tablet,Prefiro não dizer,Evangélica,Direita,<1,,,
5206,E,Acre,Outro,Prefiro não dizer,Outras,Extrema Direita,<1,,,
5207,B,Pará,Smartphone/Celular,Prefiro não dizer,Judaíca,Extrema Direita,1-3,,,
5208,B,Santa Catarina,Outro,Preta,Agnóstico,Centro Esquerda,7-10,,,
5209,B,Alagoas,Desktop/Computador de mesa,Parda,Espírita,Esquerda,>10,,,
5210,B,Minas Gerais,Smartphone/Celular,Prefiro não dizer,Judaíca,Centro Esquerda,>10,,,
5211,A,Goiás,Outro,Prefiro não dizer,Judaíca,Extrema Direita,4-6,,,
5212,A,Rio Grande do Norte,Tablet,Amarela,Outras,Extrema Esquerda,>10,,,
5213,E,Paraíba,Tablet,Parda,Judaíca,Não se interessa,1-3,,,
5214,D,Tocantins,Notebook/Netbook,Indígena,Judaíca,Não se interessa,<1,,,
5215,A,Amapá,Smartphone/Celular,Preta,Agnóstico,Centro Esquerda,4-6,,,
5216,B,São Paulo,Notebook/Netbook,Prefiro não dizer,Outras,Extrema Esquerda,>10,,,
5217,B,Piauí,Tablet,Indígena,Agnóstico,Não se interessa,1-3,,,
5218,E,Maranhão,Desktop/Computador de mesa,Parda,Judaíca,Extrema Direita,>10,,,
5219,E,Paraíba,Smartphone/Celular,Amarela,Outras,Esquerda,1-3,,,
5220,E,Ceará,Smartphone/Celular,Amarela,Agnóstico,Centro Direita,>10,,,
5221,A,Alagoas,Desktop/Computador de mesa,Amarela,Espírita,Esquerda,>10,,,
5222,E,Amapá,Notebook/Netbook,Prefiro não dizer,Judaíca,Centro,<1,,,
5223,C,Distrito Federal,Notebook/Netbook,Branca,Judaíca,Extrema Esquerda,>10,,,
5224,A,São Paulo,Smartphone/Celular,Prefiro não dizer,Outras,Direita,>10,,,
5225,D,Pernambuco,Smartphone/Celular,Prefiro não dizer,Agnóstico,Direita,>10,,,
5226,A,Mato Grosso,Smartphone/Celular,Branca,Judaíca,Esquerda,4-6,,,
5227,D,Alagoas,Notebook/Netbook,Parda,Judaíca,Centro Direita,7-10,,,
5228,C,Minas Gerais,Notebook/Netbook,Prefiro não dizer,Judaíca,Centro,1-3,,,
5229,A,Paraná,Smartphone/Celular,Branca,Católica,Esquerda,4-6,,,
5230,A,Ceará,Tablet,Indígena,Ateu,Centro Direita,7-10,,,
5231,D,Maranhão,Outro,Indígena,Outras,Centro,7-10,,,
5232,B,Rio de Janeiro,Smartphone/Celular,Prefiro não dizer,Espírita,Centro Direita,<1,,,
5233,D,Rio de Janeiro,Desktop/Computador de mesa,Amarela,Judaíca,Centro,1-3,,,
5234,D,Sergipe,Outro,Amarela,Agnóstico,Centro Direita,>10,,,
5235,D,Ceará,Desktop/Computador de mesa,Amarela,Outras,Centro,1-3,,,
5236,A,Amapá,Smartphone/Celular,Branca,Católica,Não se interessa,7-10,,,
5237,B,Mato Grosso do Sul,Desktop/Computador de mesa,Amarela,Outras,Extrema Esquerda,<1,,,
5238,C,Paraíba,Notebook/Netbook,Preta,Agnóstico,Extrema Esquerda,<1,,,
5239,D,Acre,Tablet,Amarela,Evangélica,Centro,4-6,,,
5240,C,Santa Catarina,Notebook/Netbook,Branca,Ateu,Esquerda,7-10,,,
5241,B,Piauí,Desktop/Computador de mesa,Preta,Agnóstico,Não se interessa,7-10,,,
5242,A,Alagoas,Tablet,Prefiro não dizer,Evangélica,Não se interessa,4-6,,,
5243,C,Mato Grosso do Sul,Notebook/Netbook,Branca,Agnóstico,Não se interessa,4-6,,,
5244,C,Paraná,Notebook/Netbook,Indígena,Católica,Não se interessa,1-3,,,
5245,B,Tocantins,Outro,Amarela,Espírita,Esquerda,<1,,,
5246,D,Amazonas,Desktop/Computador de mesa,Branca,Espírita,Extrema Esquerda,<1,,,
5247,A,Pará,Tablet,Preta,Ateu,Centro Esquerda,<1,,,
5248,D,Goiás,Outro,Prefiro não dizer,Espírita,Direita,4-6,,,
5249,D,Tocantins,Tablet,Prefiro não dizer,Agnóstico,Centro Direita,7-10,,,
5250,A,Bahia,Notebook/Netbook,Preta,Agnóstico,Centro Esquerda,>10,,,
5251,E,Rondônia,Smartphone/Celular,Branca,Agnóstico,Centro,4-6,,,
5252,A,Sergipe,Desktop/Computador de mesa,Preta,Católica,Extrema Esquerda,<1,,,
5253,B,Espírito Santo,Smartphone/Celular,Prefiro não dizer,Ateu,Centro,4-6,,,
5254,B,Santa Catarina,Desktop/Computador de mesa,Branca,Evangélica,Extrema Direita,7-10,,,
5255,B,Amazonas,Smartphone/Celular,Prefiro não dizer,Espírita,Extrema Esquerda,4-6,,,
5256,B,Rio Grande do Norte,Outro,Parda,Espírita,Esquerda,7-10,,,
5257,A,Pernambuco,Notebook/Netbook,Prefiro não dizer,Evangélica,Centro Esquerda,4-6,,,
5258,C,Mato Grosso do Sul,Smartphone/Celular,Preta,Católica,Centro Esquerda,>10,,,
5259,D,Rio Grande do Norte,Smartphone/Celular,Preta,Católica,Centro Esquerda,1-3,,,
5260,C,Mato Grosso,Smartphone/Celular,Preta,Espírita,Centro Direita,7-10,,,
5261,A,Mato Grosso,Outro,Parda,Outras,Centro Esquerda,4-6,,,
5262,C,Espírito Santo,Notebook/Netbook,Amarela,Ateu,Centro Esquerda,7-10,,,
5263,B,Amazonas,Desktop/Computador de mesa,Amarela,Ateu,Centro Direita,1-3,,,
5264,A,Minas Gerais,Desktop/Computador de mesa,Amarela,Ateu,Centro Direita,>10,,,
5265,E,Ceará,Tablet,Indígena,Ateu,Esquerda,7-10,,,
5266,C,Rio Grande do Sul,Smartphone/Celular,Prefiro não dizer,Outras,Centro Direita,4-6,,,
5267,D,Acre,Smartphone/Celular,Branca,Espírita,Esquerda,1-3,,,
5268,D,Alagoas,Desktop/Computador de mesa,Preta,Católica,Centro Direita,1-3,,,
5269,D,Minas Gerais,Smartphone/Celular,Indígena,Católica,Direita,<1,,,
5270,B,Bahia,Tablet,Branca,Judaíca,Não se interessa,7-10,,,
5271,E,Rondônia,Tablet,Branca,Espírita,Extrema Esquerda,4-6,,,
5272,E,Santa Catarina,Desktop/Computador de mesa,Amarela,Católica,Extrema Esquerda,7-10,,,
5273,B,Goiás,Outro,Preta,Agnóstico,Não se interessa,1-3,,,
5274,A,Tocantins,Tablet,Branca,Outras,Não se interessa,<1,,,
5275,B,Piauí,Smartphone/Celular,Indígena,Católica,Centro Direita,>10,,,
5276,D,Paraíba,Notebook/Netbook,Parda,Católica,Centro Esquerda,<1,,,
5277,D,Pará,Notebook/Netbook,Amarela,Evangélica,Centro Esquerda,1-3,,,
5278,C,São Paulo,Outro,Indígena,Ateu,Centro Direita,>10,,,
5279,E,Rondônia,Outro,Parda,Ateu,Direita,1-3,,,
5280,B,Tocantins,Notebook/Netbook,Indígena,Católica,Centro Direita,7-10,,,
5281,B,Tocantins,Notebook/Netbook,Indígena,Evangélica,Centro,<1,,,
5282,A,Espírito Santo,Notebook/Netbook,Preta,Ateu,Esquerda,4-6,,,
5283,A,Ceará,Notebook/Netbook,Amarela,Judaíca,Direita,1-3,,,
5284,E,Espírito Santo,Tablet,Amarela,Judaíca,Não se interessa,7-10,,,
5285,A,Tocantins,Tablet,Parda,Judaíca,Direita,1-3,,,
5286,A,Distrito Federal,Tablet,Amarela,Evangélica,Extrema Direita,>10,,,
5287,B,Amapá,Smartphone/Celular,Indígena,Católica,Não se interessa,1-3,,,
5288,C,Paraíba,Desktop/Computador de mesa,Preta,Evangélica,Centro Direita,>10,,,
5289,A,Tocantins,Outro,Indígena,Outras,Direita,1-3,,,
5290,C,Mato Grosso,Smartphone/Celular,Indígena,Outras,Centro Direita,>10,,,
5291,D,Paraíba,Desktop/Computador de mesa,Parda,Ateu,Não se interessa,>10,,,
5292,A,Ceará,Outro,Prefiro não dizer,Católica,Esquerda,<1,,,
5293,E,Tocantins,Outro,Parda,Ateu,Direita,4-6,,,
5294,E,Rondônia,Outro,Branca,Judaíca,Centro Esquerda,<1,,,
5295,C,Mato Grosso,Outro,Amarela,Agnóstico,Centro Direita,>10,,,
5296,D,Rondônia,Notebook/Netbook,Indígena,Evangélica,Não se interessa,4-6,,,
5297,D,Mato Grosso do Sul,Notebook/Netbook,Amarela,Outras,Centro Esquerda,4-6,,,
5298,E,Goiás,Smartphone/Celular,Prefiro não dizer,Agnóstico,Centro,4-6,,,
5299,D,Rondônia,Tablet,Parda,Evangélica,Extrema Direita,1-3,,,
5300,C,Maranhão,Smartphone/Celular,Amarela,Ateu,Direita,7-10,,,
5301,D,Mato Grosso do Sul,Desktop/Computador de mesa,Prefiro não dizer,Católica,Não se interessa,1-3,,,
5302,B,Sergipe,Outro,Amarela,Agnóstico,Esquerda,1-3,,,
5303,D,Alagoas,Outro,Preta,Outras,Centro Esquerda,>10,,,
5304,E,Rondônia,Tablet,Amarela,Católica,Extrema Direita,1-3,,,
5305,D,Goiás,Smartphone/Celular,Parda,Agnóstico,Centro Esquerda,7-10,,,
5306,E,Pernambuco,Notebook/Netbook,Amarela,Evangélica,Centro,1-3,,,
5307,D,Acre,Desktop/Computador de mesa,Amarela,Evangélica,Extrema Esquerda,<1,,,
5308,B,Ceará,Notebook/Netbook,Preta,Católica,Centro Direita,>10,,,
5309,E,Pernambuco,Notebook/Netbook,Preta,Católica,Centro,7-10,,,
5310,E,Maranhão,Smartphone/Celular,Prefiro não dizer,Agnóstico,Direita,4-6,,,
5311,C,Ceará,Desktop/Computador de mesa,Preta,Judaíca,Centro,4-6,,,
5312,B,Espírito Santo,Tablet,Prefiro não dizer,Católica,Extrema Esquerda,>10,,,
5313,B,Sergipe,Notebook/Netbook,Indígena,Agnóstico,Direita,1-3,,,
5314,A,Goiás,Tablet,Preta,Ateu,Extrema Direita,>10,,,
5315,D,Mato Grosso,Notebook/Netbook,Preta,Outras,Centro Esquerda,>10,,,
5316,C,Rondônia,Desktop/Computador de mesa,Indígena,Ateu,Não se interessa,<1,,,
5317,D,Amapá,Outro,Parda,Católica,Centro,4-6,,,
5318,C,Santa Catarina,Smartphone/Celular,Prefiro não dizer,Espírita,Extrema Direita,>10,,,
5319,C,Bahia,Notebook/Netbook,Indígena,Espírita,Centro Direita,7-10,,,
5320,D,Rondônia,Outro,Indígena,Evangélica,Esquerda,<1,,,
5321,E,Mato Grosso,Outro,Parda,Católica,Esquerda,>10,,,
5322,B,Tocantins,Desktop/Computador de mesa,Amarela,Católica,Não se interessa,7-10,,,
5323,B,Rio de Janeiro,Outro,Amarela,Judaíca,Esquerda,>10,,,
5324,D,Tocantins,Smartphone/Celular,Preta,Católica,Não se interessa,1-3,,,
5325,B,Bahia,Smartphone/Celular,Prefiro não dizer,Ateu,Direita,7-10,,,
5326,E,Rio Grande do Norte,Smartphone/Celular,Indígena,Judaíca,Centro Esquerda,4-6,,,
5327,A,Piauí,Tablet,Parda,Espírita,Extrema Direita,4-6,,,
5328,B,Maranhão,Outro,Preta,Judaíca,Extrema Esquerda,4-6,,,
5329,A,Espírito Santo,Desktop/Computador de mesa,Amarela,Espírita,Centro Esquerda,>10,,,
5330,E,Bahia,Desktop/Computador de mesa,Parda,Agnóstico,Extrema Esquerda,<1,,,
5331,E,Tocantins,Desktop/Computador de mesa,Branca,Católica,Esquerda,<1,,,
5332,D,Rio Grande do Sul,Desktop/Computador de mesa,Prefiro não dizer,Católica,Não se interessa,7-10,,,
5333,A,Paraíba,Smartphone/Celular,Indígena,Judaíca,Extrema Direita,7-10,,,
5334,E,Pernambuco,Smartphone/Celular,Indígena,Católica,Extrema Direita,1-3,,,
5335,D,Rio de Janeiro,Smartphone/Celular,Preta,Judaíca,Centro Esquerda,7-10,,,
5336,C,Espírito Santo,Tablet,Branca,Agnóstico,Centro,<1,,,
5337,B,Santa Catarina,Desktop/Computador de mesa,Parda,Católica,Direita,1-3,,,
5338,A,Paraná,Notebook/Netbook,Preta,Espírita,Extrema Direita,7-10,,,
5339,B,Paraíba,Desktop/Computador de mesa,Preta,Espírita,Não se interessa,>10,,,
5340,C,Ceará,Tablet,Amarela,Ateu,Extrema Esquerda,1-3,,,
5341,D,Paraná,Tablet,Indígena,Outras,Esquerda,1-3,,,
5342,D,Piauí,Smartphone/Celular,Indígena,Judaíca,Centro Direita,4-6,,,
5343,D,Pará,Desktop/Computador de mesa,Indígena,Ateu,Centro Esquerda,>10,,,
5344,D,Tocantins,Outro,Preta,Católica,Não se interessa,7-10,,,
5345,A,Rio Grande do Norte,Smartphone/Celular,Prefiro não dizer,Evangélica,Não se interessa,>10,,,
5346,D,Rio Grande do Norte,Smartphone/Celular,Branca,Agnóstico,Centro Esquerda,1-3,,,
5347,C,Goiás,Notebook/Netbook,Amarela,Agnóstico,Centro,4-6,,,
5348,A,Minas Gerais,Notebook/Netbook,Preta,Judaíca,Centro Esquerda,<1,,,
5349,D,Alagoas,Notebook/Netbook,Prefiro não dizer,Espírita,Extrema Direita,7-10,,,
5350,A,Tocantins,Desktop/Computador de mesa,Parda,Espírita,Esquerda,>10,,,
5351,B,Pará,Outro,Preta,Judaíca,Direita,7-10,,,
5352,B,Alagoas,Outro,Branca,Espírita,Centro Esquerda,7-10,,,
5353,E,Espírito Santo,Smartphone/Celular,Preta,Espírita,Direita,>10,,,
5354,A,Amapá,Outro,Indígena,Judaíca,Extrema Esquerda,<1,,,
5355,C,Alagoas,Tablet,Preta,Judaíca,Não se interessa,>10,,,
5356,A,Ceará,Desktop/Computador de mesa,Prefiro não dizer,Evangélica,Não se interessa,4-6,,,
5357,A,Rio Grande do Sul,Outro,Prefiro não dizer,Católica,Centro Direita,4-6,,,
5358,A,Bahia,Desktop/Computador de mesa,Preta,Outras,Extrema Direita,<1,,,
5359,D,Maranhão,Tablet,Branca,Espírita,Centro Esquerda,4-6,,,
5360,D,Piauí,Desktop/Computador de mesa,Preta,Espírita,Centro Esquerda,<1,,,
5361,A,Santa Catarina,Notebook/Netbook,Preta,Outras,Esquerda,>10,,,
5362,C,Mato Grosso,Outro,Branca,Agnóstico,Centro Esquerda,<1,,,
5363,C,Rondônia,Notebook/Netbook,Indígena,Ateu,Centro Esquerda,7-10,,,
5364,E,Ceará,Notebook/Netbook,Preta,Agnóstico,Esquerda,<1,,,
5365,C,Pernambuco,Smartphone/Celular,Preta,Evangélica,Não se interessa,<1,,,
5366,D,Amapá,Notebook/Netbook,Indígena,Espírita,Esquerda,<1,,,
5367,E,Espírito Santo,Notebook/Netbook,Branca,Católica,Extrema Direita,<1,,,
5368,C,Pernambuco,Desktop/Computador de mesa,Parda,Espírita,Extrema Esquerda,1-3,,,
5369,C,Roraima,Tablet,Branca,Católica,Centro,7-10,,,
5370,E,Bahia,Smartphone/Celular,Indígena,Agnóstico,Centro Direita,<1,,,
5371,C,Piauí,Desktop/Computador de mesa,Indígena,Espírita,Extrema Esquerda,7-10,,,
5372,E,Tocantins,Notebook/Netbook,Branca,Agnóstico,Centro Direita,<1,,,
5373,D,Rio Grande do Sul,Notebook/Netbook,Parda,Judaíca,Centro,7-10,,,
5374,D,Acre,Notebook/Netbook,Branca,Outras,Extrema Esquerda,1-3,,,
5375,A,Pará,Smartphone/Celular,Indígena,Agnóstico,Centro Direita,4-6,,,
5376,E,Mato Grosso,Tablet,Branca,Evangélica,Direita,<1,,,
5377,A,Maranhão,Tablet,Parda,Católica,Esquerda,7-10,,,
5378,D,Maranhão,Outro,Prefiro não dizer,Judaíca,Extrema Direita,<1,,,
5379,B,Minas Gerais,Notebook/Netbook,Prefiro não dizer,Ateu,Esquerda,1-3,,,
5380,C,Acre,Tablet,Branca,Outras,Esquerda,1-3,,,
5381,B,Bahia,Outro,Branca,Evangélica,Centro Esquerda,>10,,,
5382,C,Maranhão,Notebook/Netbook,Preta,Católica,Esquerda,4-6,,,
5383,E,Tocantins,Smartphone/Celular,Amarela,Agnóstico,Extrema Direita,1-3,,,
5384,D,Santa Catarina,Smartphone/Celular,Branca,Outras,Centro,4-6,,,
5385,B,Distrito Federal,Notebook/Netbook,Branca,Evangélica,Esquerda,4-6,,,
5386,B,Alagoas,Outro,Preta,Judaíca,Extrema Esquerda,<1,,,
5387,D,Acre,Tablet,Preta,Católica,Extrema Esquerda,7-10,,,
5388,E,Rondônia,Desktop/Computador de mesa,Branca,Agnóstico,Extrema Esquerda,>10,,,
5389,A,Distrito Federal,Outro,Preta,Evangélica,Centro,1-3,,,
5390,D,Santa Catarina,Tablet,Branca,Evangélica,Centro Direita,7-10,,,
5391,B,Paraíba,Outro,Branca,Ateu,Esquerda,7-10,,,
5392,D,Espírito Santo,Smartphone/Celular,Preta,Judaíca,Esquerda,<1,,,
5393,B,Acre,Desktop/Computador de mesa,Branca,Evangélica,Direita,4-6,,,
5394,B,Rio Grande do Sul,Desktop/Computador de mesa,Indígena,Espírita,Não se interessa,<1,,,
5395,A,Rio Grande do Sul,Desktop/Computador de mesa,Parda,Evangélica,Centro Esquerda,>10,,,
5396,C,São Paulo,Smartphone/Celular,Amarela,Judaíca,Não se interessa,<1,,,
5397,D,Rondônia,Notebook/Netbook,Prefiro não dizer,Outras,Extrema Esquerda,4-6,,,
5398,E,Espírito Santo,Tablet,Amarela,Judaíca,Esquerda,4-6,,,
5399,C,Espírito Santo,Tablet,Parda,Outras,Extrema Direita,4-6,,,
5400,B,Bahia,Desktop/Computador de mesa,Preta,Espírita,Não se interessa,1-3,,,
5401,C,Pernambuco,Smartphone/Celular,Amarela,Judaíca,Extrema Direita,<1,,,
5402,B,Espírito Santo,Notebook/Netbook,Prefiro não dizer,Católica,Centro Direita,1-3,,,
5403,E,Paraíba,Tablet,Indígena,Ateu,Extrema Direita,4-6,,,
5404,E,Amazonas,Outro,Indígena,Espírita,Não se interessa,4-6,,,
5405,D,Maranhão,Smartphone/Celular,Amarela,Outras,Centro Esquerda,1-3,,,
5406,D,Roraima,Desktop/Computador de mesa,Amarela,Espírita,Extrema Direita,>10,,,
5407,C,Espírito Santo,Notebook/Netbook,Amarela,Judaíca,Esquerda,4-6,,,
5408,E,Mato Grosso,Smartphone/Celular,Preta,Espírita,Centro Direita,>10,,,
5409,E,Rio Grande do Sul,Outro,Indígena,Espírita,Esquerda,>10,,,
5410,A,Mato Grosso do Sul,Desktop/Computador de mesa,Preta,Católica,Centro,1-3,,,
5411,A,Paraíba,Desktop/Computador de mesa,Amarela,Espírita,Centro Direita,4-6,,,
5412,A,Goiás,Outro,Prefiro não dizer,Ateu,Esquerda,4-6,,,
5413,E,Pernambuco,Tablet,Parda,Judaíca,Não se interessa,>10,,,
5414,C,Sergipe,Desktop/Computador de mesa,Branca,Outras,Centro Esquerda,1-3,,,
5415,B,Espírito Santo,Smartphone/Celular,Preta,Outras,Centro Esquerda,<1,,,
5416,E,Rio Grande do Sul,Smartphone/Celular,Prefiro não dizer,Ateu,Extrema Esquerda,7-10,,,
5417,A,Minas Gerais,Desktop/Computador de mesa,Prefiro não dizer,Espírita,Extrema Esquerda,1-3,,,
5418,B,Tocantins,Notebook/Netbook,Prefiro não dizer,Outras,Extrema Esquerda,4-6,,,
5419,E,Bahia,Outro,Preta,Ateu,Extrema Direita,1-3,,,
5420,C,Pará,Tablet,Amarela,Católica,Extrema Esquerda,1-3,,,
5421,E,Rio Grande do Sul,Tablet,Prefiro não dizer,Judaíca,Direita,>10,,,
5422,A,Pará,Outro,Amarela,Católica,Centro,7-10,,,
5423,B,Roraima,Desktop/Computador de mesa,Branca,Ateu,Extrema Esquerda,<1,,,
5424,E,Rondônia,Smartphone/Celular,Amarela,Agnóstico,Centro,>10,,,
5425,A,Mato Grosso do Sul,Desktop/Computador de mesa,Preta,Evangélica,Esquerda,7-10,,,
5426,B,Goiás,Tablet,Branca,Judaíca,Direita,7-10,,,
5427,E,Amazonas,Outro,Indígena,Católica,Extrema Direita,>10,,,
5428,A,Santa Catarina,Tablet,Amarela,Espírita,Extrema Direita,4-6,,,
5429,C,Bahia,Notebook/Netbook,Parda,Ateu,Extrema Esquerda,>10,,,
5430,A,Alagoas,Desktop/Computador de mesa,Indígena,Outras,Esquerda,1-3,,,
5431,C,Roraima,Desktop/Computador de mesa,Amarela,Agnóstico,Centro Esquerda,4-6,,,
5432,B,Amapá,Outro,Prefiro não dizer,Ateu,Esquerda,<1,,,
5433,D,Maranhão,Smartphone/Celular,Prefiro não dizer,Judaíca,Centro,4-6,,,
5434,C,Rio Grande do Norte,Tablet,Prefiro não dizer,Agnóstico,Centro Esquerda,7-10,,,
5435,D,Amazonas,Tablet,Preta,Evangélica,Centro Esquerda,7-10,,,
5436,A,Rondônia,Outro,Parda,Católica,Direita,4-6,,,
5437,A,Santa Catarina,Outro,Parda,Evangélica,Não se interessa,7-10,,,
5438,B,Minas Gerais,Tablet,Parda,Católica,Centro Esquerda,7-10,,,
5439,E,Santa Catarina,Tablet,Parda,Evangélica,Não se interessa,4-6,,,
5440,C,Goiás,Notebook/Netbook,Preta,Judaíca,Direita,4-6,,,
5441,A,Distrito Federal,Tablet,Prefiro não dizer,Agnóstico,Extrema Direita,>10,,,
5442,C,São Paulo,Outro,Parda,Espírita,Centro Esquerda,7-10,,,
5443,D,Paraíba,Tablet,Parda,Outras,Centro,>10,,,
5444,C,Ceará,Tablet,Parda,Agnóstico,Centro Direita,4-6,,,
5445,E,Rio Grande do Norte,Notebook/Netbook,Preta,Outras,Centro,7-10,,,
5446,A,Maranhão,Notebook/Netbook,Prefiro não dizer,Ateu,Extrema Direita,>10,,,
5447,E,Rio Grande do Norte,Notebook/Netbook,Prefiro não dizer,Outras,Extrema Esquerda,>10,,,
5448,E,Espírito Santo,Tablet,Parda,Espírita,Extrema Esquerda,>10,,,
5449,C,Bahia,Notebook/Netbook,Parda,Evangélica,Extrema Esquerda,4-6,,,
5450,A,Maranhão,Notebook/Netbook,Parda,Agnóstico,Não se interessa,>10,,,
5451,B,Rio de Janeiro,Desktop/Computador de mesa,Indígena,Ateu,Não se interessa,>10,,,
5452,C,Rondônia,Tablet,Parda,Espírita,Extrema Direita,7-10,,,
5453,A,São Paulo,Notebook/Netbook,Preta,Outras,Não se interessa,<1,,,
5454,B,Minas Gerais,Outro,Prefiro não dizer,Ateu,Direita,1-3,,,
5455,E,Roraima,Outro,Preta,Espírita,Centro,1-3,,,
5456,E,Pará,Tablet,Amarela,Ateu,Direita,>10,,,
5457,B,Rondônia,Notebook/Netbook,Amarela,Evangélica,Centro Direita,7-10,,,
5458,B,Distrito Federal,Desktop/Computador de mesa,Prefiro não dizer,Espírita,Extrema Direita,<1,,,
5459,A,Paraná,Desktop/Computador de mesa,Indígena,Outras,Centro Esquerda,7-10,,,
5460,C,Rio de Janeiro,Tablet,Amarela,Evangélica,Extrema Direita,<1,,,
5461,C,Distrito Federal,Notebook/Netbook,Parda,Judaíca,Centro,4-6,,,
5462,B,Bahia,Tablet,Amarela,Judaíca,Esquerda,<1,,,
5463,D,Maranhão,Desktop/Computador de mesa,Branca,Judaíca,Não se interessa,4-6,,,
5464,C,Mato Grosso,Outro,Prefiro não dizer,Agnóstico,Centro Esquerda,<1,,,
5465,B,Tocantins,Desktop/Computador de mesa,Indígena,Evangélica,Extrema Direita,>10,,,
5466,D,Rondônia,Notebook/Netbook,Indígena,Agnóstico,Centro Esquerda,>10,,,
5467,B,Minas Gerais,Tablet,Prefiro não dizer,Espírita,Extrema Esquerda,<1,,,
5468,D,Goiás,Tablet,Prefiro não dizer,Ateu,Extrema Esquerda,7-10,,,
5469,E,Sergipe,Outro,Parda,Ateu,Esquerda,1-3,,,
5470,C,Distrito Federal,Notebook/Netbook,Parda,Judaíca,Extrema Direita,<1,,,
5471,D,Piauí,Tablet,Branca,Católica,Extrema Esquerda,4-6,,,
5472,A,Tocantins,Desktop/Computador de mesa,Parda,Agnóstico,Centro,1-3,,,
5473,B,Rio Grande do Sul,Smartphone/Celular,Amarela,Ateu,Centro Esquerda,<1,,,
5474,B,Alagoas,Desktop/Computador de mesa,Preta,Católica,Centro Direita,7-10,,,
5475,E,Acre,Outro,Amarela,Judaíca,Esquerda,4-6,,,
5476,A,Mato Grosso do Sul,Smartphone/Celular,Amarela,Agnóstico,Centro,4-6,,,
5477,C,Pernambuco,Tablet,Amarela,Espírita,Esquerda,>10,,,
5478,B,Rondônia,Outro,Amarela,Evangélica,Centro Direita,<1,,,
5479,E,Goiás,Tablet,Indígena,Espírita,Esquerda,4-6,,,
5480,A,Santa Catarina,Outro,Branca,Agnóstico,Centro Esquerda,<1,,,
5481,B,Rio Grande do Norte,Desktop/Computador de mesa,Amarela,Ateu,Extrema Direita,1-3,,,
5482,A,São Paulo,Outro,Prefiro não dizer,Evangélica,Centro Esquerda,<1,,,
5483,B,São Paulo,Tablet,Branca,Evangélica,Direita,<1,,,
5484,A,Bahia,Tablet,Amarela,Judaíca,Extrema Esquerda,4-6,,,
5485,A,Bahia,Notebook/Netbook,Prefiro não dizer,Ateu,Centro,7-10,,,
5486,D,Distrito Federal,Desktop/Computador de mesa,Amarela,Católica,Extrema Esquerda,4-6,,,
5487,E,Rio de Janeiro,Outro,Amarela,Espírita,Centro Esquerda,<1,,,
5488,E,Piauí,Outro,Branca,Judaíca,Extrema Direita,7-10,,,
5489,C,Paraná,Desktop/Computador de mesa,Indígena,Outras,Centro Direita,7-10,,,
5490,C,Mato Grosso do Sul,Smartphone/Celular,Preta,Agnóstico,Centro Direita,>10,,,
5491,E,Rio Grande do Norte,Tablet,Branca,Judaíca,Centro,<1,,,
5492,D,Minas Gerais,Smartphone/Celular,Preta,Católica,Extrema Direita,7-10,,,
5493,D,Ceará,Outro,Indígena,Agnóstico,Extrema Esquerda,4-6,,,
5494,E,Minas Gerais,Notebook/Netbook,Indígena,Ateu,Direita,>10,,,
5495,E,Espírito Santo,Desktop/Computador de mesa,Prefiro não dizer,Católica,Centro Esquerda,>10,,,
5496,C,Rondônia,Outro,Prefiro não dizer,Outras,Extrema Esquerda,<1,,,
5497,E,Mato Grosso do Sul,Smartphone/Celular,Amarela,Agnóstico,Direita,>10,,,
5498,C,Alagoas,Smartphone/Celular,Branca,Espírita,Extrema Direita,>10,,,
5499,D,Distrito Federal,Notebook/Netbook,Prefiro não dizer,Outras,Extrema Direita,1-3,,,
5500,A,Piauí,Outro,Indígena,Agnóstico,Extrema Direita,1-3,,,
5501,B,Paraná,Notebook/Netbook,Branca,Ateu,Esquerda,>10,,,
5502,B,Espírito Santo,Smartphone/Celular,Parda,Judaíca,Direita,>10,,,
5503,D,Pará,Notebook/Netbook,Parda,Evangélica,Centro Esquerda,<1,,,
5504,A,Rio Grande do Norte,Outro,Preta,Outras,Esquerda,<1,,,
5505,D,Amapá,Notebook/Netbook,Prefiro não dizer,Judaíca,Não se interessa,1-3,,,
5506,C,Santa Catarina,Smartphone/Celular,Branca,Evangélica,Extrema Direita,<1,,,
5507,B,Mato Grosso do Sul,Outro,Parda,Católica,Extrema Direita,1-3,,,
5508,D,Rio Grande do Sul,Notebook/Netbook,Branca,Outras,Centro Esquerda,4-6,,,
5509,C,Alagoas,Notebook/Netbook,Amarela,Católica,Centro Esquerda,7-10,,,
5510,E,Mato Grosso,Tablet,Preta,Ateu,Direita,7-10,,,
5511,B,Rio de Janeiro,Notebook/Netbook,Parda,Espírita,Extrema Esquerda,<1,,,
5512,D,Pará,Outro,Amarela,Outras,Centro,7-10,,,
5513,E,Piauí,Outro,Parda,Espírita,Centro,>10,,,
5514,C,São Paulo,Outro,Preta,Católica,Extrema Esquerda,1-3,,,
5515,C,Amazonas,Outro,Preta,Judaíca,Extrema Esquerda,>10,,,
5516,D,Amapá,Outro,Preta,Católica,Não se interessa,1-3,,,
5517,B,Maranhão,Desktop/Computador de mesa,Prefiro não dizer,Ateu,Centro Direita,7-10,,,
5518,D,Minas Gerais,Outro,Branca,Judaíca,Direita,<1,,,
5519,A,Piauí,Smartphone/Celular,Amarela,Outras,Centro Direita,4-6,,,
5520,D,São Paulo,Smartphone/Celular,Preta,Agnóstico,Extrema Esquerda,<1,,,
5521,C,Piauí,Outro,Preta,Agnóstico,Esquerda,>10,,,
5522,D,Amazonas,Smartphone/Celular,Prefiro não dizer,Agnóstico,Centro,4-6,,,
5523,C,Piauí,Outro,Preta,Evangélica,Extrema Direita,4-6,,,
5524,D,Mato Grosso,Outro,Branca,Católica,Centro Direita,<1,,,
5525,D,Roraima,Smartphone/Celular,Parda,Agnóstico,Centro Direita,7-10,,,
5526,B,São Paulo,Smartphone/Celular,Preta,Espírita,Centro,>10,,,
5527,A,Rio Grande do Norte,Desktop/Computador de mesa,Parda,Ateu,Centro Direita,7-10,,,
5528,D,Bahia,Smartphone/Celular,Branca,Evangélica,Centro Direita,<1,,,
5529,A,Goiás,Notebook/Netbook,Parda,Ateu,Centro Direita,7-10,,,
5530,A,Minas Gerais,Desktop/Computador de mesa,Preta,Agnóstico,Centro,4-6,,,
5531,A,Piauí,Outro,Parda,Agnóstico,Esquerda,7-10,,,
5532,B,Tocantins,Smartphone/Celular,Amarela,Outras,Centro Direita,7-10,,,
5533,B,Rio de Janeiro,Outro,Preta,Judaíca,Extrema Direita,<1,,,
5534,E,Santa Catarina,Tablet,Amarela,Agnóstico,Centro Esquerda,<1,,,
5535,C,Santa Catarina,Outro,Branca,Católica,Esquerda,1-3,,,
5536,B,Mato Grosso do Sul,Outro,Preta,Evangélica,Esquerda,<1,,,
5537,C,Sergipe,Outro,Branca,Outras,Centro Esquerda,<1,,,
5538,E,Sergipe,Desktop/Computador de mesa,Prefiro não dizer,Católica,Extrema Direita,1-3,,,
5539,D,Rio Grande do Norte,Outro,Parda,Outras,Extrema Esquerda,>10,,,
5540,A,Roraima,Smartphone/Celular,Prefiro não dizer,Ateu,Centro Esquerda,7-10,,,
5541,C,Sergipe,Notebook/Netbook,Prefiro não dizer,Outras,Direita,>10,,,
5542,B,Minas Gerais,Smartphone/Celular,Amarela,Judaíca,Centro,4-6,,,
5543,C,Espírito Santo,Notebook/Netbook,Prefiro não dizer,Católica,Centro,4-6,,,
5544,D,Rio Grande do Norte,Notebook/Netbook,Amarela,Judaíca,Extrema Direita,4-6,,,
5545,C,Rio de Janeiro,Outro,Branca,Ateu,Extrema Direita,4-6,,,
5546,C,Piauí,Tablet,Parda,Ateu,Direita,<1,,,
5547,E,Rio Grande do Norte,Notebook/Netbook,Prefiro não dizer,Ateu,Extrema Esquerda,>10,,,
5548,B,Pará,Desktop/Computador de mesa,Parda,Evangélica,Extrema Direita,>10,,,
5549,B,Acre,Notebook/Netbook,Parda,Evangélica,Centro,>10,,,
5550,E,Rio de Janeiro,Smartphone/Celular,Preta,Agnóstico,Não se interessa,>10,,,
5551,A,Maranhão,Outro,Amarela,Ateu,Esquerda,>10,,,
5552,E,Rio de Janeiro,Tablet,Prefiro não dizer,Ateu,Centro,7-10,,,
5553,D,São Paulo,Outro,Preta,Outras,Centro Direita,>10,,,
5554,C,São Paulo,Notebook/Netbook,Prefiro não dizer,Espírita,Direita,<1,,,
5555,B,Roraima,Desktop/Computador de mesa,Parda,Judaíca,Extrema Esquerda,1-3,,,
5556,A,Santa Catarina,Smartphone/Celular,Branca,Católica,Centro Direita,<1,,,
5557,C,Alagoas,Desktop/Computador de mesa,Amarela,Espírita,Direita,7-10,,,
5558,A,Pernambuco,Desktop/Computador de mesa,Prefiro não dizer,Evangélica,Extrema Esquerda,1-3,,,
5559,B,Ceará,Notebook/Netbook,Branca,Judaíca,Extrema Esquerda,>10,,,
5560,D,Pará,Notebook/Netbook,Prefiro não dizer,Ateu,Centro Esquerda,7-10,,,
5561,A,Rio Grande do Sul,Notebook/Netbook,Indígena,Agnóstico,Extrema Esquerda,>10,,,
5562,B,Mato Grosso,Outro,Parda,Agnóstico,Centro Esquerda,1-3,,,
5563,E,Tocantins,Desktop/Computador de mesa,Prefiro não dizer,Judaíca,Extrema Esquerda,>10,,,
5564,A,Amazonas,Smartphone/Celular,Branca,Espírita,Extrema Direita,<1,,,
5565,C,Amapá,Desktop/Computador de mesa,Parda,Ateu,Esquerda,1-3,,,
5566,E,Rio Grande do Norte,Smartphone/Celular,Branca,Católica,Esquerda,1-3,,,
5567,C,Santa Catarina,Tablet,Amarela,Ateu,Extrema Esquerda,7-10,,,
5568,C,Acre,Notebook/Netbook,Prefiro não dizer,Judaíca,Não se interessa,<1,,,
5569,A,Rio Grande do Norte,Smartphone/Celular,Preta,Evangélica,Não se interessa,4-6,,,
5570,A,Ceará,Smartphone/Celular,Amarela,Judaíca,Direita,7-10,,,
5571,A,Goiás,Notebook/Netbook,Parda,Outras,Não se interessa,1-3,,,
5572,A,Distrito Federal,Outro,Prefiro não dizer,Outras,Extrema Direita,7-10,,,
5573,A,Ceará,Notebook/Netbook,Prefiro não dizer,Outras,Esquerda,>10,,,
5574,D,Mato Grosso do Sul,Smartphone/Celular,Preta,Católica,Centro Direita,7-10,,,
5575,A,Maranhão,Tablet,Prefiro não dizer,Ateu,Extrema Direita,<1,,,
5576,D,Alagoas,Outro,Prefiro não dizer,Judaíca,Extrema Direita,4-6,,,
5577,A,Rio de Janeiro,Outro,Parda,Judaíca,Centro Esquerda,7-10,,,
5578,C,Acre,Outro,Branca,Ateu,Centro,<1,,,
5579,B,São Paulo,Tablet,Indígena,Espírita,Extrema Esquerda,4-6,,,
5580,C,Rio de Janeiro,Smartphone/Celular,Branca,Agnóstico,Centro Esquerda,4-6,,,
5581,C,Rio de Janeiro,Outro,Preta,Ateu,Extrema Esquerda,4-6,,,
5582,C,Rondônia,Outro,Amarela,Espírita,Centro Direita,4-6,,,
5583,E,Espírito Santo,Outro,Preta,Ateu,Centro Direita,7-10,,,
5584,B,Goiás,Desktop/Computador de mesa,Indígena,Católica,Extrema Direita,1-3,,,
5585,C,Mato Grosso,Tablet,Indígena,Espírita,Centro,1-3,,,
5586,D,Santa Catarina,Smartphone/Celular,Branca,Ateu,Direita,>10,,,
5587,E,Rio de Janeiro,Outro,Amarela,Judaíca,Não se interessa,4-6,,,
5588,E,Sergipe,Tablet,Parda,Espírita,Extrema Direita,4-6,,,
5589,E,São Paulo,Desktop/Computador de mesa,Parda,Ateu,Extrema Direita,1-3,,,
5590,C,Espírito Santo,Tablet,Prefiro não dizer,Ateu,Centro Esquerda,7-10,,,
5591,B,Distrito Federal,Smartphone/Celular,Branca,Espírita,Direita,1-3,,,
5592,D,Piauí,Desktop/Computador de mesa,Branca,Judaíca,Extrema Direita,>10,,,
5593,D,Santa Catarina,Smartphone/Celular,Prefiro não dizer,Espírita,Extrema Esquerda,1-3,,,
5594,D,Sergipe,Outro,Amarela,Ateu,Centro,1-3,,,
5595,B,Sergipe,Tablet,Parda,Católica,Não se interessa,1-3,,,
5596,C,Acre,Smartphone/Celular,Amarela,Agnóstico,Centro Esquerda,7-10,,,
5597,A,Distrito Federal,Smartphone/Celular,Preta,Católica,Centro Esquerda,7-10,,,
5598,D,Maranhão,Desktop/Computador de mesa,Parda,Agnóstico,Centro,4-6,,,
5599,A,Maranhão,Desktop/Computador de mesa,Indígena,Outras,Extrema Direita,1-3,,,
5600,B,Paraná,Outro,Prefiro não dizer,Agnóstico,Centro Direita,>10,,,
5601,D,Rio Grande do Norte,Desktop/Computador de mesa,Amarela,Judaíca,Centro,7-10,,,
5602,C,Roraima,Outro,Branca,Católica,Direita,<1,,,
5603,C,Mato Grosso do Sul,Notebook/Netbook,Amarela,Ateu,Centro,4-6,,,
5604,C,Santa Catarina,Desktop/Computador de mesa,Amarela,Judaíca,Centro Esquerda,>10,,,
5605,D,Tocantins,Notebook/Netbook,Branca,Católica,Direita,1-3,,,
5606,C,Maranhão,Outro,Preta,Outras,Direita,7-10,,,
5607,C,Paraíba,Tablet,Parda,Agnóstico,Centro Esquerda,<1,,,
5608,E,Mato Grosso do Sul,Desktop/Computador de mesa,Prefiro não dizer,Outras,Centro Esquerda,>10,,,
5609,E,Rio Grande do Sul,Outro,Prefiro não dizer,Católica,Esquerda,<1,,,
5610,C,Amazonas,Notebook/Netbook,Preta,Judaíca,Esquerda,4-6,,,
5611,B,Piauí,Smartphone/Celular,Preta,Judaíca,Centro,>10,,,
5612,E,Piauí,Tablet,Amarela,Evangélica,Centro Esquerda,7-10,,,
5613,B,Sergipe,Outro,Prefiro não dizer,Judaíca,Centro Direita,<1,,,
5614,D,Roraima,Outro,Prefiro não dizer,Evangélica,Centro Esquerda,4-6,,,
5615,E,Goiás,Smartphone/Celular,Branca,Evangélica,Esquerda,1-3,,,
5616,D,Espírito Santo,Smartphone/Celular,Parda,Espírita,Extrema Direita,1-3,,,
5617,B,Piauí,Notebook/Netbook,Prefiro não dizer,Ateu,Centro Direita,1-3,,,
5618,A,Rio Grande do Norte,Smartphone/Celular,Indígena,Católica,Extrema Direita,7-10,,,
5619,D,Maranhão,Outro,Indígena,Espírita,Extrema Direita,7-10,,,
5620,E,São Paulo,Desktop/Computador de mesa,Prefiro não dizer,Católica,Centro,<1,,,
5621,E,Pará,Smartphone/Celular,Preta,Espírita,Extrema Direita,>10,,,
5622,E,Minas Gerais,Tablet,Amarela,Ateu,Centro Esquerda,1-3,,,
5623,D,Sergipe,Tablet,Indígena,Católica,Extrema Esquerda,1-3,,,
5624,D,Distrito Federal,Tablet,Prefiro não dizer,Outras,Centro Direita,1-3,,,
5625,A,Bahia,Tablet,Parda,Agnóstico,Direita,1-3,,,
5626,E,Amapá,Smartphone/Celular,Parda,Católica,Extrema Direita,4-6,,,
5627,B,Minas Gerais,Outro,Parda,Judaíca,Esquerda,1-3,,,
5628,E,Amapá,Smartphone/Celular,Preta,Católica,Direita,>10,,,
5629,D,Pará,Smartphone/Celular,Parda,Agnóstico,Extrema Direita,4-6,,,
5630,E,Paraná,Outro,Amarela,Outras,Não se interessa,<1,,,
5631,E,Amazonas,Outro,Indígena,Espírita,Centro Direita,7-10,,,
5632,C,Tocantins,Notebook/Netbook,Preta,Evangélica,Centro Direita,>10,,,
5633,A,Paraná,Notebook/Netbook,Parda,Católica,Não se interessa,1-3,,,
5634,E,Mato Grosso do Sul,Notebook/Netbook,Prefiro não dizer,Evangélica,Direita,<1,,,
5635,A,Roraima,Outro,Parda,Evangélica,Extrema Direita,<1,,,
5636,E,Acre,Tablet,Prefiro não dizer,Judaíca,Direita,7-10,,,
5637,E,Ceará,Smartphone/Celular,Amarela,Espírita,Direita,1-3,,,
5638,D,Rio Grande do Norte,Desktop/Computador de mesa,Parda,Católica,Centro,7-10,,,
5639,B,Goiás,Outro,Parda,Judaíca,Esquerda,>10,,,
5640,A,Paraíba,Desktop/Computador de mesa,Branca,Judaíca,Centro Direita,1-3,,,
5641,C,Rio de Janeiro,Outro,Prefiro não dizer,Espírita,Centro Direita,<1,,,
5642,B,Pernambuco,Outro,Parda,Agnóstico,Centro Direita,>10,,,
5643,D,Paraíba,Notebook/Netbook,Branca,Espírita,Extrema Esquerda,7-10,,,
5644,D,Pará,Outro,Parda,Agnóstico,Não se interessa,4-6,,,
5645,B,Rio Grande do Sul,Tablet,Preta,Evangélica,Direita,<1,,,
5646,B,Rio de Janeiro,Outro,Prefiro não dizer,Espírita,Centro Direita,4-6,,,
5647,B,Amazonas,Tablet,Indígena,Católica,Esquerda,>10,,,
5648,C,Distrito Federal,Outro,Amarela,Agnóstico,Extrema Direita,<1,,,
5649,E,Maranhão,Tablet,Branca,Ateu,Esquerda,7-10,,,
5650,E,Rondônia,Outro,Branca,Agnóstico,Extrema Esquerda,1-3,,,
5651,E,Pernambuco,Notebook/Netbook,Amarela,Judaíca,Não se interessa,<1,,,
5652,C,Roraima,Notebook/Netbook,Preta,Outras,Centro Esquerda,7-10,,,
5653,E,Pará,Notebook/Netbook,Preta,Outras,Esquerda,4-6,,,
5654,B,Rio Grande do Sul,Smartphone/Celular,Branca,Agnóstico,Direita,>10,,,
5655,A,Pernambuco,Notebook/Netbook,Parda,Espírita,Extrema Esquerda,>10,,,
5656,E,Mato Grosso do Sul,Tablet,Branca,Espírita,Esquerda,7-10,,,
5657,E,Sergipe,Tablet,Amarela,Católica,Extrema Esquerda,<1,,,
5658,D,Mato Grosso do Sul,Tablet,Branca,Agnóstico,Centro,4-6,,,
5659,A,Paraíba,Tablet,Parda,Outras,Extrema Direita,1-3,,,
5660,C,Mato Grosso do Sul,Tablet,Amarela,Agnóstico,Direita,7-10,,,
5661,B,Alagoas,Smartphone/Celular,Preta,Católica,Extrema Esquerda,<1,,,
5662,B,Mato Grosso do Sul,Tablet,Parda,Ateu,Centro Esquerda,7-10,,,
5663,C,Rio Grande do Sul,Smartphone/Celular,Indígena,Católica,Extrema Direita,1-3,,,
5664,D,Rio de Janeiro,Notebook/Netbook,Branca,Judaíca,Extrema Direita,4-6,,,
5665,C,Rio Grande do Sul,Smartphone/Celular,Branca,Evangélica,Extrema Esquerda,4-6,,,
5666,D,Mato Grosso,Outro,Prefiro não dizer,Agnóstico,Esquerda,<1,,,
5667,B,Tocantins,Outro,Amarela,Evangélica,Não se interessa,4-6,,,
5668,E,Rio de Janeiro,Notebook/Netbook,Indígena,Espírita,Extrema Esquerda,<1,,,
5669,B,Pernambuco,Notebook/Netbook,Prefiro não dizer,Espírita,Centro,>10,,,
5670,A,Tocantins,Tablet,Preta,Agnóstico,Extrema Esquerda,<1,,,
5671,E,Alagoas,Tablet,Indígena,Outras,Direita,<1,,,
5672,A,Alagoas,Outro,Parda,Católica,Direita,>10,,,
5673,B,Bahia,Smartphone/Celular,Prefiro não dizer,Espírita,Centro Direita,1-3,,,
5674,C,Alagoas,Outro,Preta,Ateu,Centro,7-10,,,
5675,D,Alagoas,Desktop/Computador de mesa,Amarela,Espírita,Esquerda,1-3,,,
5676,B,Mato Grosso do Sul,Outro,Parda,Agnóstico,Direita,>10,,,
5677,A,Maranhão,Smartphone/Celular,Parda,Espírita,Direita,<1,,,
5678,D,Amazonas,Notebook/Netbook,Branca,Agnóstico,Centro,1-3,,,
5679,B,Mato Grosso,Tablet,Parda,Judaíca,Extrema Direita,1-3,,,
5680,E,Pará,Outro,Amarela,Outras,Não se interessa,<1,,,
5681,A,Tocantins,Outro,Amarela,Espírita,Extrema Direita,>10,,,
5682,C,Minas Gerais,Notebook/Netbook,Indígena,Judaíca,Não se interessa,4-6,,,
5683,E,Amazonas,Smartphone/Celular,Preta,Espírita,Centro Direita,<1,,,
5684,B,Espírito Santo,Smartphone/Celular,Parda,Outras,Centro Esquerda,<1,,,
5685,D,Bahia,Outro,Preta,Ateu,Direita,>10,,,
5686,A,Sergipe,Smartphone/Celular,Prefiro não dizer,Judaíca,Centro Direita,>10,,,
5687,E,Sergipe,Notebook/Netbook,Preta,Judaíca,Não se interessa,<1,,,
5688,C,Goiás,Outro,Prefiro não dizer,Ateu,Centro,<1,,,
5689,B,Minas Gerais,Smartphone/Celular,Preta,Espírita,Extrema Direita,<1,,,
5690,A,Roraima,Tablet,Indígena,Evangélica,Direita,>10,,,
5691,E,São Paulo,Desktop/Computador de mesa,Branca,Espírita,Esquerda,<1,,,
5692,B,Mato Grosso do Sul,Notebook/Netbook,Indígena,Católica,Extrema Direita,>10,,,
5693,E,Maranhão,Tablet,Branca,Judaíca,Não se interessa,>10,,,
5694,B,Rio Grande do Sul,Desktop/Computador de mesa,Amarela,Evangélica,Esquerda,4-6,,,
5695,D,Roraima,Outro,Branca,Espírita,Esquerda,7-10,,,
5696,C,Ceará,Desktop/Computador de mesa,Amarela,Católica,Extrema Esquerda,1-3,,,
5697,C,Rio Grande do Sul,Outro,Prefiro não dizer,Agnóstico,Direita,7-10,,,
5698,B,Acre,Tablet,Preta,Outras,Centro,<1,,,
5699,D,Alagoas,Notebook/Netbook,Branca,Outras,Extrema Esquerda,>10,,,
5700,B,Roraima,Notebook/Netbook,Prefiro não dizer,Outras,Esquerda,7-10,,,
5701,E,Ceará,Desktop/Computador de mesa,Parda,Espírita,Extrema Direita,4-6,,,
5702,A,Rondônia,Desktop/Computador de mesa,Parda,Outras,Esquerda,7-10,,,
5703,A,Rio Grande do Norte,Desktop/Computador de mesa,Amarela,Católica,Centro,7-10,,,
5704,A,Amazonas,Outro,Branca,Católica,Extrema Esquerda,7-10,,,
5705,C,Ceará,Smartphone/Celular,Prefiro não dizer,Judaíca,Esquerda,>10,,,
5706,C,Roraima,Tablet,Indígena,Judaíca,Centro,7-10,,,
5707,D,Rondônia,Notebook/Netbook,Prefiro não dizer,Espírita,Centro Esquerda,<1,,,
5708,C,Mato Grosso,Notebook/Netbook,Amarela,Católica,Extrema Esquerda,1-3,,,
5709,C,Acre,Outro,Branca,Agnóstico,Direita,7-10,,,
5710,D,Tocantins,Tablet,Prefiro não dizer,Espírita,Não se interessa,>10,,,
5711,A,Amapá,Desktop/Computador de mesa,Indígena,Evangélica,Esquerda,<1,,,
5712,D,Rio de Janeiro,Desktop/Computador de mesa,Preta,Outras,Não se interessa,>10,,,
5713,C,Mato Grosso,Desktop/Computador de mesa,Prefiro não dizer,Católica,Extrema Esquerda,4-6,,,
5714,A,Santa Catarina,Smartphone/Celular,Prefiro não dizer,Espírita,Direita,4-6,,,
5715,B,Ceará,Outro,Indígena,Agnóstico,Extrema Esquerda,1-3,,,
5716,C,Distrito Federal,Tablet,Indígena,Judaíca,Centro,1-3,,,
5717,A,Bahia,Desktop/Computador de mesa,Parda,Católica,Esquerda,4-6,,,
5718,E,Piauí,Notebook/Netbook,Prefiro não dizer,Evangélica,Extrema Esquerda,1-3,,,
5719,B,Pernambuco,Smartphone/Celular,Preta,Agnóstico,Extrema Esquerda,<1,,,
5720,C,Rio de Janeiro,Desktop/Computador de mesa,Branca,Ateu,Centro Direita,<1,,,
5721,B,Rondônia,Tablet,Parda,Ateu,Não se interessa,1-3,,,
5722,B,Santa Catarina,Notebook/Netbook,Prefiro não dizer,Evangélica,Não se interessa,1-3,,,
5723,B,Pernambuco,Notebook/Netbook,Parda,Outras,Direita,4-6,,,
5724,D,Goiás,Outro,Indígena,Judaíca,Direita,>10,,,
5725,B,Espírito Santo,Smartphone/Celular,Branca,Ateu,Não se interessa,1-3,,,
5726,C,Rondônia,Tablet,Preta,Católica,Extrema Esquerda,7-10,,,
5727,D,Distrito Federal,Desktop/Computador de mesa,Prefiro não dizer,Outras,Não se interessa,4-6,,,
5728,E,Alagoas,Outro,Indígena,Judaíca,Centro,<1,,,
5729,A,Bahia,Tablet,Indígena,Ateu,Centro Direita,<1,,,
5730,C,Maranhão,Desktop/Computador de mesa,Preta,Judaíca,Centro,1-3,,,
5731,E,Tocantins,Tablet,Parda,Evangélica,Centro,>10,,,
5732,B,São Paulo,Smartphone/Celular,Parda,Agnóstico,Não se interessa,4-6,,,
5733,E,Ceará,Notebook/Netbook,Branca,Agnóstico,Direita,>10,,,
5734,C,Goiás,Outro,Preta,Evangélica,Direita,>10,,,
5735,D,Minas Gerais,Desktop/Computador de mesa,Prefiro não dizer,Evangélica,Centro Direita,1-3,,,
5736,B,Acre,Outro,Prefiro não dizer,Espírita,Direita,7-10,,,
5737,C,Rio Grande do Sul,Tablet,Parda,Agnóstico,Centro,<1,,,
5738,B,Piauí,Desktop/Computador de mesa,Parda,Judaíca,Centro Esquerda,4-6,,,
5739,D,Acre,Tablet,Branca,Espírita,Direita,4-6,,,
5740,A,Minas Gerais,Smartphone/Celular,Prefiro não dizer,Judaíca,Centro Esquerda,4-6,,,
5741,D,Sergipe,Tablet,Parda,Ateu,Extrema Esquerda,4-6,,,
5742,C,Piauí,Tablet,Parda,Ateu,Extrema Direita,>10,,,
5743,E,Pernambuco,Outro,Indígena,Outras,Centro,1-3,,,
5744,A,Tocantins,Smartphone/Celular,Parda,Outras,Direita,7-10,,,
5745,E,Rio de Janeiro,Smartphone/Celular,Prefiro não dizer,Ateu,Extrema Direita,1-3,,,
5746,A,Rio de Janeiro,Desktop/Computador de mesa,Branca,Outras,Não se interessa,4-6,,,
5747,C,Rondônia,Outro,Prefiro não dizer,Espírita,Centro Direita,7-10,,,
5748,D,Amazonas,Outro,Amarela,Outras,Centro Esquerda,>10,,,
5749,E,Rio Grande do Sul,Outro,Amarela,Espírita,Centro Direita,>10,,,
5750,C,Roraima,Notebook/Netbook,Branca,Espírita,Centro Esquerda,7-10,,,
5751,A,Santa Catarina,Smartphone/Celular,Branca,Espírita,Direita,1-3,,,
5752,A,Distrito Federal,Desktop/Computador de mesa,Indígena,Evangélica,Esquerda,7-10,,,
5753,A,Santa Catarina,Outro,Prefiro não dizer,Agnóstico,Centro Direita,7-10,,,
5754,D,Acre,Smartphone/Celular,Preta,Ateu,Centro Direita,>10,,,
5755,C,São Paulo,Outro,Indígena,Ateu,Não se interessa,>10,,,
5756,E,Rio Grande do Norte,Notebook/Netbook,Indígena,Espírita,Centro Direita,4-6,,,
5757,A,Acre,Notebook/Netbook,Amarela,Judaíca,Direita,>10,,,
5758,B,Roraima,Smartphone/Celular,Prefiro não dizer,Agnóstico,Extrema Direita,>10,,,
5759,C,Minas Gerais,Tablet,Preta,Evangélica,Esquerda,7-10,,,
5760,C,Mato Grosso,Notebook/Netbook,Branca,Evangélica,Centro,1-3,,,
5761,D,Roraima,Tablet,Indígena,Agnóstico,Direita,<1,,,
5762,B,Paraíba,Notebook/Netbook,Parda,Ateu,Centro,>10,,,
5763,A,Piauí,Smartphone/Celular,Preta,Espírita,Esquerda,>10,,,
5764,A,Bahia,Desktop/Computador de mesa,Indígena,Outras,Direita,>10,,,
5765,C,São Paulo,Notebook/Netbook,Indígena,Agnóstico,Centro,4-6,,,
5766,C,Mato Grosso,Outro,Preta,Espírita,Centro Direita,7-10,,,
5767,B,Rondônia,Desktop/Computador de mesa,Branca,Evangélica,Esquerda,<1,,,
5768,C,São Paulo,Desktop/Computador de mesa,Preta,Espírita,Extrema Esquerda,>10,,,
5769,B,Paraná,Outro,Parda,Outras,Centro Esquerda,>10,,,
5770,D,Santa Catarina,Tablet,Prefiro não dizer,Espírita,Direita,>10,,,
5771,D,Santa Catarina,Tablet,Prefiro não dizer,Agnóstico,Centro Esquerda,1-3,,,
5772,C,Paraná,Notebook/Netbook,Amarela,Judaíca,Direita,<1,,,
5773,A,Goiás,Desktop/Computador de mesa,Prefiro não dizer,Evangélica,Extrema Esquerda,7-10,,,
5774,D,Piauí,Notebook/Netbook,Prefiro não dizer,Espírita,Centro Esquerda,>10,,,
5775,C,Paraíba,Desktop/Computador de mesa,Indígena,Agnóstico,Centro Esquerda,7-10,,,
5776,A,Distrito Federal,Desktop/Computador de mesa,Preta,Espírita,Direita,4-6,,,
5777,D,Pará,Notebook/Netbook,Indígena,Judaíca,Esquerda,1-3,,,
5778,C,Maranhão,Notebook/Netbook,Prefiro não dizer,Católica,Centro,1-3,,,
5779,A,Paraíba,Outro,Branca,Evangélica,Centro Esquerda,7-10,,,
5780,E,Santa Catarina,Smartphone/Celular,Parda,Agnóstico,Direita,<1,,,
5781,C,Piauí,Desktop/Computador de mesa,Parda,Judaíca,Centro Esquerda,<1,,,
5782,C,Piauí,Tablet,Indígena,Agnóstico,Não se interessa,>10,,,
5783,B,São Paulo,Outro,Indígena,Judaíca,Não se interessa,1-3,,,
5784,A,Amazonas,Outro,Prefiro não dizer,Outras,Extrema Esquerda,>10,,,
5785,B,Paraná,Smartphone/Celular,Amarela,Católica,Extrema Direita,1-3,,,
5786,E,Amapá,Outro,Prefiro não dizer,Evangélica,Não se interessa,4-6,,,
5787,C,Mato Grosso,Desktop/Computador de mesa,Amarela,Outras,Extrema Direita,1-3,,,
5788,A,Minas Gerais,Desktop/Computador de mesa,Preta,Ateu,Centro Direita,4-6,,,
5789,B,Amazonas,Smartphone/Celular,Branca,Judaíca,Centro,7-10,,,
5790,C,Maranhão,Outro,Preta,Ateu,Centro Direita,<1,,,
5791,A,Amazonas,Tablet,Indígena,Evangélica,Extrema Direita,1-3,,,
5792,A,Sergipe,Tablet,Amarela,Espírita,Extrema Direita,4-6,,,
5793,A,São Paulo,Smartphone/Celular,Indígena,Judaíca,Direita,<1,,,
5794,D,Roraima,Tablet,Prefiro não dizer,Católica,Direita,4-6,,,
5795,E,Santa Catarina,Smartphone/Celular,Parda,Agnóstico,Centro,<1,,,
5796,E,Amapá,Outro,Parda,Agnóstico,Centro Esquerda,<1,,,
5797,B,Tocantins,Smartphone/Celular,Amarela,Ateu,Não se interessa,4-6,,,
5798,A,Acre,Smartphone/Celular,Indígena,Católica,Não se interessa,1-3,,,
5799,B,Tocantins,Outro,Prefiro não dizer,Agnóstico,Não se interessa,>10,,,
5800,B,Pernambuco,Desktop/Computador de mesa,Amarela,Agnóstico,Centro Direita,>10,,,
5801,D,Rio de Janeiro,Smartphone/Celular,Branca,Ateu,Centro Esquerda,7-10,,,
5802,E,Distrito Federal,Tablet,Indígena,Evangélica,Centro Direita,<1,,,
5803,D,Minas Gerais,Desktop/Computador de mesa,Preta,Católica,Extrema Esquerda,4-6,,,
5804,D,Acre,Tablet,Branca,Ateu,Centro,>10,,,
5805,E,São Paulo,Outro,Preta,Ateu,Extrema Esquerda,1-3,,,
5806,B,Tocantins,Desktop/Computador de mesa,Amarela,Espírita,Direita,4-6,,,
5807,C,Rondônia,Smartphone/Celular,Branca,Judaíca,Extrema Esquerda,4-6,,,
5808,B,Acre,Desktop/Computador de mesa,Indígena,Judaíca,Centro Direita,4-6,,,
5809,C,Rio Grande do Norte,Tablet,Indígena,Outras,Centro Esquerda,<1,,,
5810,E,Acre,Desktop/Computador de mesa,Prefiro não dizer,Agnóstico,Extrema Esquerda,<1,,,
5811,D,Amazonas,Desktop/Computador de mesa,Preta,Judaíca,Extrema Esquerda,4-6,,,
5812,A,Roraima,Outro,Prefiro não dizer,Espírita,Centro,1-3,,,
5813,D,Minas Gerais,Outro,Branca,Católica,Centro Direita,<1,,,
5814,A,São Paulo,Desktop/Computador de mesa,Amarela,Agnóstico,Não se interessa,4-6,,,
5815,C,Paraná,Outro,Branca,Ateu,Centro Esquerda,7-10,,,
5816,B,Pernambuco,Smartphone/Celular,Branca,Evangélica,Direita,4-6,,,
5817,C,Pernambuco,Notebook/Netbook,Branca,Agnóstico,Centro,4-6,,,
5818,E,Pernambuco,Desktop/Computador de mesa,Parda,Agnóstico,Extrema Esquerda,<1,,,
5819,E,Paraná,Outro,Indígena,Outras,Extrema Direita,>10,,,
5820,D,Espírito Santo,Outro,Prefiro não dizer,Evangélica,Centro Direita,4-6,,,
5821,A,Paraná,Outro,Indígena,Agnóstico,Centro,1-3,,,
5822,A,Rio Grande do Norte,Tablet,Parda,Outras,Centro Esquerda,1-3,,,
5823,C,Goiás,Outro,Preta,Espírita,Centro Esquerda,7-10,,,
5824,A,Acre,Notebook/Netbook,Prefiro não dizer,Agnóstico,Centro Direita,>10,,,
5825,D,Bahia,Outro,Branca,Espírita,Não se interessa,>10,,,
5826,A,Tocantins,Notebook/Netbook,Indígena,Judaíca,Centro Direita,1-3,,,
5827,E,Amazonas,Outro,Parda,Judaíca,Centro Esquerda,7-10,,,
5828,A,Piauí,Notebook/Netbook,Indígena,Outras,Extrema Esquerda,>10,,,
5829,E,Rio Grande do Norte,Tablet,Parda,Evangélica,Centro Direita,1-3,,,
5830,E,Amapá,Notebook/Netbook,Prefiro não dizer,Espírita,Não se interessa,1-3,,,
5831,D,Minas Gerais,Outro,Amarela,Judaíca,Direita,<1,,,
5832,D,Ceará,Notebook/Netbook,Branca,Agnóstico,Centro Esquerda,<1,,,
5833,D,Tocantins,Outro,Amarela,Evangélica,Extrema Esquerda,4-6,,,
5834,A,Rio de Janeiro,Outro,Prefiro não dizer,Ateu,Direita,<1,,,
5835,D,Alagoas,Tablet,Amarela,Agnóstico,Centro Direita,7-10,,,
5836,D,Pernambuco,Desktop/Computador de mesa,Amarela,Judaíca,Centro,7-10,,,
5837,B,Goiás,Smartphone/Celular,Prefiro não dizer,Espírita,Centro Esquerda,<1,,,
5838,E,Rio de Janeiro,Tablet,Preta,Outras,Não se interessa,7-10,,,
5839,B,Pará,Tablet,Preta,Evangélica,Direita,1-3,,,
5840,C,Distrito Federal,Tablet,Prefiro não dizer,Judaíca,Centro,4-6,,,
5841,B,São Paulo,Notebook/Netbook,Branca,Outras,Direita,<1,,,
5842,D,Piauí,Desktop/Computador de mesa,Indígena,Católica,Extrema Direita,1-3,,,
5843,C,Maranhão,Notebook/Netbook,Prefiro não dizer,Evangélica,Extrema Direita,<1,,,
5844,D,Rio de Janeiro,Desktop/Computador de mesa,Indígena,Agnóstico,Extrema Direita,4-6,,,
5845,D,Paraná,Desktop/Computador de mesa,Amarela,Ateu,Centro Esquerda,1-3,,,
5846,C,Maranhão,Outro,Prefiro não dizer,Evangélica,Extrema Direita,1-3,,,
5847,C,Santa Catarina,Tablet,Branca,Judaíca,Não se interessa,4-6,,,
5848,B,Paraíba,Smartphone/Celular,Amarela,Judaíca,Centro,7-10,,,
5849,E,Paraíba,Smartphone/Celular,Prefiro não dizer,Ateu,Esquerda,<1,,,
5850,C,Piauí,Tablet,Branca,Espírita,Direita,7-10,,,
5851,B,Paraná,Desktop/Computador de mesa,Amarela,Evangélica,Centro Esquerda,7-10,,,
5852,B,Amazonas,Smartphone/Celular,Branca,Espírita,Centro Esquerda,7-10,,,
5853,A,Pernambuco,Outro,Indígena,Outras,Extrema Direita,<1,,,
5854,B,Paraná,Smartphone/Celular,Preta,Católica,Centro Direita,4-6,,,
5855,D,Rio de Janeiro,Tablet,Preta,Católica,Extrema Direita,1-3,,,
5856,B,Ceará,Notebook/Netbook,Preta,Ateu,Extrema Direita,<1,,,
5857,B,Amazonas,Tablet,Preta,Evangélica,Extrema Direita,7-10,,,
5858,B,São Paulo,Notebook/Netbook,Preta,Ateu,Extrema Esquerda,4-6,,,
5859,A,Tocantins,Notebook/Netbook,Indígena,Judaíca,Centro Direita,<1,,,
5860,B,Maranhão,Notebook/Netbook,Indígena,Judaíca,Centro,7-10,,,
5861,C,Amapá,Smartphone/Celular,Parda,Católica,Centro Esquerda,4-6,,,
5862,D,Amazonas,Tablet,Branca,Evangélica,Centro Direita,7-10,,,
5863,C,Mato Grosso do Sul,Outro,Branca,Agnóstico,Centro Direita,4-6,,,
5864,D,Mato Grosso do Sul,Desktop/Computador de mesa,Preta,Espírita,Centro Esquerda,>10,,,
5865,E,Rio de Janeiro,Outro,Amarela,Ateu,Extrema Direita,4-6,,,
5866,B,Paraíba,Notebook/Netbook,Indígena,Espírita,Centro,>10,,,
5867,C,São Paulo,Outro,Indígena,Católica,Esquerda,4-6,,,
5868,E,Mato Grosso do Sul,Tablet,Amarela,Católica,Direita,1-3,,,
5869,B,Tocantins,Tablet,Prefiro não dizer,Outras,Extrema Direita,7-10,,,
5870,D,Acre,Desktop/Computador de mesa,Branca,Judaíca,Extrema Direita,4-6,,,
5871,B,Rio Grande do Norte,Smartphone/Celular,Indígena,Ateu,Extrema Esquerda,7-10,,,
5872,A,Distrito Federal,Outro,Indígena,Judaíca,Centro,<1,,,
5873,A,Amazonas,Notebook/Netbook,Branca,Outras,Não se interessa,1-3,,,
5874,C,Pernambuco,Desktop/Computador de mesa,Preta,Católica,Extrema Esquerda,4-6,,,
5875,D,Distrito Federal,Desktop/Computador de mesa,Parda,Evangélica,Centro Direita,>10,,,
5876,E,Rio Grande do Norte,Smartphone/Celular,Indígena,Ateu,Não se interessa,<1,,,
5877,E,Bahia,Desktop/Computador de mesa,Branca,Judaíca,Extrema Esquerda,4-6,,,
5878,A,Paraná,Desktop/Computador de mesa,Indígena,Espírita,Centro,<1,,,
5879,A,Pernambuco,Outro,Amarela,Ateu,Direita,<1,,,
5880,A,Mato Grosso,Tablet,Preta,Judaíca,Não se interessa,1-3,,,
5881,B,Paraná,Smartphone/Celular,Prefiro não dizer,Agnóstico,Centro,<1,,,
5882,E,São Paulo,Smartphone/Celular,Amarela,Evangélica,Extrema Direita,1-3,,,
5883,E,Minas Gerais,Outro,Preta,Agnóstico,Esquerda,<1,,,
5884,D,Santa Catarina,Tablet,Preta,Outras,Extrema Direita,4-6,,,
5885,C,Amapá,Notebook/Netbook,Indígena,Espírita,Extrema Direita,>10,,,
5886,B,Sergipe,Desktop/Computador de mesa,Branca,Agnóstico,Não se interessa,<1,,,
5887,C,Roraima,Smartphone/Celular,Amarela,Espírita,Centro Esquerda,<1,,,
5888,B,Maranhão,Smartphone/Celular,Prefiro não dizer,Outras,Centro Direita,4-6,,,
5889,C,Distrito Federal,Tablet,Parda,Ateu,Extrema Direita,<1,,,
5890,C,Mato Grosso do Sul,Smartphone/Celular,Preta,Ateu,Esquerda,<1,,,
5891,C,Roraima,Tablet,Indígena,Evangélica,Não se interessa,1-3,,,
5892,E,Rondônia,Desktop/Computador de mesa,Parda,Judaíca,Extrema Direita,>10,,,
5893,B,Bahia,Tablet,Branca,Judaíca,Extrema Direita,<1,,,
5894,A,Amazonas,Smartphone/Celular,Preta,Outras,Extrema Esquerda,>10,,,
5895,D,Rio Grande do Sul,Outro,Preta,Evangélica,Não se interessa,1-3,,,
5896,D,Espírito Santo,Notebook/Netbook,Parda,Ateu,Não se interessa,>10,,,
5897,B,Paraná,Smartphone/Celular,Amarela,Outras,Centro Direita,7-10,,,
5898,E,Alagoas,Notebook/Netbook,Preta,Judaíca,Extrema Direita,>10,,,
5899,D,Piauí,Smartphone/Celular,Branca,Católica,Centro Direita,<1,,,
5900,B,Rondônia,Desktop/Computador de mesa,Indígena,Ateu,Extrema Direita,4-6,,,
5901,E,Paraná,Smartphone/Celular,Branca,Católica,Extrema Esquerda,<1,,,
5902,B,Sergipe,Desktop/Computador de mesa,Indígena,Espírita,Extrema Direita,4-6,,,
5903,A,Mato Grosso do Sul,Desktop/Computador de mesa,Indígena,Outras,Extrema Direita,1-3,,,
5904,E,Distrito Federal,Outro,Amarela,Judaíca,Centro Direita,4-6,,,
5905,D,Maranhão,Outro,Branca,Judaíca,Extrema Esquerda,1-3,,,
5906,D,Piauí,Desktop/Computador de mesa,Parda,Espírita,Extrema Direita,4-6,,,
5907,A,Rio Grande do Sul,Desktop/Computador de mesa,Parda,Judaíca,Centro Direita,>10,,,
5908,B,Ceará,Tablet,Indígena,Outras,Extrema Direita,1-3,,,
5909,E,Acre,Smartphone/Celular,Amarela,Espírita,Esquerda,7-10,,,
5910,E,Ceará,Desktop/Computador de mesa,Amarela,Espírita,Direita,>10,,,
5911,D,Rio de Janeiro,Tablet,Branca,Espírita,Centro,<1,,,
5912,B,Mato Grosso,Smartphone/Celular,Amarela,Judaíca,Não se interessa,<1,,,
5913,A,Rio de Janeiro,Outro,Indígena,Católica,Direita,>10,,,
5914,D,Piauí,Smartphone/Celular,Amarela,Outras,Direita,>10,,,
5915,D,Alagoas,Smartphone/Celular,Amarela,Evangélica,Não se interessa,<1,,,
5916,C,Paraná,Outro,Amarela,Agnóstico,Extrema Esquerda,7-10,,,
5917,B,Pará,Tablet,Parda,Ateu,Esquerda,>10,,,
5918,C,Pará,Notebook/Netbook,Branca,Ateu,Não se interessa,<1,,,
5919,C,Rio Grande do Norte,Tablet,Indígena,Espírita,Centro,<1,,,
5920,C,Ceará,Outro,Amarela,Outras,Não se interessa,7-10,,,
5921,A,Mato Grosso do Sul,Smartphone/Celular,Amarela,Outras,Direita,1-3,,,
5922,E,Distrito Federal,Smartphone/Celular,Prefiro não dizer,Outras,Direita,<1,,,
5923,A,Amapá,Notebook/Netbook,Prefiro não dizer,Católica,Centro Direita,>10,,,
5924,A,Paraíba,Tablet,Amarela,Agnóstico,Extrema Esquerda,4-6,,,
5925,E,Sergipe,Desktop/Computador de mesa,Preta,Outras,Esquerda,1-3,,,
5926,E,Rio de Janeiro,Outro,Preta,Católica,Esquerda,1-3,,,
5927,D,Alagoas,Tablet,Prefiro não dizer,Judaíca,Centro Direita,1-3,,,
5928,C,Roraima,Tablet,Prefiro não dizer,Espírita,Esquerda,4-6,,,
5929,C,Rio Grande do Norte,Notebook/Netbook,Branca,Católica,Extrema Direita,>10,,,
5930,A,Alagoas,Smartphone/Celular,Preta,Outras,Centro Esquerda,7-10,,,
5931,A,Maranhão,Tablet,Preta,Católica,Esquerda,4-6,,,
5932,A,Mato Grosso,Desktop/Computador de mesa,Parda,Judaíca,Extrema Esquerda,4-6,,,
5933,E,Pará,Notebook/Netbook,Prefiro não dizer,Espírita,Direita,<1,,,
5934,C,Sergipe,Notebook/Netbook,Branca,Ateu,Esquerda,<1,,,
5935,E,Acre,Tablet,Branca,Católica,Extrema Esquerda,7-10,,,
5936,E,Paraíba,Desktop/Computador de mesa,Parda,Espírita,Centro Esquerda,>10,,,
5937,E,Goiás,Tablet,Preta,Católica,Centro Direita,<1,,,
5938,B,Paraíba,Tablet,Parda,Outras,Centro Direita,7-10,,,
5939,D,Distrito Federal,Desktop/Computador de mesa,Branca,Católica,Direita,4-6,,,
5940,C,Mato Grosso,Outro,Preta,Agnóstico,Extrema Esquerda,1-3,,,
5941,E,Alagoas,Tablet,Branca,Agnóstico,Centro,4-6,,,
5942,B,Alagoas,Tablet,Preta,Evangélica,Centro Esquerda,4-6,,,
5943,E,Goiás,Desktop/Computador de mesa,Preta,Evangélica,Centro Direita,7-10,,,
5944,C,Rio de Janeiro,Smartphone/Celular,Parda,Judaíca,Direita,4-6,,,
5945,A,Santa Catarina,Outro,Prefiro não dizer,Católica,Centro Direita,7-10,,,
5946,A,Amazonas,Tablet,Amarela,Agnóstico,Centro,1-3,,,
5947,D,Goiás,Desktop/Computador de mesa,Parda,Católica,Centro Esquerda,<1,,,
5948,C,Paraíba,Outro,Parda,Judaíca,Não se interessa,4-6,,,
5949,A,Piauí,Smartphone/Celular,Preta,Espírita,Esquerda,<1,,,
5950,C,Acre,Tablet,Amarela,Espírita,Não se interessa,>10,,,
5951,B,Mato Grosso,Outro,Preta,Espírita,Não se interessa,<1,,,
5952,B,Goiás,Smartphone/Celular,Branca,Agnóstico,Não se interessa,1-3,,,
5953,D,Roraima,Tablet,Parda,Agnóstico,Centro Esquerda,1-3,,,
5954,D,Maranhão,Outro,Parda,Agnóstico,Esquerda,4-6,,,
5955,A,Espírito Santo,Outro,Parda,Espírita,Não se interessa,1-3,,,
5956,C,Rondônia,Tablet,Indígena,Evangélica,Esquerda,1-3,,,
5957,A,Bahia,Smartphone/Celular,Amarela,Espírita,Direita,7-10,,,
5958,D,Paraíba,Notebook/Netbook,Branca,Outras,Direita,1-3,,,
5959,B,Ceará,Tablet,Prefiro não dizer,Católica,Extrema Direita,4-6,,,
5960,D,Rio Grande do Norte,Desktop/Computador de mesa,Preta,Agnóstico,Não se interessa,4-6,,,
5961,D,Minas Gerais,Notebook/Netbook,Prefiro não dizer,Ateu,Extrema Direita,7-10,,,
5962,A,Minas Gerais,Outro,Preta,Judaíca,Extrema Esquerda,4-6,,,
5963,B,São Paulo,Notebook/Netbook,Amarela,Judaíca,Não se interessa,<1,,,
5964,B,Alagoas,Notebook/Netbook,Parda,Ateu,Centro,>10,,,
5965,D,Pará,Tablet,Parda,Espírita,Esquerda,1-3,,,
5966,C,Piauí,Notebook/Netbook,Branca,Ateu,Centro,<1,,,
5967,D,Roraima,Tablet,Indígena,Evangélica,Extrema Direita,>10,,,
5968,D,Goiás,Desktop/Computador de mesa,Parda,Agnóstico,Centro Esquerda,1-3,,,
5969,E,São Paulo,Tablet,Preta,Católica,Centro Esquerda,7-10,,,
5970,E,Rio Grande do Sul,Outro,Branca,Ateu,Centro Esquerda,4-6,,,
5971,A,Bahia,Smartphone/Celular,Preta,Católica,Centro Direita,7-10,,,
5972,E,Rio Grande do Sul,Tablet,Parda,Judaíca,Extrema Esquerda,>10,,,
5973,A,Mato Grosso,Notebook/Netbook,Preta,Judaíca,Extrema Direita,1-3,,,
5974,D,Amapá,Desktop/Computador de mesa,Indígena,Outras,Centro,<1,,,
5975,B,Minas Gerais,Desktop/Computador de mesa,Preta,Evangélica,Não se interessa,7-10,,,
5976,B,Acre,Outro,Prefiro não dizer,Ateu,Direita,>10,,,
5977,C,Alagoas,Smartphone/Celular,Prefiro não dizer,Espírita,Centro,7-10,,,
5978,A,Acre,Desktop/Computador de mesa,Preta,Outras,Centro Direita,4-6,,,
5979,B,Amazonas,Outro,Branca,Evangélica,Esquerda,<1,,,
5980,D,Rio Grande do Sul,Notebook/Netbook,Parda,Espírita,Centro,<1,,,
5981,D,Amapá,Outro,Preta,Espírita,Não se interessa,7-10,,,
5982,B,Bahia,Desktop/Computador de mesa,Prefiro não dizer,Agnóstico,Extrema Direita,7-10,,,
5983,E,Rondônia,Desktop/Computador de mesa,Indígena,Ateu,Direita,<1,,,
5984,C,Rondônia,Outro,Parda,Evangélica,Não se interessa,1-3,,,
5985,E,Alagoas,Tablet,Prefiro não dizer,Ateu,Extrema Direita,7-10,,,
5986,A,São Paulo,Notebook/Netbook,Parda,Evangélica,Centro Esquerda,4-6,,,
5987,D,Santa Catarina,Desktop/Computador de mesa,Preta,Católica,Não se interessa,4-6,,,
5988,C,Amapá,Tablet,Amarela,Agnóstico,Centro Direita,7-10,,,
5989,B,Rio Grande do Norte,Outro,Indígena,Evangélica,Direita,>10,,,
5990,D,Goiás,Tablet,Prefiro não dizer,Evangélica,Esquerda,1-3,,,
5991,A,Tocantins,Tablet,Preta,Ateu,Esquerda,4-6,,,
5992,C,Minas Gerais,Desktop/Computador de mesa,Amarela,Católica,Centro Direita,1-3,,,
5993,E,Paraná,Notebook/Netbook,Indígena,Evangélica,Centro,<1,,,
5994,A,Rio de Janeiro,Notebook/Netbook,Branca,Católica,Direita,<1,,,
5995,C,Mato Grosso,Outro,Preta,Evangélica,Centro,1-3,,,
5996,A,Santa Catarina,Smartphone/Celular,Parda,Judaíca,Centro Esquerda,4-6,,,
5997,E,Amazonas,Smartphone/Celular,Preta,Evangélica,Extrema Esquerda,>10,,,
5998,C,Pará,Outro,Branca,Ateu,Centro Esquerda,7-10,,,
5999,B,Santa Catarina,Notebook/Netbook,Prefiro não dizer,Evangélica,Centro Direita,4-6,,,
6000,E,São Paulo,Desktop/Computador de mesa,Branca,Evangélica,Não se interessa,>10,,,
6001,D,Espírito Santo,Tablet,Parda,Espírita,Centro,1-3,,,
6002,A,Pará,Outro,Parda,Outras,Extrema Direita,<1,,,
6003,C,Piauí,Outro,Prefiro não dizer,Espírita,Centro Esquerda,1-3,,,
6004,A,Acre,Outro,Branca,Judaíca,Extrema Esquerda,4-6,,,
6005,E,Paraná,Outro,Amarela,Evangélica,Centro Direita,1-3,,,
6006,C,Alagoas,Smartphone/Celular,Parda,Espírita,Centro,<1,,,
6007,D,Maranhão,Smartphone/Celular,Prefiro não dizer,Agnóstico,Centro Direita,4-6,,,
6008,C,Mato Grosso,Tablet,Parda,Evangélica,Não se interessa,<1,,,
6009,B,Amazonas,Tablet,Branca,Católica,Centro,>10,,,
6010,D,Pará,Smartphone/Celular,Prefiro não dizer,Ateu,Extrema Esquerda,1-3,,,
6011,C,Piauí,Tablet,Indígena,Ateu,Extrema Esquerda,4-6,,,
6012,A,Mato Grosso,Smartphone/Celular,Amarela,Evangélica,Centro Esquerda,>10,,,
6013,E,Ceará,Smartphone/Celular,Prefiro não dizer,Espírita,Direita,4-6,,,
6014,D,Tocantins,Outro,Amarela,Católica,Esquerda,1-3,,,
6015,E,Mato Grosso,Desktop/Computador de mesa,Amarela,Outras,Extrema Direita,4-6,,,
6016,E,Pernambuco,Desktop/Computador de mesa,Parda,Outras,Centro Direita,4-6,,,
6017,A,Minas Gerais,Tablet,Parda,Agnóstico,Não se interessa,1-3,,,
6018,E,Tocantins,Notebook/Netbook,Prefiro não dizer,Judaíca,Extrema Direita,>10,,,
6019,B,Amapá,Desktop/Computador de mesa,Parda,Espírita,Extrema Direita,1-3,,,
6020,E,Amapá,Outro,Amarela,Ateu,Esquerda,<1,,,
6021,B,Mato Grosso,Tablet,Prefiro não dizer,Agnóstico,Não se interessa,4-6,,,
6022,C,Rio de Janeiro,Smartphone/Celular,Prefiro não dizer,Católica,Esquerda,4-6,,,
6023,C,Paraíba,Notebook/Netbook,Prefiro não dizer,Agnóstico,Esquerda,<1,,,
6024,A,Ceará,Smartphone/Celular,Parda,Espírita,Esquerda,7-10,,,
6025,A,Bahia,Smartphone/Celular,Indígena,Evangélica,Direita,4-6,,,
6026,E,Paraná,Desktop/Computador de mesa,Amarela,Judaíca,Direita,4-6,,,
6027,A,Rio de Janeiro,Tablet,Indígena,Judaíca,Direita,4-6,,,
6028,C,Rio Grande do Sul,Outro,Parda,Ateu,Direita,>10,,,
6029,A,Mato Grosso,Smartphone/Celular,Indígena,Evangélica,Centro Esquerda,1-3,,,
6030,E,Tocantins,Notebook/Netbook,Amarela,Católica,Centro,1-3,,,
6031,D,Distrito Federal,Notebook/Netbook,Amarela,Outras,Extrema Esquerda,1-3,,,
6032,C,Tocantins,Tablet,Parda,Evangélica,Centro Direita,7-10,,,
6033,D,Pará,Notebook/Netbook,Prefiro não dizer,Outras,Centro Direita,1-3,,,
6034,C,Rondônia,Notebook/Netbook,Branca,Evangélica,Direita,4-6,,,
6035,A,Bahia,Desktop/Computador de mesa,Prefiro não dizer,Outras,Não se interessa,4-6,,,
6036,B,Tocantins,Smartphone/Celular,Parda,Ateu,Direita,7-10,,,
6037,E,Piauí,Tablet,Prefiro não dizer,Agnóstico,Direita,>10,,,
6038,E,Rio Grande do Sul,Smartphone/Celular,Parda,Espírita,Extrema Direita,<1,,,
6039,A,Distrito Federal,Desktop/Computador de mesa,Preta,Ateu,Extrema Esquerda,4-6,,,
6040,E,Rio de Janeiro,Smartphone/Celular,Prefiro não dizer,Judaíca,Centro,4-6,,,
6041,B,São Paulo,Tablet,Parda,Evangélica,Extrema Direita,1-3,,,
6042,C,Amapá,Tablet,Branca,Evangélica,Não se interessa,1-3,,,
6043,B,Acre,Notebook/Netbook,Prefiro não dizer,Espírita,Extrema Direita,<1,,,
6044,B,Rio Grande do Norte,Tablet,Amarela,Ateu,Extrema Direita,<1,,,
6045,D,Espírito Santo,Notebook/Netbook,Indígena,Outras,Não se interessa,4-6,,,
6046,A,Pará,Outro,Branca,Outras,Centro Esquerda,<1,,,
6047,A,Amazonas,Desktop/Computador de mesa,Prefiro não dizer,Espírita,Direita,<1,,,
6048,E,Santa Catarina,Outro,Branca,Católica,Extrema Esquerda,4-6,,,
6049,C,Santa Catarina,Desktop/Computador de mesa,Prefiro não dizer,Ateu,Centro,<1,,,
6050,D,Santa Catarina,Desktop/Computador de mesa,Preta,Judaíca,Centro Esquerda,4-6,,,
6051,B,Paraná,Notebook/Netbook,Preta,Ateu,Extrema Direita,<1,,,
6052,A,Rio Grande do Sul,Smartphone/Celular,Amarela,Católica,Não se interessa,7-10,,,
6053,B,Distrito Federal,Tablet,Branca,Judaíca,Extrema Esquerda,>10,,,
6054,D,Alagoas,Outro,Prefiro não dizer,Evangélica,Extrema Direita,>10,,,
6055,A,Pará,Desktop/Computador de mesa,Prefiro não dizer,Espírita,Centro Direita,<1,,,
6056,A,Ceará,Outro,Preta,Espírita,Esquerda,1-3,,,
6057,A,Rio Grande do Sul,Notebook/Netbook,Parda,Outras,Extrema Esquerda,7-10,,,
6058,C,Piauí,Smartphone/Celular,Indígena,Agnóstico,Não se interessa,7-10,,,
6059,E,Rondônia,Tablet,Indígena,Agnóstico,Centro,4-6,,,
6060,E,Rio Grande do Norte,Tablet,Preta,Agnóstico,Centro Esquerda,4-6,,,
6061,A,Goiás,Notebook/Netbook,Indígena,Ateu,Extrema Esquerda,<1,,,
6062,A,Mato Grosso do Sul,Tablet,Branca,Outras,Centro,7-10,,,
6063,B,Amapá,Smartphone/Celular,Prefiro não dizer,Agnóstico,Direita,1-3,,,
6064,C,Goiás,Smartphone/Celular,Indígena,Evangélica,Não se interessa,<1,,,
6065,A,São Paulo,Notebook/Netbook,Preta,Católica,Não se interessa,<1,,,
6066,E,Ceará,Desktop/Computador de mesa,Parda,Ateu,Direita,4-6,,,
6067,E,Sergipe,Smartphone/Celular,Indígena,Judaíca,Centro Esquerda,7-10,,,
6068,A,Santa Catarina,Outro,Indígena,Judaíca,Extrema Direita,<1,,,
6069,B,Minas Gerais,Tablet,Indígena,Evangélica,Centro Esquerda,>10,,,
6070,C,Rio de Janeiro,Notebook/Netbook,Parda,Evangélica,Centro Esquerda,1-3,,,
6071,C,Sergipe,Outro,Branca,Judaíca,Centro Direita,7-10,,,
6072,A,Tocantins,Outro,Parda,Espírita,Direita,7-10,,,
6073,E,Rio Grande do Norte,Smartphone/Celular,Prefiro não dizer,Católica,Centro Esquerda,>10,,,
6074,B,Pará,Notebook/Netbook,Parda,Ateu,Centro Esquerda,4-6,,,
6075,E,Rio de Janeiro,Tablet,Branca,Agnóstico,Extrema Esquerda,1-3,,,
6076,B,Acre,Desktop/Computador de mesa,Parda,Agnóstico,Centro Esquerda,<1,,,
6077,B,Rondônia,Outro,Preta,Espírita,Direita,>10,,,
6078,D,Amazonas,Smartphone/Celular,Indígena,Agnóstico,Extrema Esquerda,1-3,,,
6079,D,Amazonas,Smartphone/Celular,Preta,Católica,Direita,4-6,,,
6080,E,Rio de Janeiro,Smartphone/Celular,Branca,Evangélica,Extrema Direita,>10,,,
6081,B,Acre,Tablet,Amarela,Outras,Centro Direita,4-6,,,
6082,C,Piauí,Outro,Parda,Judaíca,Direita,1-3,,,
6083,C,São Paulo,Desktop/Computador de mesa,Preta,Ateu,Não se interessa,7-10,,,
6084,B,Sergipe,Outro,Prefiro não dizer,Agnóstico,Centro,7-10,,,
6085,E,Acre,Desktop/Computador de mesa,Preta,Espírita,Centro Direita,<1,,,
6086,E,Roraima,Smartphone/Celular,Parda,Evangélica,Extrema Direita,<1,,,
6087,A,Sergipe,Notebook/Netbook,Indígena,Ateu,Centro Direita,<1,,,
6088,D,Distrito Federal,Desktop/Computador de mesa,Preta,Espírita,Centro Direita,7-10,,,
6089,A,Amazonas,Smartphone/Celular,Amarela,Católica,Extrema Esquerda,>10,,,
6090,E,Mato Grosso,Tablet,Prefiro não dizer,Judaíca,Extrema Esquerda,7-10,,,
6091,E,Sergipe,Smartphone/Celular,Prefiro não dizer,Evangélica,Não se interessa,4-6,,,
6092,D,Piauí,Tablet,Preta,Judaíca,Não se interessa,1-3,,,
6093,D,Bahia,Smartphone/Celular,Amarela,Católica,Extrema Direita,1-3,,,
6094,E,Alagoas,Smartphone/Celular,Preta,Católica,Centro,1-3,,,
6095,C,Rondônia,Notebook/Netbook,Preta,Outras,Centro Esquerda,4-6,,,
6096,B,Tocantins,Smartphone/Celular,Parda,Espírita,Centro Direita,>10,,,
6097,B,Piauí,Notebook/Netbook,Preta,Judaíca,Extrema Direita,1-3,,,
6098,A,Mato Grosso do Sul,Tablet,Branca,Evangélica,Centro Esquerda,>10,,,
6099,C,Maranhão,Tablet,Parda,Evangélica,Direita,<1,,,
6100,D,Amapá,Outro,Branca,Católica,Extrema Esquerda,7-10,,,
6101,B,Rio Grande do Sul,Outro,Amarela,Judaíca,Direita,>10,,,
6102,D,Rondônia,Tablet,Preta,Ateu,Centro Esquerda,>10,,,
6103,E,Paraíba,Notebook/Netbook,Branca,Judaíca,Esquerda,1-3,,,
6104,C,Pernambuco,Notebook/Netbook,Preta,Outras,Centro Esquerda,4-6,,,
6105,B,Acre,Notebook/Netbook,Preta,Outras,Esquerda,7-10,,,
6106,E,Santa Catarina,Notebook/Netbook,Preta,Católica,Centro,<1,,,
6107,D,Roraima,Outro,Prefiro não dizer,Outras,Centro Esquerda,1-3,,,
6108,E,Alagoas,Smartphone/Celular,Parda,Evangélica,Centro Esquerda,>10,,,
6109,E,Pará,Outro,Branca,Espírita,Não se interessa,1-3,,,
6110,B,Ceará,Desktop/Computador de mesa,Preta,Católica,Não se interessa,>10,,,
6111,E,Rondônia,Desktop/Computador de mesa,Indígena,Ateu,Extrema Esquerda,7-10,,,
6112,D,Rio de Janeiro,Smartphone/Celular,Indígena,Evangélica,Extrema Direita,<1,,,
6113,B,Amazonas,Tablet,Parda,Judaíca,Direita,4-6,,,
6114,B,Distrito Federal,Desktop/Computador de mesa,Indígena,Espírita,Centro Esquerda,1-3,,,
6115,E,Pará,Tablet,Parda,Ateu,Extrema Esquerda,>10,,,
6116,D,Rondônia,Desktop/Computador de mesa,Branca,Agnóstico,Extrema Direita,<1,,,
6117,D,Sergipe,Tablet,Preta,Católica,Esquerda,>10,,,
6118,E,Ceará,Smartphone/Celular,Branca,Espírita,Não se interessa,7-10,,,
6119,B,Amapá,Tablet,Prefiro não dizer,Agnóstico,Esquerda,1-3,,,
6120,C,Amazonas,Outro,Amarela,Ateu,Centro,1-3,,,
6121,D,Maranhão,Outro,Preta,Ateu,Centro Direita,<1,,,
6122,A,Tocantins,Outro,Preta,Espírita,Extrema Esquerda,7-10,,,
6123,B,Distrito Federal,Smartphone/Celular,Branca,Espírita,Não se interessa,>10,,,
6124,C,Mato Grosso,Desktop/Computador de mesa,Indígena,Evangélica,Não se interessa,4-6,,,
6125,C,Maranhão,Tablet,Preta,Espírita,Centro Direita,<1,,,
6126,E,Santa Catarina,Desktop/Computador de mesa,Prefiro não dizer,Judaíca,Centro Esquerda,7-10,,,
6127,C,Santa Catarina,Tablet,Indígena,Católica,Esquerda,>10,,,
6128,A,Tocantins,Outro,Amarela,Outras,Extrema Direita,>10,,,
6129,A,Santa Catarina,Notebook/Netbook,Branca,Outras,Centro,>10,,,
6130,B,Goiás,Smartphone/Celular,Prefiro não dizer,Judaíca,Centro Direita,1-3,,,
6131,E,Mato Grosso do Sul,Notebook/Netbook,Parda,Agnóstico,Esquerda,>10,,,
6132,D,Rio Grande do Norte,Notebook/Netbook,Preta,Espírita,Centro Esquerda,>10,,,
6133,A,Mato Grosso,Smartphone/Celular,Amarela,Outras,Centro Direita,<1,,,
6134,C,Mato Grosso,Tablet,Branca,Católica,Não se interessa,4-6,,,
6135,D,Ceará,Smartphone/Celular,Preta,Católica,Direita,4-6,,,
6136,A,Rio de Janeiro,Desktop/Computador de mesa,Prefiro não dizer,Ateu,Centro Esquerda,7-10,,,
6137,C,Minas Gerais,Outro,Indígena,Católica,Direita,>10,,,
6138,A,Distrito Federal,Desktop/Computador de mesa,Amarela,Espírita,Esquerda,4-6,,,
6139,B,Mato Grosso do Sul,Smartphone/Celular,Parda,Ateu,Direita,<1,,,
6140,B,Amazonas,Smartphone/Celular,Amarela,Agnóstico,Extrema Direita,1-3,,,
6141,A,Espírito Santo,Outro,Prefiro não dizer,Judaíca,Centro Direita,7-10,,,
6142,D,Maranhão,Outro,Amarela,Agnóstico,Direita,>10,,,
6143,C,Sergipe,Desktop/Computador de mesa,Branca,Espírita,Centro Direita,7-10,,,
6144,B,Rio Grande do Norte,Desktop/Computador de mesa,Indígena,Espírita,Direita,1-3,,,
6145,A,Ceará,Outro,Preta,Ateu,Centro Direita,>10,,,
6146,A,Tocantins,Desktop/Computador de mesa,Preta,Católica,Extrema Direita,7-10,,,
6147,B,Paraná,Outro,Parda,Agnóstico,Extrema Esquerda,<1,,,
6148,B,Mato Grosso,Tablet,Indígena,Espírita,Direita,4-6,,,
6149,B,Rondônia,Desktop/Computador de mesa,Prefiro não dizer,Ateu,Centro Esquerda,>10,,,
6150,E,Ceará,Notebook/Netbook,Parda,Católica,Centro Esquerda,1-3,,,
6151,E,Pernambuco,Notebook/Netbook,Parda,Ateu,Esquerda,<1,,,
6152,E,Rondônia,Notebook/Netbook,Amarela,Evangélica,Centro Direita,7-10,,,
6153,B,Pará,Outro,Branca,Católica,Extrema Direita,4-6,,,
6154,E,Piauí,Tablet,Preta,Ateu,Extrema Direita,>10,,,
6155,D,Piauí,Smartphone/Celular,Branca,Agnóstico,Extrema Direita,7-10,,,
6156,A,Rio de Janeiro,Desktop/Computador de mesa,Branca,Evangélica,Extrema Direita,1-3,,,
6157,D,Rio Grande do Norte,Desktop/Computador de mesa,Amarela,Agnóstico,Direita,4-6,,,
6158,E,Amazonas,Desktop/Computador de mesa,Indígena,Ateu,Extrema Direita,4-6,,,
6159,E,Mato Grosso,Desktop/Computador de mesa,Preta,Judaíca,Centro,7-10,,,
6160,A,Goiás,Notebook/Netbook,Branca,Agnóstico,Extrema Esquerda,<1,,,
6161,B,Amazonas,Notebook/Netbook,Parda,Agnóstico,Extrema Esquerda,4-6,,,
6162,D,Paraná,Notebook/Netbook,Preta,Agnóstico,Extrema Direita,4-6,,,
6163,D,São Paulo,Smartphone/Celular,Parda,Judaíca,Centro Esquerda,1-3,,,
6164,D,Rondônia,Desktop/Computador de mesa,Preta,Judaíca,Direita,4-6,,,
6165,D,Espírito Santo,Smartphone/Celular,Preta,Espírita,Esquerda,>10,,,
6166,C,Minas Gerais,Desktop/Computador de mesa,Indígena,Judaíca,Esquerda,4-6,,,
6167,C,Piauí,Tablet,Preta,Católica,Extrema Esquerda,>10,,,
6168,E,Mato Grosso do Sul,Notebook/Netbook,Prefiro não dizer,Outras,Extrema Direita,>10,,,
6169,A,Piauí,Notebook/Netbook,Prefiro não dizer,Outras,Extrema Direita,4-6,,,
6170,A,Amapá,Outro,Prefiro não dizer,Espírita,Não se interessa,>10,,,
6171,A,Goiás,Smartphone/Celular,Amarela,Judaíca,Centro,1-3,,,
6172,B,Bahia,Tablet,Parda,Católica,Não se interessa,4-6,,,
6173,B,Goiás,Notebook/Netbook,Prefiro não dizer,Ateu,Extrema Direita,1-3,,,
6174,D,Paraíba,Notebook/Netbook,Indígena,Judaíca,Centro Esquerda,<1,,,
6175,D,Rondônia,Desktop/Computador de mesa,Preta,Outras,Extrema Direita,<1,,,
6176,D,Distrito Federal,Outro,Parda,Agnóstico,Não se interessa,1-3,,,
6177,C,Bahia,Tablet,Branca,Judaíca,Esquerda,1-3,,,
6178,B,Pernambuco,Outro,Indígena,Evangélica,Não se interessa,1-3,,,
6179,C,Rondônia,Notebook/Netbook,Preta,Agnóstico,Centro Direita,<1,,,
6180,E,Mato Grosso do Sul,Outro,Preta,Católica,Direita,7-10,,,
6181,A,Pará,Outro,Preta,Outras,Centro Direita,<1,,,
6182,D,Pará,Desktop/Computador de mesa,Amarela,Espírita,Extrema Direita,<1,,,
6183,A,Sergipe,Smartphone/Celular,Branca,Evangélica,Centro,4-6,,,
6184,E,Mato Grosso do Sul,Desktop/Computador de mesa,Preta,Evangélica,Extrema Esquerda,1-3,,,
6185,B,Ceará,Notebook/Netbook,Preta,Evangélica,Extrema Direita,4-6,,,
6186,E,Espírito Santo,Desktop/Computador de mesa,Amarela,Outras,Direita,7-10,,,
6187,B,Rio Grande do Norte,Outro,Prefiro não dizer,Evangélica,Centro,4-6,,,
6188,A,Paraná,Outro,Indígena,Católica,Direita,>10,,,
6189,B,Tocantins,Notebook/Netbook,Amarela,Judaíca,Direita,1-3,,,
6190,D,Espírito Santo,Notebook/Netbook,Preta,Agnóstico,Extrema Esquerda,7-10,,,
6191,E,Goiás,Outro,Parda,Espírita,Extrema Direita,7-10,,,
6192,A,Rio de Janeiro,Tablet,Parda,Evangélica,Centro Direita,4-6,,,
6193,B,Pará,Notebook/Netbook,Parda,Ateu,Centro Direita,7-10,,,
6194,A,Pará,Outro,Indígena,Outras,Extrema Esquerda,<1,,,
6195,A,Rio Grande do Sul,Tablet,Indígena,Judaíca,Esquerda,1-3,,,
6196,E,Sergipe,Smartphone/Celular,Parda,Agnóstico,Centro Esquerda,1-3,,,
6197,B,Maranhão,Desktop/Computador de mesa,Preta,Judaíca,Direita,<1,,,
6198,A,Acre,Smartphone/Celular,Branca,Outras,Não se interessa,4-6,,,
6199,E,Maranhão,Notebook/Netbook,Parda,Católica,Centro Esquerda,<1,,,
6200,D,Pará,Notebook/Netbook,Prefiro não dizer,Católica,Não se interessa,4-6,,,
6201,B,São Paulo,Tablet,Preta,Evangélica,Centro Esquerda,<1,,,
6202,D,Acre,Tablet,Prefiro não dizer,Judaíca,Extrema Esquerda,>10,,,
6203,E,Espírito Santo,Outro,Amarela,Católica,Extrema Direita,>10,,,
6204,A,Piauí,Notebook/Netbook,Branca,Agnóstico,Extrema Direita,<1,,,
6205,E,Acre,Tablet,Amarela,Ateu,Centro Esquerda,<1,,,
6206,D,Amazonas,Notebook/Netbook,Parda,Ateu,Centro Esquerda,>10,,,
6207,C,Ceará,Desktop/Computador de mesa,Prefiro não dizer,Espírita,Centro Direita,7-10,,,
6208,E,Mato Grosso,Desktop/Computador de mesa,Preta,Agnóstico,Extrema Esquerda,7-10,,,
6209,D,Amazonas,Notebook/Netbook,Parda,Católica,Extrema Esquerda,7-10,,,
6210,D,Alagoas,Tablet,Prefiro não dizer,Outras,Extrema Direita,1-3,,,
6211,B,Piauí,Notebook/Netbook,Amarela,Católica,Não se interessa,4-6,,,
6212,C,Pernambuco,Smartphone/Celular,Parda,Agnóstico,Centro Direita,>10,,,
6213,C,Rio Grande do Sul,Outro,Parda,Católica,Esquerda,>10,,,
6214,A,Sergipe,Tablet,Branca,Agnóstico,Centro,7-10,,,
6215,D,Mato Grosso,Tablet,Parda,Judaíca,Esquerda,>10,,,
6216,C,Acre,Notebook/Netbook,Amarela,Católica,Centro Esquerda,1-3,,,
6217,B,Pernambuco,Outro,Parda,Evangélica,Direita,7-10,,,
6218,D,Rio Grande do Sul,Outro,Preta,Católica,Esquerda,>10,,,
6219,C,Pará,Tablet,Indígena,Espírita,Esquerda,7-10,,,
6220,D,Pará,Tablet,Indígena,Católica,Esquerda,4-6,,,
6221,D,Mato Grosso,Outro,Branca,Espírita,Esquerda,>10,,,
6222,B,Acre,Smartphone/Celular,Parda,Judaíca,Centro Direita,<1,,,
6223,B,Ceará,Smartphone/Celular,Preta,Evangélica,Centro Direita,>10,,,
6224,B,Paraíba,Outro,Parda,Agnóstico,Centro Esquerda,<1,,,
6225,C,Alagoas,Smartphone/Celular,Prefiro não dizer,Agnóstico,Extrema Direita,7-10,,,
6226,D,Amapá,Desktop/Computador de mesa,Indígena,Ateu,Extrema Direita,1-3,,,
6227,B,São Paulo,Notebook/Netbook,Branca,Outras,Centro Esquerda,1-3,,,
6228,C,Mato Grosso do Sul,Tablet,Parda,Agnóstico,Extrema Esquerda,7-10,,,
6229,B,Mato Grosso,Outro,Amarela,Espírita,Centro Esquerda,>10,,,
6230,C,Mato Grosso do Sul,Outro,Preta,Espírita,Extrema Direita,1-3,,,
6231,B,Rio Grande do Sul,Outro,Parda,Ateu,Centro Direita,1-3,,,
6232,B,Paraíba,Tablet,Preta,Judaíca,Centro Esquerda,1-3,,,
6233,D,Santa Catarina,Tablet,Parda,Judaíca,Extrema Esquerda,<1,,,
6234,D,Acre,Tablet,Amarela,Católica,Extrema Esquerda,>10,,,
6235,A,São Paulo,Smartphone/Celular,Amarela,Ateu,Extrema Direita,4-6,,,
6236,E,Paraíba,Tablet,Parda,Ateu,Centro Direita,4-6,,,
6237,C,Roraima,Tablet,Amarela,Católica,Centro Direita,>10,,,
6238,E,Rondônia,Desktop/Computador de mesa,Preta,Judaíca,Direita,>10,,,
6239,E,Rio de Janeiro,Desktop/Computador de mesa,Branca,Evangélica,Centro Direita,<1,,,
6240,D,Ceará,Outro,Indígena,Outras,Não se interessa,<1,,,
6241,E,Ceará,Outro,Preta,Outras,Extrema Direita,1-3,,,
6242,E,Goiás,Notebook/Netbook,Parda,Espírita,Esquerda,1-3,,,
6243,D,Rondônia,Desktop/Computador de mesa,Prefiro não dizer,Ateu,Centro Esquerda,7-10,,,
6244,D,Distrito Federal,Smartphone/Celular,Parda,Espírita,Não se interessa,<1,,,
6245,B,Rio de Janeiro,Desktop/Computador de mesa,Preta,Evangélica,Centro Esquerda,4-6,,,
6246,E,Pernambuco,Tablet,Indígena,Católica,Centro Direita,4-6,,,
6247,E,Espírito Santo,Notebook/Netbook,Preta,Espírita,Centro Esquerda,1-3,,,
6248,B,Amazonas,Smartphone/Celular,Branca,Judaíca,Direita,4-6,,,
6249,C,Piauí,Desktop/Computador de mesa,Indígena,Espírita,Extrema Direita,>10,,,
6250,B,Rio Grande do Norte,Outro,Prefiro não dizer,Judaíca,Centro,<1,,,
6251,A,Santa Catarina,Outro,Parda,Ateu,Não se interessa,<1,,,
6252,B,Espírito Santo,Outro,Prefiro não dizer,Outras,Não se interessa,4-6,,,
6253,B,Bahia,Desktop/Computador de mesa,Prefiro não dizer,Ateu,Extrema Esquerda,<1,,,
6254,E,Bahia,Desktop/Computador de mesa,Prefiro não dizer,Evangélica,Direita,1-3,,,
6255,B,Acre,Outro,Indígena,Outras,Esquerda,7-10,,,
6256,B,Mato Grosso,Desktop/Computador de mesa,Prefiro não dizer,Agnóstico,Centro,7-10,,,
6257,E,Amapá,Smartphone/Celular,Branca,Agnóstico,Não se interessa,<1,,,
6258,A,Distrito Federal,Tablet,Prefiro não dizer,Católica,Direita,<1,,,
6259,B,Goiás,Desktop/Computador de mesa,Amarela,Agnóstico,Centro,>10,,,
6260,D,Roraima,Smartphone/Celular,Preta,Judaíca,Centro,1-3,,,
6261,D,Amazonas,Desktop/Computador de mesa,Indígena,Judaíca,Extrema Esquerda,<1,,,
6262,A,Minas Gerais,Desktop/Computador de mesa,Indígena,Outras,Esquerda,1-3,,,
6263,A,São Paulo,Smartphone/Celular,Indígena,Espírita,Extrema Esquerda,>10,,,
6264,B,Tocantins,Outro,Amarela,Evangélica,Centro,>10,,,
6265,A,Roraima,Tablet,Preta,Agnóstico,Esquerda,7-10,,,
6266,A,Rio de Janeiro,Notebook/Netbook,Amarela,Evangélica,Extrema Direita,<1,,,
6267,D,Amazonas,Outro,Parda,Judaíca,Extrema Direita,>10,,,
6268,A,Amapá,Desktop/Computador de mesa,Indígena,Agnóstico,Direita,<1,,,
6269,C,Piauí,Notebook/Netbook,Branca,Agnóstico,Centro Esquerda,4-6,,,
6270,D,Espírito Santo,Desktop/Computador de mesa,Amarela,Judaíca,Centro Direita,1-3,,,
6271,A,Paraíba,Tablet,Prefiro não dizer,Outras,Esquerda,4-6,,,
6272,B,Goiás,Tablet,Indígena,Católica,Esquerda,4-6,,,
6273,A,Pernambuco,Desktop/Computador de mesa,Preta,Ateu,Esquerda,<1,,,
6274,B,Espírito Santo,Desktop/Computador de mesa,Indígena,Católica,Direita,7-10,,,
6275,E,Rondônia,Smartphone/Celular,Prefiro não dizer,Judaíca,Extrema Direita,<1,,,
6276,E,Alagoas,Notebook/Netbook,Preta,Agnóstico,Extrema Esquerda,7-10,,,
6277,C,Tocantins,Tablet,Branca,Católica,Extrema Esquerda,<1,,,
6278,C,Acre,Outro,Branca,Espírita,Extrema Esquerda,<1,,,
6279,C,Alagoas,Notebook/Netbook,Prefiro não dizer,Agnóstico,Esquerda,>10,,,
6280,E,Maranhão,Notebook/Netbook,Prefiro não dizer,Católica,Esquerda,1-3,,,
6281,C,Santa Catarina,Smartphone/Celular,Parda,Espírita,Direita,7-10,,,
6282,A,Amapá,Notebook/Netbook,Preta,Espírita,Extrema Direita,4-6,,,
6283,C,Paraíba,Desktop/Computador de mesa,Branca,Espírita,Centro Esquerda,1-3,,,
6284,E,Pará,Smartphone/Celular,Branca,Judaíca,Não se interessa,4-6,,,
6285,E,São Paulo,Desktop/Computador de mesa,Prefiro não dizer,Judaíca,Centro,>10,,,
6286,D,Bahia,Tablet,Parda,Católica,Direita,<1,,,
6287,A,São Paulo,Desktop/Computador de mesa,Indígena,Católica,Centro Esquerda,>10,,,
6288,E,São Paulo,Outro,Indígena,Católica,Não se interessa,<1,,,
6289,E,Rio Grande do Norte,Outro,Amarela,Agnóstico,Centro,7-10,,,
6290,D,Sergipe,Tablet,Branca,Judaíca,Extrema Direita,>10,,,
6291,A,Goiás,Smartphone/Celular,Indígena,Ateu,Não se interessa,1-3,,,
6292,D,Piauí,Smartphone/Celular,Amarela,Judaíca,Extrema Esquerda,>10,,,
6293,E,Goiás,Desktop/Computador de mesa,Preta,Evangélica,Extrema Direita,1-3,,,
6294,E,Pernambuco,Outro,Amarela,Agnóstico,Esquerda,4-6,,,
6295,C,Santa Catarina,Tablet,Parda,Espírita,Centro Direita,1-3,,,
6296,B,Tocantins,Notebook/Netbook,Amarela,Espírita,Direita,7-10,,,
6297,C,Rio Grande do Norte,Outro,Prefiro não dizer,Agnóstico,Extrema Esquerda,1-3,,,
6298,D,Sergipe,Tablet,Parda,Agnóstico,Direita,>10,,,
6299,A,Rio de Janeiro,Outro,Amarela,Judaíca,Centro Direita,1-3,,,
6300,E,Tocantins,Outro,Preta,Agnóstico,Direita,>10,,,
6301,C,Santa Catarina,Outro,Branca,Agnóstico,Extrema Direita,<1,,,
6302,D,Goiás,Outro,Parda,Ateu,Direita,>10,,,
6303,D,Santa Catarina,Tablet,Parda,Judaíca,Centro,>10,,,
6304,B,Pernambuco,Tablet,Preta,Católica,Centro Direita,4-6,,,
6305,A,Minas Gerais,Smartphone/Celular,Parda,Evangélica,Centro,<1,,,
6306,C,Rio Grande do Sul,Smartphone/Celular,Prefiro não dizer,Agnóstico,Centro Esquerda,7-10,,,
6307,B,Distrito Federal,Desktop/Computador de mesa,Preta,Outras,Extrema Esquerda,<1,,,
6308,E,Rondônia,Outro,Indígena,Ateu,Esquerda,4-6,,,
6309,B,Pernambuco,Outro,Indígena,Agnóstico,Extrema Direita,>10,,,
6310,C,Tocantins,Notebook/Netbook,Amarela,Outras,Extrema Esquerda,1-3,,,
6311,E,Pará,Tablet,Preta,Católica,Direita,7-10,,,
6312,D,Sergipe,Smartphone/Celular,Preta,Espírita,Centro Esquerda,7-10,,,
6313,B,Minas Gerais,Outro,Amarela,Agnóstico,Centro Direita,4-6,,,
6314,A,Sergipe,Desktop/Computador de mesa,Indígena,Agnóstico,Extrema Direita,4-6,,,
6315,A,Maranhão,Notebook/Netbook,Branca,Espírita,Extrema Direita,4-6,,,
6316,A,Amapá,Desktop/Computador de mesa,Prefiro não dizer,Outras,Esquerda,1-3,,,
6317,D,Distrito Federal,Notebook/Netbook,Indígena,Judaíca,Não se interessa,4-6,,,
6318,D,São Paulo,Tablet,Amarela,Agnóstico,Centro Esquerda,7-10,,,
6319,C,Espírito Santo,Smartphone/Celular,Prefiro não dizer,Outras,Direita,1-3,,,
6320,B,Rio Grande do Sul,Notebook/Netbook,Indígena,Católica,Centro,1-3,,,
6321,A,Santa Catarina,Outro,Branca,Judaíca,Direita,>10,,,
6322,D,Rio Grande do Norte,Notebook/Netbook,Parda,Judaíca,Esquerda,4-6,,,
6323,B,Piauí,Smartphone/Celular,Prefiro não dizer,Espírita,Centro Esquerda,7-10,,,
6324,B,Rondônia,Tablet,Preta,Agnóstico,Não se interessa,7-10,,,
6325,A,Rio Grande do Norte,Outro,Branca,Espírita,Centro Direita,7-10,,,
6326,D,Ceará,Notebook/Netbook,Prefiro não dizer,Espírita,Direita,1-3,,,
6327,D,Mato Grosso do Sul,Desktop/Computador de mesa,Prefiro não dizer,Judaíca,Direita,>10,,,
6328,A,Amapá,Outro,Prefiro não dizer,Católica,Centro,>10,,,
6329,B,Minas Gerais,Outro,Branca,Ateu,Extrema Esquerda,4-6,,,
6330,E,Espírito Santo,Tablet,Prefiro não dizer,Evangélica,Centro Direita,>10,,,
6331,E,Piauí,Tablet,Amarela,Outras,Extrema Direita,7-10,,,
6332,E,Espírito Santo,Notebook/Netbook,Preta,Judaíca,Direita,4-6,,,
6333,B,Distrito Federal,Smartphone/Celular,Amarela,Judaíca,Extrema Esquerda,4-6,,,
6334,A,Alagoas,Notebook/Netbook,Preta,Católica,Centro Direita,<1,,,
6335,D,Acre,Smartphone/Celular,Branca,Judaíca,Direita,7-10,,,
6336,C,Minas Gerais,Smartphone/Celular,Branca,Católica,Centro Esquerda,7-10,,,
6337,E,Pernambuco,Desktop/Computador de mesa,Branca,Outras,Extrema Esquerda,<1,,,
6338,D,Sergipe,Notebook/Netbook,Indígena,Católica,Esquerda,>10,,,
6339,E,Minas Gerais,Desktop/Computador de mesa,Prefiro não dizer,Outras,Centro Esquerda,1-3,,,
6340,E,São Paulo,Smartphone/Celular,Branca,Católica,Centro Direita,7-10,,,
6341,E,Goiás,Notebook/Netbook,Branca,Judaíca,Extrema Direita,1-3,,,
6342,C,Minas Gerais,Smartphone/Celular,Amarela,Judaíca,Centro Esquerda,<1,,,
6343,E,Mato Grosso,Outro,Branca,Evangélica,Esquerda,<1,,,
6344,B,Alagoas,Notebook/Netbook,Preta,Espírita,Centro Esquerda,1-3,,,
6345,D,Pará,Notebook/Netbook,Amarela,Judaíca,Centro Esquerda,1-3,,,
6346,E,Amazonas,Smartphone/Celular,Parda,Espírita,Esquerda,4-6,,,
6347,D,Alagoas,Tablet,Parda,Evangélica,Centro Direita,1-3,,,
6348,A,Bahia,Outro,Preta,Católica,Centro,7-10,,,
6349,D,Rio de Janeiro,Outro,Branca,Evangélica,Centro Direita,1-3,,,
6350,C,Acre,Outro,Amarela,Agnóstico,Centro Direita,4-6,,,
6351,B,Minas Gerais,Tablet,Parda,Ateu,Centro,<1,,,
6352,B,Ceará,Notebook/Netbook,Parda,Judaíca,Direita,1-3,,,
6353,C,São Paulo,Desktop/Computador de mesa,Indígena,Outras,Centro,1-3,,,
6354,A,Acre,Outro,Parda,Evangélica,Centro Direita,>10,,,
6355,D,Maranhão,Tablet,Parda,Ateu,Não se interessa,<1,,,
6356,C,São Paulo,Outro,Branca,Judaíca,Extrema Direita,1-3,,,
6357,C,Santa Catarina,Desktop/Computador de mesa,Branca,Outras,Centro Esquerda,7-10,,,
6358,E,Pernambuco,Desktop/Computador de mesa,Prefiro não dizer,Ateu,Direita,>10,,,
6359,C,Paraíba,Smartphone/Celular,Branca,Agnóstico,Extrema Esquerda,4-6,,,
6360,A,Bahia,Smartphone/Celular,Branca,Outras,Direita,4-6,,,
6361,C,Maranhão,Notebook/Netbook,Preta,Evangélica,Extrema Esquerda,7-10,,,
6362,C,Paraíba,Tablet,Amarela,Judaíca,Centro Esquerda,7-10,,,
6363,D,Acre,Tablet,Preta,Judaíca,Centro Direita,>10,,,
6364,A,Acre,Outro,Indígena,Católica,Extrema Direita,>10,,,
6365,D,Maranhão,Outro,Prefiro não dizer,Evangélica,Centro,>10,,,
6366,D,Bahia,Desktop/Computador de mesa,Indígena,Evangélica,Centro Esquerda,1-3,,,
6367,E,Pará,Outro,Prefiro não dizer,Ateu,Centro,7-10,,,
6368,B,Mato Grosso do Sul,Tablet,Amarela,Católica,Extrema Direita,7-10,,,
6369,E,Alagoas,Notebook/Netbook,Amarela,Espírita,Não se interessa,<1,,,
6370,E,Amazonas,Desktop/Computador de mesa,Amarela,Judaíca,Centro Esquerda,<1,,,
6371,D,Piauí,Smartphone/Celular,Amarela,Agnóstico,Extrema Direita,>10,,,
6372,A,Rondônia,Notebook/Netbook,Amarela,Católica,Centro,4-6,,,
6373,D,Mato Grosso do Sul,Tablet,Branca,Agnóstico,Direita,4-6,,,
6374,B,Amazonas,Tablet,Prefiro não dizer,Evangélica,Centro Esquerda,1-3,,,
6375,C,Tocantins,Tablet,Preta,Católica,Extrema Direita,>10,,,
6376,C,Sergipe,Desktop/Computador de mesa,Parda,Espírita,Extrema Esquerda,4-6,,,
6377,C,Mato Grosso do Sul,Desktop/Computador de mesa,Indígena,Outras,Extrema Esquerda,>10,,,
6378,E,Minas Gerais,Tablet,Amarela,Judaíca,Centro Esquerda,7-10,,,
6379,A,Rondônia,Outro,Prefiro não dizer,Espírita,Centro,1-3,,,
6380,C,Minas Gerais,Smartphone/Celular,Indígena,Espírita,Centro,1-3,,,
6381,C,Ceará,Tablet,Indígena,Evangélica,Direita,<1,,,
6382,B,Amapá,Outro,Indígena,Católica,Centro Esquerda,4-6,,,
6383,D,Roraima,Desktop/Computador de mesa,Prefiro não dizer,Judaíca,Centro Direita,4-6,,,
6384,C,Goiás,Desktop/Computador de mesa,Branca,Outras,Extrema Direita,<1,,,
6385,C,Mato Grosso do Sul,Outro,Indígena,Judaíca,Centro,1-3,,,
6386,A,Amapá,Tablet,Preta,Católica,Esquerda,4-6,,,
6387,B,Rio Grande do Sul,Tablet,Parda,Católica,Esquerda,1-3,,,
6388,E,Paraná,Smartphone/Celular,Branca,Judaíca,Extrema Esquerda,4-6,,,
6389,B,Minas Gerais,Tablet,Branca,Judaíca,Centro Direita,>10,,,
6390,D,Rio Grande do Norte,Desktop/Computador de mesa,Indígena,Judaíca,Direita,7-10,,,
6391,B,Espírito Santo,Smartphone/Celular,Parda,Judaíca,Esquerda,4-6,,,
6392,B,Rondônia,Smartphone/Celular,Preta,Católica,Centro Esquerda,>10,,,
6393,C,Amapá,Desktop/Computador de mesa,Prefiro não dizer,Judaíca,Esquerda,4-6,,,
6394,A,Maranhão,Smartphone/Celular,Branca,Católica,Centro,7-10,,,
6395,A,Bahia,Tablet,Parda,Espírita,Esquerda,>10,,,
6396,E,Distrito Federal,Outro,Indígena,Outras,Não se interessa,7-10,,,
6397,B,Maranhão,Smartphone/Celular,Amarela,Espírita,Extrema Direita,4-6,,,
6398,D,Alagoas,Outro,Branca,Evangélica,Não se interessa,4-6,,,
6399,A,Amazonas,Notebook/Netbook,Preta,Agnóstico,Extrema Esquerda,<1,,,
6400,B,Bahia,Notebook/Netbook,Parda,Outras,Centro,<1,,,
6401,B,Acre,Smartphone/Celular,Indígena,Espírita,Centro Esquerda,>10,,,
6402,C,Pará,Tablet,Amarela,Outras,Extrema Direita,7-10,,,
6403,A,Ceará,Outro,Amarela,Judaíca,Extrema Direita,>10,,,
6404,B,Roraima,Notebook/Netbook,Parda,Espírita,Esquerda,1-3,,,
6405,B,Rio Grande do Norte,Notebook/Netbook,Branca,Católica,Não se interessa,4-6,,,
6406,D,Roraima,Tablet,Preta,Agnóstico,Centro Esquerda,<1,,,
6407,A,Paraíba,Notebook/Netbook,Amarela,Espírita,Centro Esquerda,>10,,,
6408,A,Roraima,Desktop/Computador de mesa,Prefiro não dizer,Católica,Extrema Direita,<1,,,
6409,B,Mato Grosso,Outro,Branca,Outras,Extrema Direita,4-6,,,
6410,E,Goiás,Desktop/Computador de mesa,Amarela,Evangélica,Extrema Direita,1-3,,,
6411,C,Roraima,Outro,Preta,Ateu,Esquerda,1-3,,,
6412,E,Rio de Janeiro,Smartphone/Celular,Branca,Agnóstico,Esquerda,>10,,,
6413,D,Santa Catarina,Outro,Indígena,Agnóstico,Centro Esquerda,7-10,,,
6414,A,Minas Gerais,Smartphone/Celular,Prefiro não dizer,Judaíca,Extrema Direita,4-6,,,
6415,D,Tocantins,Desktop/Computador de mesa,Preta,Católica,Centro,>10,,,
6416,A,Distrito Federal,Outro,Preta,Ateu,Centro Direita,<1,,,
6417,C,Ceará,Tablet,Prefiro não dizer,Evangélica,Extrema Esquerda,<1,,,
6418,C,Pernambuco,Desktop/Computador de mesa,Preta,Judaíca,Centro Direita,1-3,,,
6419,B,Ceará,Smartphone/Celular,Indígena,Outras,Não se interessa,1-3,,,
6420,B,Distrito Federal,Notebook/Netbook,Indígena,Agnóstico,Extrema Esquerda,4-6,,,
6421,B,Rio de Janeiro,Notebook/Netbook,Preta,Evangélica,Não se interessa,<1,,,
6422,C,Amapá,Smartphone/Celular,Indígena,Evangélica,Centro Esquerda,<1,,,
6423,D,Pernambuco,Desktop/Computador de mesa,Amarela,Judaíca,Esquerda,1-3,,,
6424,A,Amapá,Smartphone/Celular,Amarela,Espírita,Esquerda,<1,,,
6425,A,Paraíba,Desktop/Computador de mesa,Indígena,Agnóstico,Não se interessa,1-3,,,
6426,C,Bahia,Outro,Indígena,Agnóstico,Centro,4-6,,,
6427,A,Roraima,Desktop/Computador de mesa,Prefiro não dizer,Agnóstico,Esquerda,7-10,,,
6428,D,Pernambuco,Tablet,Preta,Judaíca,Extrema Esquerda,>10,,,
6429,D,Roraima,Outro,Branca,Outras,Extrema Esquerda,7-10,,,
6430,E,Pará,Outro,Parda,Agnóstico,Direita,4-6,,,
6431,E,Santa Catarina,Tablet,Prefiro não dizer,Agnóstico,Centro,4-6,,,
6432,B,Bahia,Smartphone/Celular,Preta,Católica,Direita,4-6,,,
6433,B,Amapá,Notebook/Netbook,Prefiro não dizer,Judaíca,Extrema Direita,<1,,,
6434,E,São Paulo,Notebook/Netbook,Indígena,Evangélica,Extrema Esquerda,1-3,,,
6435,A,Roraima,Outro,Prefiro não dizer,Judaíca,Extrema Esquerda,7-10,,,
6436,A,Rio Grande do Sul,Smartphone/Celular,Amarela,Espírita,Centro Esquerda,<1,,,
6437,C,Pernambuco,Smartphone/Celular,Amarela,Agnóstico,Esquerda,>10,,,
6438,E,Santa Catarina,Smartphone/Celular,Indígena,Agnóstico,Não se interessa,4-6,,,
6439,B,Amapá,Notebook/Netbook,Preta,Espírita,Centro,7-10,,,
6440,D,Minas Gerais,Outro,Preta,Agnóstico,Centro Esquerda,1-3,,,
6441,B,Goiás,Tablet,Parda,Outras,Centro Esquerda,<1,,,
6442,B,Goiás,Desktop/Computador de mesa,Amarela,Ateu,Centro Direita,<1,,,
6443,D,Rio Grande do Norte,Notebook/Netbook,Preta,Ateu,Extrema Direita,4-6,,,
6444,A,Amazonas,Smartphone/Celular,Parda,Ateu,Esquerda,>10,,,
6445,D,Pará,Desktop/Computador de mesa,Amarela,Católica,Direita,<1,,,
6446,B,Paraíba,Desktop/Computador de mesa,Branca,Judaíca,Centro,>10,,,
6447,D,Minas Gerais,Outro,Branca,Ateu,Não se interessa,<1,,,
6448,C,Rondônia,Tablet,Branca,Agnóstico,Direita,7-10,,,
6449,E,Maranhão,Tablet,Indígena,Espírita,Centro,>10,,,
6450,C,Acre,Outro,Preta,Evangélica,Centro Esquerda,<1,,,
6451,A,Rio de Janeiro,Notebook/Netbook,Indígena,Judaíca,Centro,1-3,,,
6452,E,Tocantins,Desktop/Computador de mesa,Preta,Espírita,Centro Esquerda,<1,,,
6453,C,Roraima,Notebook/Netbook,Branca,Agnóstico,Direita,4-6,,,
6454,A,Rio Grande do Norte,Desktop/Computador de mesa,Parda,Judaíca,Extrema Esquerda,7-10,,,
6455,A,Paraná,Tablet,Parda,Agnóstico,Centro Esquerda,1-3,,,
6456,D,Espírito Santo,Notebook/Netbook,Preta,Outras,Centro,>10,,,
6457,D,Paraná,Notebook/Netbook,Indígena,Ateu,Extrema Direita,7-10,,,
6458,B,Goiás,Outro,Indígena,Outras,Esquerda,4-6,,,
6459,A,Amapá,Desktop/Computador de mesa,Branca,Espírita,Extrema Direita,7-10,,,
6460,C,Paraíba,Desktop/Computador de mesa,Indígena,Evangélica,Centro,<1,,,
6461,C,Pernambuco,Notebook/Netbook,Parda,Espírita,Não se interessa,<1,,,
6462,C,Espírito Santo,Desktop/Computador de mesa,Parda,Judaíca,Centro Esquerda,<1,,,
6463,D,Goiás,Smartphone/Celular,Prefiro não dizer,Católica,Direita,7-10,,,
6464,D,Amazonas,Notebook/Netbook,Prefiro não dizer,Judaíca,Centro Esquerda,1-3,,,
6465,D,Paraíba,Outro,Branca,Outras,Centro,1-3,,,
6466,E,Espírito Santo,Desktop/Computador de mesa,Branca,Evangélica,Extrema Direita,<1,,,
6467,E,Bahia,Desktop/Computador de mesa,Amarela,Católica,Não se interessa,1-3,,,
6468,E,Amazonas,Smartphone/Celular,Preta,Agnóstico,Centro Esquerda,1-3,,,
6469,C,Espírito Santo,Desktop/Computador de mesa,Branca,Agnóstico,Extrema Esquerda,>10,,,
6470,C,Tocantins,Desktop/Computador de mesa,Prefiro não dizer,Espírita,Extrema Direita,7-10,,,
6471,E,Paraíba,Smartphone/Celular,Parda,Evangélica,Extrema Direita,4-6,,,
6472,E,Tocantins,Outro,Preta,Judaíca,Esquerda,1-3,,,
6473,B,Paraná,Tablet,Amarela,Outras,Extrema Esquerda,4-6,,,
6474,C,Espírito Santo,Outro,Prefiro não dizer,Agnóstico,Centro Esquerda,7-10,,,
6475,E,Mato Grosso,Outro,Indígena,Ateu,Centro Esquerda,<1,,,
6476,B,Ceará,Tablet,Branca,Espírita,Esquerda,7-10,,,
6477,A,Rio de Janeiro,Notebook/Netbook,Preta,Ateu,Centro Direita,<1,,,
6478,C,Rio Grande do Sul,Outro,Amarela,Agnóstico,Direita,4-6,,,
6479,B,Ceará,Tablet,Parda,Espírita,Esquerda,>10,,,
6480,C,Sergipe,Tablet,Prefiro não dizer,Agnóstico,Extrema Direita,1-3,,,
6481,A,Amazonas,Desktop/Computador de mesa,Branca,Católica,Direita,<1,,,
6482,A,Rio Grande do Norte,Desktop/Computador de mesa,Prefiro não dizer,Outras,Extrema Esquerda,1-3,,,
6483,C,Rio Grande do Sul,Smartphone/Celular,Branca,Ateu,Centro Esquerda,<1,,,
6484,D,Piauí,Smartphone/Celular,Parda,Outras,Extrema Esquerda,>10,,,
6485,B,Mato Grosso,Tablet,Parda,Agnóstico,Centro Esquerda,<1,,,
6486,A,Rio de Janeiro,Tablet,Preta,Espírita,Direita,1-3,,,
6487,A,Maranhão,Notebook/Netbook,Prefiro não dizer,Espírita,Esquerda,<1,,,
6488,B,Acre,Smartphone/Celular,Branca,Judaíca,Centro,7-10,,,
6489,B,Santa Catarina,Smartphone/Celular,Indígena,Espírita,Extrema Esquerda,4-6,,,
6490,D,Rondônia,Desktop/Computador de mesa,Prefiro não dizer,Ateu,Centro Esquerda,1-3,,,
6491,A,Rio Grande do Sul,Desktop/Computador de mesa,Preta,Outras,Não se interessa,4-6,,,
6492,C,Rondônia,Desktop/Computador de mesa,Parda,Judaíca,Centro Esquerda,>10,,,
6493,B,Ceará,Desktop/Computador de mesa,Indígena,Evangélica,Direita,7-10,,,
6494,B,Piauí,Smartphone/Celular,Parda,Evangélica,Extrema Esquerda,>10,,,
6495,D,Rio Grande do Norte,Smartphone/Celular,Amarela,Católica,Extrema Direita,<1,,,
6496,B,Rondônia,Smartphone/Celular,Preta,Judaíca,Centro Direita,4-6,,,
6497,B,Paraíba,Smartphone/Celular,Preta,Evangélica,Centro Direita,4-6,,,
6498,C,Pernambuco,Outro,Prefiro não dizer,Ateu,Centro Esquerda,4-6,,,
6499,D,Rondônia,Outro,Branca,Evangélica,Centro Esquerda,7-10,,,
6500,B,Pernambuco,Tablet,Amarela,Evangélica,Centro Esquerda,<1,,,
6501,C,Espírito Santo,Smartphone/Celular,Branca,Agnóstico,Não se interessa,>10,,,
6502,E,Sergipe,Outro,Amarela,Evangélica,Extrema Direita,7-10,,,
6503,B,Amazonas,Notebook/Netbook,Indígena,Judaíca,Extrema Direita,1-3,,,
6504,D,Goiás,Outro,Parda,Judaíca,Não se interessa,1-3,,,
6505,D,São Paulo,Outro,Amarela,Outras,Extrema Direita,7-10,,,
6506,C,Alagoas,Notebook/Netbook,Parda,Ateu,Centro,4-6,,,
6507,E,Rio de Janeiro,Tablet,Parda,Ateu,Centro Direita,7-10,,,
6508,B,Tocantins,Notebook/Netbook,Parda,Ateu,Centro Direita,>10,,,
6509,A,Sergipe,Tablet,Indígena,Judaíca,Esquerda,1-3,,,
6510,D,Amazonas,Tablet,Indígena,Ateu,Direita,4-6,,,
6511,D,Maranhão,Smartphone/Celular,Prefiro não dizer,Espírita,Extrema Direita,<1,,,
6512,D,Maranhão,Smartphone/Celular,Parda,Agnóstico,Esquerda,1-3,,,
6513,C,Rio Grande do Sul,Notebook/Netbook,Prefiro não dizer,Agnóstico,Esquerda,<1,,,
6514,C,Acre,Desktop/Computador de mesa,Branca,Outras,Direita,4-6,,,
6515,C,Bahia,Desktop/Computador de mesa,Branca,Espírita,Centro Direita,4-6,,,
6516,C,Rio Grande do Norte,Notebook/Netbook,Branca,Judaíca,Centro,7-10,,,
6517,A,São Paulo,Tablet,Indígena,Ateu,Extrema Esquerda,4-6,,,
6518,B,São Paulo,Tablet,Preta,Agnóstico,Centro,>10,,,
6519,C,Bahia,Desktop/Computador de mesa,Preta,Ateu,Esquerda,<1,,,
6520,B,São Paulo,Tablet,Indígena,Judaíca,Não se interessa,1-3,,,
6521,E,Rio Grande do Norte,Notebook/Netbook,Indígena,Evangélica,Extrema Direita,<1,,,
6522,A,Amapá,Tablet,Preta,Católica,Extrema Esquerda,7-10,,,
6523,C,Roraima,Desktop/Computador de mesa,Preta,Espírita,Extrema Direita,<1,,,
6524,A,Paraíba,Outro,Preta,Católica,Direita,<1,,,
6525,C,Tocantins,Tablet,Indígena,Judaíca,Direita,>10,,,
6526,A,Rio Grande do Sul,Desktop/Computador de mesa,Amarela,Espírita,Centro Direita,<1,,,
6527,A,Mato Grosso,Outro,Amarela,Espírita,Extrema Direita,1-3,,,
6528,C,Bahia,Outro,Preta,Agnóstico,Extrema Esquerda,<1,,,
6529,A,Amapá,Desktop/Computador de mesa,Preta,Evangélica,Centro Esquerda,1-3,,,
6530,A,São Paulo,Desktop/Computador de mesa,Branca,Agnóstico,Centro,4-6,,,
6531,C,Alagoas,Desktop/Computador de mesa,Indígena,Ateu,Extrema Esquerda,7-10,,,
6532,B,Maranhão,Desktop/Computador de mesa,Branca,Católica,Centro,>10,,,
6533,B,Espírito Santo,Desktop/Computador de mesa,Preta,Evangélica,Centro Direita,<1,,,
6534,D,Alagoas,Notebook/Netbook,Indígena,Católica,Centro,>10,,,
6535,D,Pará,Notebook/Netbook,Indígena,Agnóstico,Direita,7-10,,,
6536,B,São Paulo,Outro,Amarela,Ateu,Centro Direita,4-6,,,
6537,C,Paraná,Notebook/Netbook,Amarela,Espírita,Centro,<1,,,
6538,B,Goiás,Smartphone/Celular,Preta,Evangélica,Centro Esquerda,4-6,,,
6539,B,São Paulo,Outro,Amarela,Agnóstico,Centro,>10,,,
6540,C,Ceará,Tablet,Branca,Judaíca,Centro,4-6,,,
6541,B,Rio Grande do Norte,Tablet,Prefiro não dizer,Ateu,Esquerda,>10,,,
6542,B,Goiás,Outro,Branca,Espírita,Centro Direita,>10,,,
6543,E,Paraná,Desktop/Computador de mesa,Amarela,Católica,Extrema Direita,4-6,,,
6544,B,Piauí,Tablet,Parda,Agnóstico,Extrema Esquerda,1-3,,,
6545,A,Tocantins,Desktop/Computador de mesa,Preta,Evangélica,Centro,<1,,,
6546,D,Minas Gerais,Desktop/Computador de mesa,Parda,Agnóstico,Não se interessa,4-6,,,
6547,D,Bahia,Smartphone/Celular,Preta,Evangélica,Esquerda,>10,,,
6548,E,Amapá,Tablet,Indígena,Católica,Esquerda,<1,,,
6549,A,Distrito Federal,Outro,Indígena,Ateu,Centro Direita,7-10,,,
6550,D,Pará,Tablet,Prefiro não dizer,Evangélica,Extrema Direita,1-3,,,
6551,D,Goiás,Notebook/Netbook,Branca,Ateu,Não se interessa,>10,,,
6552,C,Distrito Federal,Smartphone/Celular,Branca,Agnóstico,Centro,<1,,,
6553,E,Roraima,Outro,Amarela,Espírita,Direita,>10,,,
6554,D,Espírito Santo,Notebook/Netbook,Preta,Ateu,Extrema Direita,7-10,,,
6555,C,Sergipe,Notebook/Netbook,Branca,Espírita,Esquerda,4-6,,,
6556,C,Amazonas,Tablet,Amarela,Espírita,Centro Esquerda,>10,,,
6557,D,Maranhão,Tablet,Parda,Espírita,Centro,1-3,,,
6558,C,Roraima,Notebook/Netbook,Branca,Espírita,Centro Direita,7-10,,,
6559,A,Tocantins,Tablet,Indígena,Outras,Direita,7-10,,,
6560,E,Paraná,Desktop/Computador de mesa,Prefiro não dizer,Outras,Centro,7-10,,,
6561,D,Santa Catarina,Smartphone/Celular,Prefiro não dizer,Espírita,Esquerda,<1,,,
6562,E,Espírito Santo,Smartphone/Celular,Indígena,Espírita,Esquerda,4-6,,,
6563,A,Piauí,Smartphone/Celular,Indígena,Espírita,Não se interessa,<1,,,
6564,D,Ceará,Smartphone/Celular,Amarela,Católica,Extrema Direita,1-3,,,
6565,C,Distrito Federal,Notebook/Netbook,Parda,Ateu,Esquerda,1-3,,,
6566,E,Maranhão,Notebook/Netbook,Preta,Agnóstico,Centro Esquerda,>10,,,
6567,D,Amazonas,Outro,Indígena,Outras,Extrema Esquerda,4-6,,,
6568,E,Ceará,Desktop/Computador de mesa,Preta,Agnóstico,Extrema Direita,4-6,,,
6569,C,Acre,Notebook/Netbook,Prefiro não dizer,Ateu,Extrema Direita,<1,,,
6570,A,Pará,Outro,Prefiro não dizer,Ateu,Direita,>10,,,
6571,D,Rio Grande do Norte,Outro,Amarela,Espírita,Direita,<1,,,
6572,E,Pernambuco,Desktop/Computador de mesa,Preta,Evangélica,Esquerda,7-10,,,
6573,C,Paraná,Desktop/Computador de mesa,Indígena,Católica,Extrema Esquerda,7-10,,,
6574,D,Mato Grosso do Sul,Outro,Indígena,Evangélica,Esquerda,7-10,,,
6575,E,Paraná,Outro,Branca,Espírita,Centro,1-3,,,
6576,C,Amazonas,Desktop/Computador de mesa,Parda,Judaíca,Extrema Direita,>10,,,
6577,A,Mato Grosso,Outro,Preta,Católica,Centro Direita,1-3,,,
6578,A,Minas Gerais,Notebook/Netbook,Parda,Evangélica,Centro Direita,4-6,,,
6579,D,Mato Grosso,Desktop/Computador de mesa,Preta,Judaíca,Extrema Direita,4-6,,,
6580,B,Rondônia,Notebook/Netbook,Parda,Ateu,Esquerda,4-6,,,
6581,E,Pará,Desktop/Computador de mesa,Branca,Evangélica,Direita,1-3,,,
6582,D,Goiás,Tablet,Amarela,Católica,Direita,4-6,,,
6583,C,Acre,Smartphone/Celular,Indígena,Católica,Direita,1-3,,,
6584,A,Maranhão,Tablet,Indígena,Católica,Esquerda,4-6,,,
6585,A,Mato Grosso,Outro,Prefiro não dizer,Outras,Direita,4-6,,,
6586,A,Roraima,Notebook/Netbook,Amarela,Agnóstico,Centro Esquerda,>10,,,
6587,C,Rio de Janeiro,Desktop/Computador de mesa,Amarela,Evangélica,Não se interessa,<1,,,
6588,C,São Paulo,Desktop/Computador de mesa,Branca,Outras,Centro Esquerda,4-6,,,
6589,D,Maranhão,Outro,Prefiro não dizer,Católica,Esquerda,>10,,,
6590,B,Rondônia,Notebook/Netbook,Preta,Outras,Não se interessa,4-6,,,
6591,D,Rio de Janeiro,Smartphone/Celular,Preta,Espírita,Não se interessa,1-3,,,
6592,E,Distrito Federal,Notebook/Netbook,Prefiro não dizer,Evangélica,Extrema Direita,>10,,,
6593,C,Ceará,Tablet,Prefiro não dizer,Evangélica,Esquerda,>10,,,
6594,D,Rondônia,Outro,Amarela,Espírita,Extrema Esquerda,>10,,,
6595,B,São Paulo,Outro,Preta,Agnóstico,Centro,1-3,,,
6596,E,Ceará,Outro,Preta,Outras,Centro,<1,,,
6597,E,Minas Gerais,Outro,Parda,Ateu,Direita,>10,,,
6598,B,Mato Grosso,Desktop/Computador de mesa,Branca,Evangélica,Centro Direita,7-10,,,
6599,E,Espírito Santo,Notebook/Netbook,Branca,Evangélica,Não se interessa,1-3,,,
6600,E,Maranhão,Smartphone/Celular,Indígena,Agnóstico,Extrema Direita,7-10,,,
6601,B,Ceará,Notebook/Netbook,Branca,Espírita,Extrema Esquerda,7-10,,,
6602,C,Mato Grosso do Sul,Smartphone/Celular,Indígena,Evangélica,Extrema Esquerda,4-6,,,
6603,E,Amazonas,Tablet,Parda,Espírita,Esquerda,4-6,,,
6604,C,Rio Grande do Sul,Tablet,Parda,Outras,Direita,4-6,,,
6605,E,Paraná,Tablet,Prefiro não dizer,Agnóstico,Extrema Direita,<1,,,
6606,B,Ceará,Outro,Preta,Evangélica,Não se interessa,1-3,,,
6607,A,Goiás,Desktop/Computador de mesa,Indígena,Evangélica,Centro Direita,<1,,,
6608,E,Rondônia,Smartphone/Celular,Branca,Agnóstico,Centro Esquerda,1-3,,,
6609,D,Rio de Janeiro,Smartphone/Celular,Branca,Judaíca,Extrema Esquerda,4-6,,,
6610,D,Pará,Desktop/Computador de mesa,Indígena,Agnóstico,Extrema Direita,>10,,,
6611,E,Bahia,Tablet,Indígena,Outras,Extrema Direita,>10,,,
6612,B,Goiás,Smartphone/Celular,Preta,Espírita,Esquerda,>10,,,
6613,E,Rondônia,Outro,Prefiro não dizer,Ateu,Extrema Direita,>10,,,
6614,E,Ceará,Notebook/Netbook,Prefiro não dizer,Ateu,Centro,1-3,,,
6615,C,Paraíba,Tablet,Preta,Espírita,Extrema Esquerda,<1,,,
6616,B,Pernambuco,Smartphone/Celular,Branca,Espírita,Esquerda,7-10,,,
6617,B,Rio Grande do Sul,Desktop/Computador de mesa,Parda,Evangélica,Centro,4-6,,,
6618,B,Piauí,Desktop/Computador de mesa,Amarela,Católica,Direita,>10,,,
6619,E,São Paulo,Desktop/Computador de mesa,Parda,Ateu,Extrema Direita,7-10,,,
6620,A,Rio de Janeiro,Outro,Amarela,Judaíca,Não se interessa,<1,,,
6621,D,Acre,Desktop/Computador de mesa,Amarela,Ateu,Extrema Direita,4-6,,,
6622,B,Distrito Federal,Desktop/Computador de mesa,Branca,Católica,Centro Esquerda,<1,,,
6623,D,Minas Gerais,Outro,Indígena,Agnóstico,Não se interessa,>10,,,
6624,B,Goiás,Outro,Branca,Ateu,Extrema Esquerda,>10,,,
6625,B,Distrito Federal,Desktop/Computador de mesa,Branca,Judaíca,Centro Esquerda,>10,,,
6626,A,Paraíba,Tablet,Parda,Ateu,Centro Esquerda,4-6,,,
6627,B,Rio de Janeiro,Outro,Branca,Agnóstico,Esquerda,7-10,,,
6628,B,Sergipe,Outro,Indígena,Outras,Extrema Esquerda,1-3,,,
6629,C,Espírito Santo,Notebook/Netbook,Parda,Agnóstico,Não se interessa,7-10,,,
6630,B,Maranhão,Smartphone/Celular,Branca,Evangélica,Extrema Esquerda,<1,,,
6631,C,Amazonas,Desktop/Computador de mesa,Amarela,Católica,Extrema Direita,<1,,,
6632,C,Pernambuco,Smartphone/Celular,Amarela,Evangélica,Esquerda,1-3,,,
6633,D,São Paulo,Tablet,Branca,Espírita,Extrema Direita,<1,,,
6634,D,Acre,Outro,Prefiro não dizer,Outras,Extrema Esquerda,7-10,,,
6635,E,Rio Grande do Sul,Notebook/Netbook,Branca,Agnóstico,Não se interessa,4-6,,,
6636,A,Mato Grosso,Notebook/Netbook,Branca,Espírita,Centro Direita,1-3,,,
6637,D,Amapá,Smartphone/Celular,Amarela,Judaíca,Centro Direita,>10,,,
6638,C,Paraná,Smartphone/Celular,Prefiro não dizer,Outras,Centro Direita,1-3,,,
6639,C,Minas Gerais,Smartphone/Celular,Prefiro não dizer,Evangélica,Centro Direita,<1,,,
6640,C,Ceará,Desktop/Computador de mesa,Indígena,Católica,Extrema Direita,<1,,,
6641,E,Bahia,Outro,Indígena,Outras,Centro,7-10,,,
6642,E,Mato Grosso,Outro,Prefiro não dizer,Ateu,Extrema Esquerda,>10,,,
6643,E,Maranhão,Tablet,Branca,Evangélica,Não se interessa,<1,,,
6644,A,Pará,Tablet,Indígena,Judaíca,Centro Direita,1-3,,,
6645,A,Pará,Smartphone/Celular,Branca,Católica,Esquerda,4-6,,,
6646,E,Ceará,Outro,Prefiro não dizer,Agnóstico,Não se interessa,1-3,,,
6647,C,Santa Catarina,Notebook/Netbook,Amarela,Judaíca,Esquerda,1-3,,,
6648,E,Mato Grosso,Notebook/Netbook,Amarela,Agnóstico,Centro Esquerda,4-6,,,
6649,E,São Paulo,Tablet,Indígena,Outras,Não se interessa,4-6,,,
6650,D,Rio de Janeiro,Desktop/Computador de mesa,Amarela,Evangélica,Extrema Esquerda,4-6,,,
6651,B,Bahia,Notebook/Netbook,Amarela,Espírita,Extrema Direita,<1,,,
6652,C,Mato Grosso,Notebook/Netbook,Preta,Agnóstico,Centro Esquerda,>10,,,
6653,C,Minas Gerais,Smartphone/Celular,Parda,Outras,Esquerda,>10,,,
6654,A,Rondônia,Outro,Preta,Judaíca,Não se interessa,7-10,,,
6655,A,Rio de Janeiro,Tablet,Branca,Evangélica,Centro Direita,7-10,,,
6656,A,Minas Gerais,Notebook/Netbook,Branca,Evangélica,Centro Direita,<1,,,
6657,B,Minas Gerais,Tablet,Preta,Outras,Direita,1-3,,,
6658,A,Distrito Federal,Desktop/Computador de mesa,Parda,Agnóstico,Esquerda,7-10,,,
6659,D,Rio de Janeiro,Desktop/Computador de mesa,Branca,Agnóstico,Esquerda,7-10,,,
6660,D,Amapá,Desktop/Computador de mesa,Branca,Espírita,Centro Esquerda,1-3,,,
6661,A,Paraíba,Desktop/Computador de mesa,Preta,Judaíca,Centro Direita,4-6,,,
6662,D,São Paulo,Desktop/Computador de mesa,Parda,Ateu,Extrema Esquerda,>10,,,
6663,A,Pernambuco,Outro,Parda,Evangélica,Extrema Direita,<1,,,
6664,A,Rondônia,Desktop/Computador de mesa,Branca,Agnóstico,Extrema Esquerda,<1,,,
6665,B,Espírito Santo,Tablet,Parda,Agnóstico,Esquerda,4-6,,,
6666,C,Rio Grande do Sul,Outro,Indígena,Judaíca,Centro Esquerda,4-6,,,
6667,A,Rondônia,Smartphone/Celular,Indígena,Judaíca,Extrema Direita,<1,,,
6668,E,Rondônia,Outro,Preta,Agnóstico,Extrema Esquerda,1-3,,,
6669,E,Rio Grande do Norte,Desktop/Computador de mesa,Amarela,Outras,Centro Esquerda,1-3,,,
6670,B,Alagoas,Outro,Branca,Evangélica,Não se interessa,1-3,,,
6671,D,Mato Grosso,Smartphone/Celular,Indígena,Ateu,Esquerda,<1,,,
6672,E,Rio Grande do Norte,Notebook/Netbook,Indígena,Evangélica,Centro Direita,7-10,,,
6673,D,São Paulo,Outro,Preta,Evangélica,Extrema Esquerda,1-3,,,
6674,A,Alagoas,Tablet,Preta,Agnóstico,Centro Direita,1-3,,,
6675,D,Minas Gerais,Desktop/Computador de mesa,Amarela,Ateu,Extrema Direita,4-6,,,
6676,E,Sergipe,Tablet,Amarela,Outras,Esquerda,1-3,,,
6677,A,Sergipe,Tablet,Branca,Outras,Direita,7-10,,,
6678,A,Santa Catarina,Outro,Parda,Judaíca,Esquerda,<1,,,
6679,A,Espírito Santo,Outro,Amarela,Católica,Extrema Esquerda,4-6,,,
6680,D,Alagoas,Notebook/Netbook,Prefiro não dizer,Outras,Centro Direita,4-6,,,
6681,B,Rondônia,Outro,Parda,Agnóstico,Centro Direita,1-3,,,
6682,D,Pará,Notebook/Netbook,Indígena,Outras,Extrema Esquerda,4-6,,,
6683,B,Pará,Tablet,Indígena,Outras,Esquerda,4-6,,,
6684,C,Maranhão,Desktop/Computador de mesa,Indígena,Espírita,Direita,7-10,,,
6685,A,Rio Grande do Sul,Outro,Parda,Ateu,Centro Esquerda,<1,,,
6686,D,Pará,Smartphone/Celular,Branca,Espírita,Centro,>10,,,
6687,A,São Paulo,Outro,Preta,Outras,Centro,<1,,,
6688,C,Ceará,Notebook/Netbook,Branca,Judaíca,Não se interessa,7-10,,,
6689,B,Rio de Janeiro,Smartphone/Celular,Parda,Outras,Centro Direita,7-10,,,
6690,A,Rio Grande do Sul,Tablet,Parda,Outras,Centro Esquerda,<1,,,
6691,E,Maranhão,Smartphone/Celular,Amarela,Outras,Centro Direita,4-6,,,
6692,E,Distrito Federal,Outro,Parda,Espírita,Centro Esquerda,1-3,,,
6693,A,Espírito Santo,Desktop/Computador de mesa,Branca,Ateu,Não se interessa,7-10,,,
6694,A,Pernambuco,Desktop/Computador de mesa,Prefiro não dizer,Agnóstico,Extrema Esquerda,<1,,,
6695,C,Piauí,Smartphone/Celular,Parda,Ateu,Esquerda,4-6,,,
6696,D,Alagoas,Desktop/Computador de mesa,Indígena,Judaíca,Centro Esquerda,>10,,,
6697,A,Roraima,Smartphone/Celular,Parda,Agnóstico,Centro Direita,>10,,,
6698,D,Acre,Tablet,Preta,Católica,Centro,7-10,,,
6699,C,Alagoas,Tablet,Amarela,Outras,Direita,>10,,,
6700,C,Pará,Tablet,Branca,Evangélica,Centro Esquerda,1-3,,,
6701,E,Goiás,Tablet,Branca,Agnóstico,Esquerda,7-10,,,
6702,A,Bahia,Outro,Prefiro não dizer,Católica,Extrema Esquerda,4-6,,,
6703,B,Alagoas,Desktop/Computador de mesa,Parda,Espírita,Não se interessa,>10,,,
6704,A,Paraná,Outro,Parda,Católica,Não se interessa,>10,,,
6705,E,Paraíba,Tablet,Amarela,Judaíca,Extrema Esquerda,<1,,,
6706,E,Tocantins,Desktop/Computador de mesa,Indígena,Agnóstico,Extrema Esquerda,7-10,,,
6707,D,Pará,Notebook/Netbook,Preta,Agnóstico,Extrema Esquerda,>10,,,
6708,E,Mato Grosso do Sul,Notebook/Netbook,Amarela,Espírita,Extrema Esquerda,<1,,,
6709,C,Paraíba,Desktop/Computador de mesa,Amarela,Católica,Extrema Esquerda,7-10,,,
6710,D,São Paulo,Tablet,Indígena,Ateu,Extrema Esquerda,4-6,,,
6711,D,Amapá,Notebook/Netbook,Preta,Espírita,Direita,7-10,,,
6712,E,Acre,Smartphone/Celular,Prefiro não dizer,Agnóstico,Centro Direita,4-6,,,
6713,C,Bahia,Notebook/Netbook,Amarela,Católica,Centro Esquerda,7-10,,,
6714,B,Pernambuco,Tablet,Preta,Agnóstico,Centro,4-6,,,
6715,D,Pernambuco,Desktop/Computador de mesa,Prefiro não dizer,Ateu,Extrema Esquerda,7-10,,,
6716,A,Bahia,Desktop/Computador de mesa,Branca,Católica,Centro Esquerda,1-3,,,
6717,A,Alagoas,Outro,Prefiro não dizer,Ateu,Esquerda,7-10,,,
6718,D,Alagoas,Smartphone/Celular,Preta,Evangélica,Centro Esquerda,1-3,,,
6719,A,Espírito Santo,Desktop/Computador de mesa,Parda,Outras,Direita,7-10,,,
6720,D,Rio Grande do Norte,Outro,Parda,Agnóstico,Esquerda,<1,,,
6721,C,Amapá,Outro,Preta,Ateu,Não se interessa,<1,,,
6722,D,Roraima,Notebook/Netbook,Indígena,Ateu,Direita,>10,,,
6723,A,Espírito Santo,Outro,Prefiro não dizer,Ateu,Não se interessa,<1,,,
6724,C,Distrito Federal,Notebook/Netbook,Branca,Outras,Extrema Direita,<1,,,
6725,D,Tocantins,Smartphone/Celular,Parda,Outras,Não se interessa,7-10,,,
6726,C,Ceará,Smartphone/Celular,Parda,Ateu,Centro Esquerda,>10,,,
6727,A,Bahia,Smartphone/Celular,Prefiro não dizer,Judaíca,Não se interessa,>10,,,
6728,E,Santa Catarina,Tablet,Parda,Ateu,Extrema Esquerda,>10,,,
6729,B,Sergipe,Tablet,Prefiro não dizer,Agnóstico,Esquerda,<1,,,
6730,E,Paraná,Tablet,Parda,Católica,Esquerda,1-3,,,
6731,A,Paraíba,Outro,Amarela,Judaíca,Extrema Esquerda,1-3,,,
6732,A,Bahia,Outro,Prefiro não dizer,Outras,Extrema Direita,>10,,,
6733,B,Rio Grande do Norte,Desktop/Computador de mesa,Parda,Agnóstico,Direita,4-6,,,
6734,B,Pernambuco,Desktop/Computador de mesa,Prefiro não dizer,Judaíca,Esquerda,<1,,,
6735,B,Tocantins,Notebook/Netbook,Amarela,Ateu,Centro Direita,>10,,,
6736,A,Ceará,Smartphone/Celular,Amarela,Judaíca,Esquerda,7-10,,,
6737,E,Distrito Federal,Outro,Prefiro não dizer,Ateu,Esquerda,4-6,,,
6738,B,Rio Grande do Norte,Notebook/Netbook,Preta,Outras,Extrema Direita,<1,,,
6739,B,Santa Catarina,Tablet,Branca,Judaíca,Centro,<1,,,
6740,E,Mato Grosso do Sul,Desktop/Computador de mesa,Branca,Evangélica,Extrema Direita,1-3,,,
6741,A,Paraná,Smartphone/Celular,Branca,Outras,Extrema Direita,4-6,,,
6742,D,Minas Gerais,Desktop/Computador de mesa,Preta,Agnóstico,Extrema Esquerda,1-3,,,
6743,B,Mato Grosso,Outro,Branca,Ateu,Extrema Esquerda,4-6,,,
6744,D,Acre,Smartphone/Celular,Amarela,Evangélica,Extrema Direita,7-10,,,
6745,C,Ceará,Outro,Indígena,Católica,Não se interessa,<1,,,
6746,D,Amazonas,Notebook/Netbook,Preta,Agnóstico,Não se interessa,1-3,,,
6747,A,Rio Grande do Norte,Outro,Branca,Judaíca,Não se interessa,<1,,,
6748,E,Rio Grande do Sul,Smartphone/Celular,Parda,Espírita,Centro Direita,<1,,,
6749,A,Minas Gerais,Desktop/Computador de mesa,Preta,Outras,Direita,>10,,,
6750,E,Paraíba,Smartphone/Celular,Prefiro não dizer,Evangélica,Centro Esquerda,>10,,,
6751,D,Acre,Notebook/Netbook,Preta,Espírita,Não se interessa,<1,,,
6752,E,Maranhão,Outro,Branca,Agnóstico,Centro Direita,<1,,,
6753,C,Roraima,Outro,Prefiro não dizer,Judaíca,Não se interessa,1-3,,,
6754,A,São Paulo,Outro,Parda,Ateu,Centro Direita,7-10,,,
6755,B,Rondônia,Smartphone/Celular,Prefiro não dizer,Católica,Esquerda,1-3,,,
6756,A,Rio Grande do Norte,Outro,Prefiro não dizer,Espírita,Esquerda,7-10,,,
6757,C,Rio de Janeiro,Desktop/Computador de mesa,Amarela,Judaíca,Centro Direita,1-3,,,
6758,A,Amapá,Outro,Amarela,Outras,Esquerda,>10,,,
6759,A,Acre,Notebook/Netbook,Parda,Judaíca,Extrema Direita,>10,,,
6760,E,Espírito Santo,Tablet,Preta,Ateu,Esquerda,4-6,,,
6761,A,Distrito Federal,Smartphone/Celular,Branca,Agnóstico,Direita,1-3,,,
6762,B,Goiás,Desktop/Computador de mesa,Parda,Ateu,Centro Direita,1-3,,,
6763,D,Tocantins,Tablet,Amarela,Judaíca,Centro Direita,4-6,,,
6764,A,Pará,Outro,Parda,Agnóstico,Extrema Direita,4-6,,,
6765,E,Maranhão,Tablet,Prefiro não dizer,Agnóstico,Extrema Direita,>10,,,
6766,A,Distrito Federal,Smartphone/Celular,Branca,Católica,Centro Esquerda,>10,,,
6767,B,Paraíba,Smartphone/Celular,Prefiro não dizer,Judaíca,Extrema Direita,7-10,,,
6768,A,Amapá,Outro,Indígena,Ateu,Esquerda,1-3,,,
6769,D,Minas Gerais,Desktop/Computador de mesa,Branca,Outras,Esquerda,7-10,,,
6770,D,Rio Grande do Norte,Tablet,Amarela,Espírita,Centro Esquerda,1-3,,,
6771,B,Goiás,Tablet,Branca,Católica,Extrema Direita,>10,,,
6772,C,Mato Grosso do Sul,Outro,Branca,Evangélica,Centro,4-6,,,
6773,D,Rio Grande do Norte,Tablet,Parda,Outras,Extrema Direita,>10,,,
6774,E,Rio de Janeiro,Desktop/Computador de mesa,Parda,Judaíca,Centro Esquerda,1-3,,,
6775,A,Santa Catarina,Desktop/Computador de mesa,Preta,Agnóstico,Centro,>10,,,
6776,A,Santa Catarina,Desktop/Computador de mesa,Preta,Católica,Centro Esquerda,>10,,,
6777,D,Rondônia,Desktop/Computador de mesa,Prefiro não dizer,Católica,Direita,>10,,,
6778,E,Rondônia,Smartphone/Celular,Preta,Judaíca,Centro Esquerda,>10,,,
6779,A,Goiás,Tablet,Preta,Espírita,Extrema Direita,7-10,,,
6780,D,Espírito Santo,Tablet,Indígena,Católica,Centro,<1,,,
6781,D,Ceará,Smartphone/Celular,Branca,Católica,Centro,>10,,,
6782,B,Distrito Federal,Tablet,Preta,Outras,Centro Direita,>10,,,
6783,E,Rio de Janeiro,Smartphone/Celular,Preta,Judaíca,Centro Direita,7-10,,,
6784,B,Sergipe,Notebook/Netbook,Amarela,Espírita,Extrema Esquerda,4-6,,,
6785,E,Pará,Desktop/Computador de mesa,Indígena,Judaíca,Direita,<1,,,
6786,D,Acre,Desktop/Computador de mesa,Indígena,Evangélica,Centro,7-10,,,
6787,C,Maranhão,Outro,Prefiro não dizer,Agnóstico,Extrema Direita,4-6,,,
6788,B,Acre,Notebook/Netbook,Amarela,Católica,Extrema Esquerda,7-10,,,
6789,C,São Paulo,Smartphone/Celular,Indígena,Ateu,Centro Esquerda,1-3,,,
6790,A,Ceará,Tablet,Parda,Judaíca,Extrema Direita,4-6,,,
6791,D,Maranhão,Desktop/Computador de mesa,Amarela,Evangélica,Centro Direita,1-3,,,
6792,C,Pará,Tablet,Prefiro não dizer,Católica,Centro Direita,<1,,,
6793,D,Mato Grosso do Sul,Tablet,Amarela,Agnóstico,Centro Esquerda,1-3,,,
6794,C,Mato Grosso,Notebook/Netbook,Amarela,Católica,Centro,<1,,,
6795,B,Bahia,Desktop/Computador de mesa,Parda,Católica,Extrema Direita,7-10,,,
6796,B,Amazonas,Desktop/Computador de mesa,Indígena,Agnóstico,Extrema Direita,>10,,,
6797,C,Ceará,Desktop/Computador de mesa,Parda,Ateu,Centro,<1,,,
6798,C,Paraíba,Desktop/Computador de mesa,Parda,Espírita,Extrema Direita,>10,,,
6799,B,Sergipe,Tablet,Branca,Católica,Centro,7-10,,,
6800,C,Minas Gerais,Notebook/Netbook,Amarela,Outras,Centro Direita,1-3,,,
6801,D,Tocantins,Smartphone/Celular,Branca,Espírita,Direita,>10,,,
6802,C,Tocantins,Outro,Branca,Outras,Direita,4-6,,,
6803,D,Paraíba,Desktop/Computador de mesa,Branca,Judaíca,Centro,4-6,,,
6804,C,Rio Grande do Norte,Outro,Preta,Judaíca,Esquerda,1-3,,,
6805,A,Maranhão,Smartphone/Celular,Amarela,Ateu,Extrema Direita,4-6,,,
6806,C,Minas Gerais,Notebook/Netbook,Branca,Evangélica,Esquerda,1-3,,,
6807,C,Santa Catarina,Tablet,Indígena,Outras,Extrema Direita,<1,,,
6808,E,Rondônia,Tablet,Indígena,Espírita,Não se interessa,>10,,,
6809,C,Minas Gerais,Tablet,Prefiro não dizer,Evangélica,Centro Direita,7-10,,,
6810,C,Acre,Outro,Preta,Evangélica,Esquerda,7-10,,,
6811,B,Paraná,Smartphone/Celular,Preta,Ateu,Não se interessa,7-10,,,
6812,E,Distrito Federal,Smartphone/Celular,Indígena,Agnóstico,Centro Esquerda,7-10,,,
6813,E,Ceará,Tablet,Preta,Espírita,Centro Esquerda,<1,,,
6814,A,Sergipe,Smartphone/Celular,Parda,Judaíca,Centro Esquerda,7-10,,,
6815,B,Rondônia,Outro,Prefiro não dizer,Católica,Centro Esquerda,1-3,,,
6816,B,Paraná,Outro,Indígena,Agnóstico,Centro Direita,4-6,,,
6817,D,Paraná,Desktop/Computador de mesa,Prefiro não dizer,Católica,Não se interessa,4-6,,,
6818,E,Paraná,Desktop/Computador de mesa,Parda,Católica,Esquerda,4-6,,,
6819,A,Amapá,Tablet,Prefiro não dizer,Católica,Centro Direita,7-10,,,
6820,B,Rio Grande do Sul,Notebook/Netbook,Parda,Ateu,Direita,1-3,,,
6821,A,Mato Grosso,Notebook/Netbook,Branca,Agnóstico,Extrema Esquerda,<1,,,
6822,E,Ceará,Outro,Indígena,Católica,Não se interessa,4-6,,,
6823,E,Minas Gerais,Notebook/Netbook,Preta,Católica,Extrema Esquerda,1-3,,,
6824,E,Rio Grande do Norte,Outro,Branca,Espírita,Esquerda,<1,,,
6825,B,Alagoas,Desktop/Computador de mesa,Preta,Ateu,Centro,<1,,,
6826,D,Rio Grande do Norte,Tablet,Prefiro não dizer,Evangélica,Centro Esquerda,1-3,,,
6827,E,Sergipe,Desktop/Computador de mesa,Amarela,Agnóstico,Centro Direita,1-3,,,
6828,A,Tocantins,Smartphone/Celular,Prefiro não dizer,Evangélica,Centro Direita,7-10,,,
6829,A,Sergipe,Outro,Prefiro não dizer,Outras,Centro Direita,>10,,,
6830,C,Santa Catarina,Desktop/Computador de mesa,Prefiro não dizer,Católica,Extrema Esquerda,4-6,,,
6831,D,Bahia,Smartphone/Celular,Amarela,Ateu,Esquerda,4-6,,,
6832,B,Minas Gerais,Desktop/Computador de mesa,Branca,Agnóstico,Centro Esquerda,>10,,,
6833,E,Rio de Janeiro,Tablet,Amarela,Agnóstico,Direita,<1,,,
6834,E,Rondônia,Tablet,Preta,Outras,Centro Esquerda,<1,,,
6835,A,Tocantins,Desktop/Computador de mesa,Indígena,Espírita,Não se interessa,<1,,,
6836,A,Minas Gerais,Notebook/Netbook,Branca,Evangélica,Não se interessa,>10,,,
6837,E,Amapá,Notebook/Netbook,Prefiro não dizer,Evangélica,Extrema Esquerda,>10,,,
6838,D,Paraíba,Notebook/Netbook,Preta,Católica,Não se interessa,1-3,,,
6839,A,Amazonas,Outro,Amarela,Espírita,Centro Direita,>10,,,
6840,D,Acre,Outro,Parda,Evangélica,Extrema Esquerda,1-3,,,
6841,D,Espírito Santo,Smartphone/Celular,Indígena,Agnóstico,Esquerda,1-3,,,
6842,B,Alagoas,Outro,Parda,Ateu,Centro Esquerda,7-10,,,
6843,D,Mato Grosso,Notebook/Netbook,Amarela,Judaíca,Extrema Esquerda,<1,,,
6844,C,Rondônia,Outro,Branca,Evangélica,Centro,7-10,,,
6845,D,Rio Grande do Sul,Desktop/Computador de mesa,Prefiro não dizer,Outras,Direita,4-6,,,
6846,A,Goiás,Smartphone/Celular,Parda,Agnóstico,Extrema Esquerda,4-6,,,
6847,A,Roraima,Desktop/Computador de mesa,Prefiro não dizer,Judaíca,Centro Esquerda,7-10,,,
6848,E,Goiás,Notebook/Netbook,Parda,Judaíca,Não se interessa,<1,,,
6849,B,Rio Grande do Norte,Outro,Indígena,Agnóstico,Extrema Esquerda,>10,,,
6850,A,São Paulo,Smartphone/Celular,Branca,Católica,Não se interessa,1-3,,,
6851,C,Maranhão,Notebook/Netbook,Amarela,Católica,Não se interessa,<1,,,
6852,B,Amazonas,Notebook/Netbook,Parda,Judaíca,Esquerda,7-10,,,
6853,A,Amazonas,Outro,Amarela,Católica,Esquerda,7-10,,,
6854,C,Rio de Janeiro,Smartphone/Celular,Prefiro não dizer,Judaíca,Direita,7-10,,,
6855,A,Espírito Santo,Outro,Branca,Judaíca,Não se interessa,<1,,,
6856,A,Mato Grosso,Notebook/Netbook,Preta,Evangélica,Não se interessa,<1,,,
6857,C,Roraima,Notebook/Netbook,Branca,Evangélica,Direita,1-3,,,
6858,C,Acre,Notebook/Netbook,Preta,Outras,Extrema Esquerda,7-10,,,
6859,C,Mato Grosso,Desktop/Computador de mesa,Parda,Espírita,Esquerda,4-6,,,
6860,A,Espírito Santo,Desktop/Computador de mesa,Amarela,Espírita,Direita,>10,,,
6861,C,Pará,Desktop/Computador de mesa,Amarela,Espírita,Direita,>10,,,
6862,E,Bahia,Tablet,Amarela,Católica,Direita,1-3,,,
6863,A,Rio Grande do Sul,Tablet,Parda,Judaíca,Centro Direita,<1,,,
6864,C,Pará,Desktop/Computador de mesa,Indígena,Espírita,Direita,<1,,,
6865,D,Pernambuco,Tablet,Indígena,Evangélica,Extrema Esquerda,1-3,,,
6866,C,Goiás,Tablet,Parda,Católica,Direita,<1,,,
6867,E,Amazonas,Outro,Prefiro não dizer,Judaíca,Não se interessa,7-10,,,
6868,D,Goiás,Tablet,Parda,Espírita,Centro Direita,4-6,,,
6869,C,Alagoas,Tablet,Branca,Espírita,Esquerda,>10,,,
6870,E,Amazonas,Smartphone/Celular,Branca,Agnóstico,Centro Direita,<1,,,
6871,C,Alagoas,Notebook/Netbook,Indígena,Ateu,Centro Esquerda,1-3,,,
6872,A,Rondônia,Outro,Prefiro não dizer,Outras,Não se interessa,>10,,,
6873,C,Pernambuco,Notebook/Netbook,Prefiro não dizer,Ateu,Extrema Esquerda,>10,,,
6874,D,Tocantins,Outro,Parda,Ateu,Extrema Direita,4-6,,,
6875,D,Amapá,Desktop/Computador de mesa,Amarela,Ateu,Centro Direita,7-10,,,
6876,B,Paraná,Desktop/Computador de mesa,Indígena,Católica,Extrema Esquerda,>10,,,
6877,B,Acre,Smartphone/Celular,Indígena,Ateu,Extrema Direita,4-6,,,
6878,B,Amazonas,Smartphone/Celular,Prefiro não dizer,Outras,Centro,>10,,,
6879,D,Bahia,Outro,Branca,Espírita,Centro,7-10,,,
6880,A,Paraíba,Outro,Branca,Ateu,Não se interessa,1-3,,,
6881,C,Mato Grosso,Notebook/Netbook,Branca,Católica,Esquerda,<1,,,
6882,B,Rio Grande do Norte,Outro,Indígena,Ateu,Extrema Direita,<1,,,
6883,D,Santa Catarina,Outro,Amarela,Judaíca,Extrema Direita,>10,,,
6884,E,Maranhão,Notebook/Netbook,Indígena,Católica,Extrema Esquerda,4-6,,,
6885,E,Santa Catarina,Notebook/Netbook,Branca,Outras,Direita,7-10,,,
6886,A,Mato Grosso do Sul,Desktop/Computador de mesa,Parda,Espírita,Centro Esquerda,4-6,,,
6887,D,Alagoas,Notebook/Netbook,Amarela,Outras,Centro,1-3,,,
6888,B,Rio de Janeiro,Desktop/Computador de mesa,Preta,Ateu,Centro Esquerda,4-6,,,
6889,E,Goiás,Desktop/Computador de mesa,Prefiro não dizer,Espírita,Direita,>10,,,
6890,C,Maranhão,Smartphone/Celular,Preta,Espírita,Centro Esquerda,<1,,,
6891,D,Rondônia,Smartphone/Celular,Parda,Outras,Extrema Direita,7-10,,,
6892,B,Mato Grosso,Smartphone/Celular,Branca,Outras,Centro,4-6,,,
6893,A,Sergipe,Notebook/Netbook,Amarela,Espírita,Centro,4-6,,,
6894,D,Mato Grosso,Desktop/Computador de mesa,Indígena,Evangélica,Centro Direita,1-3,,,
6895,E,Espírito Santo,Smartphone/Celular,Parda,Judaíca,Centro Esquerda,1-3,,,
6896,D,Amapá,Outro,Branca,Outras,Não se interessa,<1,,,
6897,D,Rio Grande do Norte,Smartphone/Celular,Preta,Agnóstico,Extrema Direita,7-10,,,
6898,C,Ceará,Notebook/Netbook,Preta,Outras,Extrema Direita,<1,,,
6899,D,Mato Grosso do Sul,Notebook/Netbook,Preta,Evangélica,Extrema Esquerda,>10,,,
6900,C,Roraima,Outro,Branca,Agnóstico,Esquerda,<1,,,
6901,E,Piauí,Notebook/Netbook,Parda,Espírita,Não se interessa,<1,,,
6902,A,Santa Catarina,Tablet,Preta,Evangélica,Não se interessa,4-6,,,
6903,C,Maranhão,Outro,Branca,Judaíca,Extrema Esquerda,7-10,,,
6904,B,Distrito Federal,Outro,Preta,Evangélica,Esquerda,>10,,,
6905,E,Ceará,Desktop/Computador de mesa,Branca,Católica,Esquerda,>10,,,
6906,D,Ceará,Smartphone/Celular,Indígena,Espírita,Centro,4-6,,,
6907,C,Tocantins,Outro,Parda,Judaíca,Esquerda,>10,,,
6908,C,Amapá,Notebook/Netbook,Amarela,Ateu,Centro Esquerda,1-3,,,
6909,A,Paraíba,Desktop/Computador de mesa,Preta,Ateu,Centro Direita,<1,,,
6910,A,Piauí,Desktop/Computador de mesa,Indígena,Ateu,Centro,>10,,,
6911,D,Rondônia,Desktop/Computador de mesa,Indígena,Espírita,Centro Direita,4-6,,,
6912,B,Maranhão,Smartphone/Celular,Prefiro não dizer,Agnóstico,Extrema Direita,7-10,,,
6913,B,Acre,Outro,Branca,Agnóstico,Centro Esquerda,4-6,,,
6914,A,Goiás,Desktop/Computador de mesa,Preta,Ateu,Extrema Direita,<1,,,
6915,E,Pernambuco,Outro,Parda,Espírita,Esquerda,>10,,,
6916,B,Bahia,Smartphone/Celular,Amarela,Católica,Direita,4-6,,,
6917,B,Piauí,Notebook/Netbook,Indígena,Evangélica,Centro Direita,>10,,,
6918,D,Goiás,Desktop/Computador de mesa,Indígena,Ateu,Centro Esquerda,7-10,,,
6919,D,Sergipe,Tablet,Branca,Ateu,Centro Direita,1-3,,,
6920,A,Piauí,Tablet,Preta,Católica,Centro,<1,,,
6921,A,Rio de Janeiro,Outro,Parda,Agnóstico,Extrema Esquerda,1-3,,,
6922,A,Maranhão,Smartphone/Celular,Parda,Católica,Centro Esquerda,1-3,,,
6923,C,Maranhão,Desktop/Computador de mesa,Branca,Evangélica,Não se interessa,4-6,,,
6924,D,Paraná,Notebook/Netbook,Indígena,Espírita,Não se interessa,>10,,,
6925,D,Pernambuco,Tablet,Prefiro não dizer,Judaíca,Não se interessa,<1,,,
6926,B,Pernambuco,Tablet,Amarela,Espírita,Centro Direita,<1,,,
6927,D,Bahia,Outro,Indígena,Judaíca,Centro Direita,4-6,,,
6928,B,Piauí,Notebook/Netbook,Amarela,Ateu,Não se interessa,<1,,,
6929,A,Santa Catarina,Tablet,Preta,Agnóstico,Não se interessa,1-3,,,
6930,A,Amazonas,Smartphone/Celular,Preta,Espírita,Centro Direita,>10,,,
6931,D,Rio Grande do Sul,Desktop/Computador de mesa,Indígena,Espírita,Centro Direita,1-3,,,
6932,E,Acre,Desktop/Computador de mesa,Parda,Espírita,Centro,<1,,,
6933,D,Mato Grosso,Smartphone/Celular,Parda,Católica,Não se interessa,7-10,,,
6934,C,Goiás,Desktop/Computador de mesa,Preta,Evangélica,Centro Direita,>10,,,
6935,C,Minas Gerais,Tablet,Parda,Outras,Não se interessa,7-10,,,
6936,E,Tocantins,Outro,Prefiro não dizer,Judaíca,Centro,7-10,,,
6937,C,Amapá,Outro,Preta,Outras,Centro Esquerda,4-6,,,
6938,A,Roraima,Tablet,Parda,Outras,Centro Esquerda,4-6,,,
6939,B,Mato Grosso do Sul,Tablet,Indígena,Evangélica,Centro Direita,4-6,,,
6940,E,São Paulo,Outro,Amarela,Católica,Direita,1-3,,,
6941,A,Ceará,Notebook/Netbook,Preta,Agnóstico,Extrema Direita,7-10,,,
6942,A,Distrito Federal,Tablet,Amarela,Evangélica,Centro,4-6,,,
6943,B,Paraíba,Outro,Parda,Espírita,Não se interessa,7-10,,,
6944,A,Amazonas,Notebook/Netbook,Branca,Agnóstico,Extrema Esquerda,<1,,,
6945,A,Maranhão,Smartphone/Celular,Amarela,Evangélica,Não se interessa,4-6,,,
6946,E,Maranhão,Smartphone/Celular,Indígena,Espírita,Direita,<1,,,
6947,D,Amapá,Outro,Amarela,Evangélica,Centro,4-6,,,
6948,B,Rio Grande do Sul,Outro,Amarela,Ateu,Extrema Direita,>10,,,
6949,B,Paraná,Desktop/Computador de mesa,Parda,Judaíca,Esquerda,7-10,,,
6950,B,Amapá,Outro,Preta,Outras,Extrema Esquerda,>10,,,
6951,A,Amapá,Tablet,Indígena,Católica,Centro,1-3,,,
6952,B,Amazonas,Outro,Parda,Espírita,Centro,>10,,,
6953,D,Bahia,Desktop/Computador de mesa,Prefiro não dizer,Outras,Extrema Esquerda,7-10,,,
6954,A,Pará,Tablet,Amarela,Católica,Esquerda,1-3,,,
6955,E,Roraima,Smartphone/Celular,Amarela,Evangélica,Extrema Esquerda,4-6,,,
6956,D,Mato Grosso,Desktop/Computador de mesa,Branca,Judaíca,Direita,>10,,,
6957,E,Pará,Smartphone/Celular,Branca,Ateu,Extrema Esquerda,4-6,,,
6958,B,Rio Grande do Sul,Notebook/Netbook,Prefiro não dizer,Católica,Direita,4-6,,,
6959,A,Goiás,Desktop/Computador de mesa,Prefiro não dizer,Ateu,Centro Direita,7-10,,,
6960,B,Rio Grande do Norte,Smartphone/Celular,Indígena,Outras,Centro Direita,>10,,,
6961,A,Pará,Smartphone/Celular,Parda,Judaíca,Não se interessa,1-3,,,
6962,E,Mato Grosso do Sul,Smartphone/Celular,Branca,Católica,Centro Direita,<1,,,
6963,A,Distrito Federal,Tablet,Parda,Outras,Centro Direita,<1,,,
6964,E,Paraná,Desktop/Computador de mesa,Branca,Católica,Extrema Direita,<1,,,
6965,E,Amazonas,Smartphone/Celular,Parda,Católica,Extrema Direita,1-3,,,
6966,A,Rondônia,Tablet,Preta,Evangélica,Extrema Esquerda,>10,,,
6967,A,Mato Grosso,Tablet,Preta,Outras,Direita,1-3,,,
6968,A,São Paulo,Smartphone/Celular,Parda,Evangélica,Direita,<1,,,
6969,B,Santa Catarina,Notebook/Netbook,Parda,Espírita,Centro Esquerda,7-10,,,
6970,E,Rio Grande do Sul,Tablet,Prefiro não dizer,Espírita,Centro Direita,<1,,,
6971,E,Alagoas,Notebook/Netbook,Parda,Católica,Direita,7-10,,,
6972,B,Sergipe,Desktop/Computador de mesa,Parda,Outras,Centro Direita,<1,,,
6973,B,Paraná,Tablet,Branca,Ateu,Direita,4-6,,,
6974,A,Sergipe,Notebook/Netbook,Parda,Agnóstico,Extrema Direita,7-10,,,
6975,A,Amapá,Smartphone/Celular,Parda,Ateu,Direita,1-3,,,
6976,C,Sergipe,Desktop/Computador de mesa,Preta,Judaíca,Extrema Esquerda,1-3,,,
6977,B,Goiás,Desktop/Computador de mesa,Prefiro não dizer,Evangélica,Extrema Esquerda,>10,,,
6978,C,Sergipe,Smartphone/Celular,Parda,Judaíca,Centro Direita,<1,,,
6979,A,Espírito Santo,Tablet,Parda,Evangélica,Extrema Direita,7-10,,,
6980,E,Mato Grosso do Sul,Smartphone/Celular,Prefiro não dizer,Católica,Não se interessa,4-6,,,
6981,E,Minas Gerais,Outro,Parda,Agnóstico,Direita,4-6,,,
6982,D,Sergipe,Outro,Branca,Espírita,Não se interessa,4-6,,,
6983,E,Mato Grosso do Sul,Desktop/Computador de mesa,Indígena,Judaíca,Centro,<1,,,
6984,D,Alagoas,Notebook/Netbook,Prefiro não dizer,Espírita,Centro Esquerda,4-6,,,
6985,D,Paraíba,Notebook/Netbook,Preta,Ateu,Extrema Direita,<1,,,
6986,A,Amapá,Outro,Branca,Outras,Não se interessa,<1,,,
6987,D,Maranhão,Desktop/Computador de mesa,Branca,Ateu,Centro,1-3,,,
6988,E,Mato Grosso do Sul,Smartphone/Celular,Preta,Católica,Centro Direita,<1,,,
6989,C,Rondônia,Desktop/Computador de mesa,Indígena,Católica,Não se interessa,4-6,,,
6990,D,Minas Gerais,Notebook/Netbook,Indígena,Católica,Centro Direita,<1,,,
6991,C,Sergipe,Smartphone/Celular,Preta,Espírita,Extrema Direita,1-3,,,
6992,C,Goiás,Smartphone/Celular,Parda,Espírita,Centro Esquerda,<1,,,
6993,D,São Paulo,Outro,Amarela,Espírita,Centro,>10,,,
6994,A,Rio Grande do Norte,Tablet,Parda,Outras,Extrema Direita,1-3,,,
6995,C,Paraná,Smartphone/Celular,Prefiro não dizer,Agnóstico,Extrema Direita,<1,,,
6996,D,Goiás,Desktop/Computador de mesa,Indígena,Espírita,Centro Direita,1-3,,,
6997,C,Tocantins,Outro,Parda,Ateu,Direita,4-6,,,
6998,D,Goiás,Notebook/Netbook,Indígena,Evangélica,Direita,4-6,,,
6999,B,Goiás,Desktop/Computador de mesa,Preta,Ateu,Direita,<1,,,
7000,E,Rio Grande do Sul,Outro,Preta,Ateu,Não se interessa,>10,,,
7001,B,Espírito Santo,Desktop/Computador de mesa,Prefiro não dizer,Judaíca,Centro,<1,,,
7002,A,Rio Grande do Sul,Tablet,Parda,Agnóstico,Centro,<1,,,
7003,A,Bahia,Desktop/Computador de mesa,Parda,Agnóstico,Esquerda,1-3,,,
7004,C,São Paulo,Tablet,Preta,Evangélica,Direita,1-3,,,
7005,E,Mato Grosso do Sul,Smartphone/Celular,Amarela,Espírita,Centro Direita,1-3,,,
7006,E,Piauí,Smartphone/Celular,Prefiro não dizer,Outras,Centro Direita,4-6,,,
7007,A,Acre,Tablet,Parda,Judaíca,Esquerda,<1,,,
7008,B,Minas Gerais,Outro,Parda,Católica,Esquerda,7-10,,,
7009,A,Pará,Outro,Indígena,Espírita,Esquerda,7-10,,,
7010,E,Rio de Janeiro,Desktop/Computador de mesa,Indígena,Ateu,Esquerda,>10,,,
7011,A,Amazonas,Notebook/Netbook,Indígena,Católica,Extrema Esquerda,7-10,,,
7012,E,Sergipe,Tablet,Branca,Ateu,Direita,>10,,,
7013,E,Acre,Tablet,Parda,Outras,Não se interessa,>10,,,
7014,D,Rio Grande do Norte,Notebook/Netbook,Preta,Espírita,Extrema Direita,>10,,,
7015,C,Santa Catarina,Outro,Preta,Ateu,Direita,>10,,,
7016,B,Ceará,Outro,Amarela,Outras,Centro Direita,1-3,,,
7017,A,Amazonas,Notebook/Netbook,Branca,Ateu,Extrema Direita,<1,,,
7018,B,Amazonas,Outro,Branca,Espírita,Centro Esquerda,4-6,,,
7019,B,Mato Grosso,Tablet,Branca,Católica,Esquerda,1-3,,,
7020,E,Santa Catarina,Tablet,Parda,Judaíca,Extrema Direita,>10,,,
7021,E,Amapá,Tablet,Parda,Outras,Centro Esquerda,4-6,,,
7022,C,Acre,Outro,Amarela,Espírita,Centro Direita,1-3,,,
7023,D,Distrito Federal,Tablet,Amarela,Católica,Direita,>10,,,
7024,B,Mato Grosso do Sul,Outro,Prefiro não dizer,Judaíca,Direita,>10,,,
7025,B,Maranhão,Tablet,Indígena,Católica,Esquerda,7-10,,,
7026,E,Minas Gerais,Outro,Parda,Católica,Esquerda,1-3,,,
7027,C,Rondônia,Desktop/Computador de mesa,Amarela,Outras,Direita,4-6,,,
7028,D,Amapá,Desktop/Computador de mesa,Indígena,Evangélica,Centro,4-6,,,
7029,A,Rio Grande do Sul,Smartphone/Celular,Parda,Espírita,Centro,>10,,,
7030,E,Bahia,Notebook/Netbook,Preta,Espírita,Extrema Esquerda,<1,,,
7031,B,Goiás,Desktop/Computador de mesa,Parda,Ateu,Centro Esquerda,<1,,,
7032,C,Bahia,Notebook/Netbook,Branca,Outras,Extrema Esquerda,<1,,,
7033,E,Ceará,Desktop/Computador de mesa,Prefiro não dizer,Católica,Não se interessa,<1,,,
7034,E,Rondônia,Smartphone/Celular,Prefiro não dizer,Judaíca,Centro Esquerda,1-3,,,
7035,A,São Paulo,Outro,Preta,Católica,Direita,>10,,,
7036,D,Mato Grosso,Outro,Branca,Ateu,Extrema Esquerda,7-10,,,
7037,A,Sergipe,Tablet,Preta,Agnóstico,Esquerda,>10,,,
7038,D,São Paulo,Outro,Indígena,Judaíca,Centro Direita,<1,,,
7039,E,Pará,Notebook/Netbook,Branca,Agnóstico,Não se interessa,1-3,,,
7040,E,Distrito Federal,Desktop/Computador de mesa,Indígena,Católica,Centro Esquerda,<1,,,
7041,D,Tocantins,Outro,Preta,Evangélica,Centro Esquerda,>10,,,
7042,B,Maranhão,Desktop/Computador de mesa,Parda,Judaíca,Não se interessa,4-6,,,
7043,D,Amapá,Notebook/Netbook,Amarela,Agnóstico,Extrema Esquerda,<1,,,
7044,D,Rio Grande do Norte,Tablet,Parda,Outras,Extrema Esquerda,7-10,,,
7045,B,Piauí,Desktop/Computador de mesa,Amarela,Outras,Não se interessa,7-10,,,
7046,C,Paraná,Notebook/Netbook,Preta,Ateu,Centro,1-3,,,
7047,E,Rio Grande do Norte,Tablet,Parda,Agnóstico,Esquerda,>10,,,
7048,A,Rio de Janeiro,Outro,Indígena,Católica,Esquerda,<1,,,
7049,D,Goiás,Tablet,Parda,Outras,Centro Esquerda,4-6,,,
7050,A,Pará,Smartphone/Celular,Indígena,Ateu,Esquerda,<1,,,
7051,A,Mato Grosso do Sul,Desktop/Computador de mesa,Amarela,Católica,Esquerda,4-6,,,
7052,D,Mato Grosso do Sul,Notebook/Netbook,Amarela,Ateu,Direita,1-3,,,
7053,E,Rio Grande do Sul,Desktop/Computador de mesa,Indígena,Judaíca,Extrema Direita,<1,,,
7054,B,Distrito Federal,Outro,Indígena,Católica,Direita,4-6,,,
7055,D,Alagoas,Notebook/Netbook,Indígena,Outras,Centro,>10,,,
7056,C,São Paulo,Notebook/Netbook,Preta,Evangélica,Extrema Direita,1-3,,,
7057,B,Paraíba,Smartphone/Celular,Indígena,Católica,Centro,7-10,,,
7058,E,Tocantins,Smartphone/Celular,Branca,Outras,Esquerda,>10,,,
7059,C,Paraná,Desktop/Computador de mesa,Indígena,Outras,Centro Direita,7-10,,,
7060,C,Paraná,Smartphone/Celular,Prefiro não dizer,Espírita,Direita,7-10,,,
7061,A,Amazonas,Desktop/Computador de mesa,Indígena,Católica,Esquerda,7-10,,,
7062,E,São Paulo,Outro,Preta,Outras,Centro Esquerda,4-6,,,
7063,C,Bahia,Tablet,Prefiro não dizer,Católica,Esquerda,>10,,,
7064,B,Pernambuco,Desktop/Computador de mesa,Prefiro não dizer,Outras,Centro,<1,,,
7065,A,Ceará,Smartphone/Celular,Amarela,Agnóstico,Centro Esquerda,>10,,,
7066,A,Minas Gerais,Notebook/Netbook,Prefiro não dizer,Agnóstico,Não se interessa,>10,,,
7067,D,Maranhão,Smartphone/Celular,Branca,Judaíca,Extrema Esquerda,<1,,,
7068,D,Amapá,Desktop/Computador de mesa,Amarela,Outras,Centro Direita,<1,,,
7069,B,Piauí,Tablet,Amarela,Evangélica,Direita,<1,,,
7070,A,Minas Gerais,Notebook/Netbook,Parda,Ateu,Não se interessa,1-3,,,
7071,E,Mato Grosso,Tablet,Branca,Judaíca,Extrema Direita,<1,,,
7072,B,Roraima,Notebook/Netbook,Parda,Ateu,Centro,<1,,,
7073,C,São Paulo,Notebook/Netbook,Branca,Espírita,Centro Direita,4-6,,,
7074,D,Pernambuco,Desktop/Computador de mesa,Parda,Católica,Centro Esquerda,>10,,,
7075,E,Piauí,Notebook/Netbook,Parda,Judaíca,Esquerda,4-6,,,
7076,C,Maranhão,Outro,Parda,Outras,Centro Direita,7-10,,,
7077,E,Acre,Notebook/Netbook,Prefiro não dizer,Outras,Extrema Direita,>10,,,
7078,B,Pará,Desktop/Computador de mesa,Branca,Católica,Centro,1-3,,,
7079,D,Tocantins,Smartphone/Celular,Branca,Evangélica,Direita,7-10,,,
7080,C,Rondônia,Notebook/Netbook,Prefiro não dizer,Judaíca,Extrema Esquerda,>10,,,
7081,D,Maranhão,Smartphone/Celular,Prefiro não dizer,Agnóstico,Direita,1-3,,,
7082,B,Rio Grande do Norte,Desktop/Computador de mesa,Indígena,Agnóstico,Esquerda,1-3,,,
7083,D,Tocantins,Outro,Prefiro não dizer,Judaíca,Esquerda,1-3,,,
7084,B,Mato Grosso do Sul,Desktop/Computador de mesa,Parda,Espírita,Direita,4-6,,,
7085,E,São Paulo,Desktop/Computador de mesa,Parda,Ateu,Centro Esquerda,7-10,,,
7086,D,Tocantins,Notebook/Netbook,Parda,Católica,Esquerda,7-10,,,
7087,C,Piauí,Desktop/Computador de mesa,Preta,Agnóstico,Centro Esquerda,7-10,,,
7088,A,Mato Grosso do Sul,Desktop/Computador de mesa,Indígena,Católica,Centro Direita,>10,,,
7089,D,Rio Grande do Sul,Tablet,Parda,Espírita,Centro Direita,4-6,,,
7090,D,Rondônia,Desktop/Computador de mesa,Branca,Evangélica,Direita,<1,,,
7091,A,Santa Catarina,Smartphone/Celular,Parda,Agnóstico,Extrema Esquerda,7-10,,,
7092,E,Amazonas,Tablet,Amarela,Agnóstico,Centro Direita,>10,,,
7093,A,Paraíba,Tablet,Parda,Evangélica,Centro Esquerda,1-3,,,
7094,A,Amazonas,Smartphone/Celular,Prefiro não dizer,Ateu,Direita,7-10,,,
7095,C,Distrito Federal,Tablet,Branca,Agnóstico,Esquerda,>10,,,
7096,C,Ceará,Outro,Branca,Judaíca,Centro,1-3,,,
7097,B,Paraíba,Desktop/Computador de mesa,Prefiro não dizer,Ateu,Centro Direita,<1,,,
7098,C,Mato Grosso,Desktop/Computador de mesa,Indígena,Ateu,Centro,>10,,,
7099,A,Pará,Tablet,Amarela,Ateu,Extrema Esquerda,1-3,,,
7100,A,Acre,Desktop/Computador de mesa,Indígena,Católica,Extrema Esquerda,>10,,,
7101,D,Rio de Janeiro,Notebook/Netbook,Preta,Judaíca,Esquerda,7-10,,,
7102,C,Piauí,Desktop/Computador de mesa,Preta,Ateu,Não se interessa,>10,,,
7103,C,Paraná,Desktop/Computador de mesa,Amarela,Agnóstico,Centro Esquerda,7-10,,,
7104,A,Roraima,Outro,Amarela,Outras,Esquerda,1-3,,,
7105,B,Santa Catarina,Notebook/Netbook,Prefiro não dizer,Evangélica,Direita,<1,,,
7106,E,Ceará,Outro,Indígena,Evangélica,Centro Direita,4-6,,,
7107,A,Mato Grosso,Notebook/Netbook,Preta,Agnóstico,Centro Direita,4-6,,,
7108,A,Paraná,Tablet,Preta,Evangélica,Centro Direita,<1,,,
7109,E,Santa Catarina,Tablet,Branca,Católica,Extrema Direita,7-10,,,
7110,C,Pernambuco,Desktop/Computador de mesa,Preta,Evangélica,Centro Direita,>10,,,
7111,C,Tocantins,Tablet,Preta,Outras,Centro Direita,1-3,,,
7112,E,Rio Grande do Norte,Tablet,Prefiro não dizer,Espírita,Centro Direita,1-3,,,
7113,D,Espírito Santo,Notebook/Netbook,Parda,Evangélica,Direita,>10,,,
7114,C,Rio de Janeiro,Smartphone/Celular,Preta,Judaíca,Centro,1-3,,,
7115,C,Amazonas,Outro,Amarela,Judaíca,Centro,7-10,,,
7116,B,Pará,Tablet,Branca,Outras,Não se interessa,7-10,,,
7117,B,Rio Grande do Sul,Outro,Prefiro não dizer,Espírita,Extrema Direita,7-10,,,
7118,B,Rondônia,Tablet,Parda,Católica,Centro,1-3,,,
7119,E,Mato Grosso do Sul,Tablet,Prefiro não dizer,Espírita,Centro,7-10,,,
7120,A,Roraima,Notebook/Netbook,Indígena,Católica,Extrema Direita,7-10,,,
7121,C,Rondônia,Smartphone/Celular,Indígena,Espírita,Esquerda,>10,,,
7122,A,Paraíba,Desktop/Computador de mesa,Branca,Agnóstico,Centro Esquerda,1-3,,,
7123,B,Piauí,Outro,Preta,Outras,Centro Esquerda,<1,,,
7124,D,Sergipe,Notebook/Netbook,Prefiro não dizer,Outras,Não se interessa,>10,,,
7125,A,Paraíba,Tablet,Preta,Espírita,Centro Direita,<1,,,
7126,B,Bahia,Desktop/Computador de mesa,Amarela,Católica,Extrema Esquerda,>10,,,
7127,E,Distrito Federal,Desktop/Computador de mesa,Preta,Judaíca,Extrema Esquerda,>10,,,
7128,E,Espírito Santo,Tablet,Prefiro não dizer,Evangélica,Direita,7-10,,,
7129,E,Amapá,Tablet,Preta,Católica,Extrema Esquerda,4-6,,,
7130,B,Minas Gerais,Tablet,Prefiro não dizer,Espírita,Centro,<1,,,
7131,D,Piauí,Tablet,Indígena,Outras,Centro Direita,7-10,,,
7132,D,Sergipe,Tablet,Branca,Espírita,Centro Direita,<1,,,
7133,A,Acre,Tablet,Branca,Judaíca,Centro Esquerda,7-10,,,
7134,A,Sergipe,Notebook/Netbook,Parda,Espírita,Extrema Direita,7-10,,,
7135,B,Pará,Smartphone/Celular,Amarela,Evangélica,Esquerda,7-10,,,
7136,D,Ceará,Notebook/Netbook,Prefiro não dizer,Evangélica,Centro Direita,7-10,,,
7137,B,Pernambuco,Smartphone/Celular,Preta,Agnóstico,Direita,7-10,,,
7138,D,Rondônia,Desktop/Computador de mesa,Parda,Evangélica,Direita,<1,,,
7139,D,Rondônia,Desktop/Computador de mesa,Indígena,Espírita,Centro Esquerda,4-6,,,
7140,A,Tocantins,Outro,Branca,Católica,Centro,4-6,,,
7141,A,Mato Grosso do Sul,Tablet,Preta,Agnóstico,Centro Esquerda,<1,,,
7142,B,Amazonas,Outro,Indígena,Judaíca,Extrema Direita,4-6,,,
7143,C,Distrito Federal,Smartphone/Celular,Prefiro não dizer,Outras,Direita,>10,,,
7144,E,Espírito Santo,Desktop/Computador de mesa,Indígena,Agnóstico,Não se interessa,<1,,,
7145,A,Mato Grosso do Sul,Smartphone/Celular,Prefiro não dizer,Evangélica,Extrema Esquerda,<1,,,
7146,D,Amapá,Smartphone/Celular,Amarela,Judaíca,Não se interessa,>10,,,
7147,E,Goiás,Smartphone/Celular,Preta,Ateu,Centro Esquerda,7-10,,,
7148,C,Maranhão,Tablet,Parda,Espírita,Direita,7-10,,,
7149,B,Rio Grande do Sul,Tablet,Parda,Evangélica,Centro,7-10,,,
7150,C,Alagoas,Tablet,Prefiro não dizer,Católica,Extrema Esquerda,>10,,,
7151,D,Pernambuco,Smartphone/Celular,Parda,Evangélica,Esquerda,4-6,,,
7152,B,Goiás,Tablet,Branca,Judaíca,Centro,7-10,,,
7153,E,Rio Grande do Norte,Outro,Prefiro não dizer,Católica,Extrema Esquerda,<1,,,
7154,E,Piauí,Desktop/Computador de mesa,Branca,Outras,Centro Esquerda,>10,,,
7155,C,Amazonas,Tablet,Parda,Outras,Extrema Direita,1-3,,,
7156,C,Rio Grande do Norte,Smartphone/Celular,Branca,Católica,Centro,<1,,,
7157,B,Sergipe,Outro,Amarela,Judaíca,Centro,>10,,,
7158,A,Paraíba,Outro,Prefiro não dizer,Agnóstico,Direita,4-6,,,
7159,E,Amapá,Outro,Preta,Evangélica,Centro Direita,7-10,,,
7160,C,Maranhão,Smartphone/Celular,Parda,Evangélica,Extrema Direita,<1,,,
7161,B,Paraná,Outro,Prefiro não dizer,Judaíca,Extrema Direita,<1,,,
7162,E,Piauí,Tablet,Preta,Ateu,Extrema Direita,7-10,,,
7163,A,Tocantins,Smartphone/Celular,Amarela,Agnóstico,Extrema Esquerda,<1,,,
7164,E,Bahia,Outro,Parda,Evangélica,Extrema Esquerda,4-6,,,
7165,D,Rio de Janeiro,Notebook/Netbook,Indígena,Outras,Centro Esquerda,1-3,,,
7166,D,Mato Grosso,Tablet,Preta,Católica,Não se interessa,4-6,,,
7167,B,Distrito Federal,Smartphone/Celular,Branca,Judaíca,Centro,7-10,,,
7168,E,Amapá,Outro,Indígena,Ateu,Centro Direita,7-10,,,
7169,C,Paraná,Notebook/Netbook,Branca,Católica,Não se interessa,>10,,,
7170,D,Piauí,Smartphone/Celular,Indígena,Ateu,Extrema Esquerda,4-6,,,
7171,D,Rio de Janeiro,Tablet,Preta,Agnóstico,Centro Esquerda,>10,,,
7172,E,Acre,Smartphone/Celular,Amarela,Judaíca,Extrema Esquerda,4-6,,,
7173,E,Sergipe,Outro,Prefiro não dizer,Católica,Extrema Direita,4-6,,,
7174,A,Rio Grande do Sul,Tablet,Preta,Espírita,Extrema Direita,7-10,,,
7175,E,Santa Catarina,Notebook/Netbook,Parda,Outras,Esquerda,4-6,,,
7176,E,Alagoas,Tablet,Branca,Católica,Centro Direita,7-10,,,
7177,D,Sergipe,Notebook/Netbook,Preta,Judaíca,Extrema Esquerda,7-10,,,
7178,E,Sergipe,Desktop/Computador de mesa,Parda,Ateu,Extrema Direita,7-10,,,
7179,C,Espírito Santo,Outro,Branca,Ateu,Centro Direita,4-6,,,
7180,A,Amapá,Tablet,Prefiro não dizer,Judaíca,Esquerda,4-6,,,
7181,D,Acre,Smartphone/Celular,Preta,Judaíca,Centro Esquerda,7-10,,,
7182,C,Maranhão,Smartphone/Celular,Preta,Evangélica,Extrema Esquerda,4-6,,,
7183,A,Tocantins,Desktop/Computador de mesa,Branca,Ateu,Extrema Esquerda,7-10,,,
7184,C,Amapá,Tablet,Indígena,Agnóstico,Extrema Esquerda,1-3,,,
7185,A,Pará,Smartphone/Celular,Preta,Agnóstico,Centro,7-10,,,
7186,A,Paraná,Tablet,Amarela,Judaíca,Não se interessa,4-6,,,
7187,B,Santa Catarina,Tablet,Parda,Evangélica,Centro Direita,<1,,,
7188,D,Alagoas,Tablet,Indígena,Evangélica,Centro Direita,<1,,,
7189,B,Goiás,Notebook/Netbook,Preta,Ateu,Centro Esquerda,1-3,,,
7190,D,Piauí,Notebook/Netbook,Prefiro não dizer,Espírita,Centro Direita,<1,,,
7191,C,Goiás,Outro,Amarela,Agnóstico,Extrema Esquerda,1-3,,,
7192,A,Pará,Tablet,Prefiro não dizer,Judaíca,Centro Esquerda,1-3,,,
7193,A,Roraima,Desktop/Computador de mesa,Amarela,Judaíca,Extrema Esquerda,7-10,,,
7194,D,Amazonas,Smartphone/Celular,Preta,Agnóstico,Centro Direita,7-10,,,
7195,C,Rio Grande do Sul,Notebook/Netbook,Branca,Ateu,Esquerda,1-3,,,
7196,D,Ceará,Tablet,Parda,Ateu,Centro Esquerda,7-10,,,
7197,D,Ceará,Outro,Parda,Agnóstico,Centro,>10,,,
7198,E,Sergipe,Smartphone/Celular,Amarela,Outras,Extrema Direita,4-6,,,
7199,A,Bahia,Desktop/Computador de mesa,Parda,Espírita,Esquerda,4-6,,,
7200,D,Rio de Janeiro,Outro,Parda,Evangélica,Extrema Esquerda,1-3,,,
7201,C,Sergipe,Tablet,Indígena,Espírita,Não se interessa,4-6,,,
7202,B,Acre,Outro,Parda,Espírita,Direita,7-10,,,
7203,A,Distrito Federal,Tablet,Branca,Espírita,Centro Direita,4-6,,,
7204,C,Tocantins,Smartphone/Celular,Prefiro não dizer,Evangélica,Centro Esquerda,7-10,,,
7205,D,Mato Grosso do Sul,Smartphone/Celular,Parda,Outras,Esquerda,>10,,,
7206,A,Ceará,Tablet,Prefiro não dizer,Agnóstico,Centro Esquerda,1-3,,,
7207,A,Paraíba,Smartphone/Celular,Prefiro não dizer,Católica,Não se interessa,>10,,,
7208,C,Minas Gerais,Tablet,Parda,Outras,Centro Direita,<1,,,
7209,B,Ceará,Outro,Prefiro não dizer,Outras,Extrema Esquerda,1-3,,,
7210,A,Pará,Notebook/Netbook,Indígena,Outras,Esquerda,<1,,,
7211,E,Alagoas,Smartphone/Celular,Indígena,Outras,Extrema Direita,4-6,,,
7212,A,Roraima,Outro,Preta,Católica,Esquerda,4-6,,,
7213,E,Minas Gerais,Desktop/Computador de mesa,Parda,Ateu,Centro,>10,,,
7214,B,Piauí,Desktop/Computador de mesa,Amarela,Católica,Direita,>10,,,
7215,B,Amapá,Smartphone/Celular,Prefiro não dizer,Judaíca,Centro Esquerda,4-6,,,
7216,C,Tocantins,Notebook/Netbook,Preta,Outras,Extrema Direita,7-10,,,
7217,B,Tocantins,Tablet,Preta,Católica,Centro,>10,,,
7218,A,Espírito Santo,Notebook/Netbook,Parda,Evangélica,Centro Esquerda,7-10,,,
7219,B,Ceará,Tablet,Amarela,Judaíca,Direita,4-6,,,
7220,C,Amapá,Outro,Branca,Outras,Centro,>10,,,
7221,C,Ceará,Notebook/Netbook,Amarela,Evangélica,Não se interessa,4-6,,,
7222,C,Rio Grande do Norte,Smartphone/Celular,Branca,Agnóstico,Não se interessa,1-3,,,
7223,C,Goiás,Desktop/Computador de mesa,Amarela,Judaíca,Centro Esquerda,1-3,,,
7224,D,Rondônia,Notebook/Netbook,Parda,Espírita,Não se interessa,1-3,,,
7225,C,Tocantins,Notebook/Netbook,Branca,Agnóstico,Não se interessa,4-6,,,
7226,D,Mato Grosso,Outro,Branca,Judaíca,Extrema Direita,<1,,,
7227,D,Rio Grande do Norte,Smartphone/Celular,Preta,Ateu,Centro Esquerda,4-6,,,
7228,D,Roraima,Outro,Preta,Católica,Centro,1-3,,,
7229,A,Goiás,Desktop/Computador de mesa,Preta,Outras,Extrema Direita,>10,,,
7230,E,Goiás,Desktop/Computador de mesa,Indígena,Agnóstico,Esquerda,>10,,,
7231,E,Alagoas,Smartphone/Celular,Parda,Espírita,Centro,<1,,,
7232,A,Ceará,Tablet,Prefiro não dizer,Agnóstico,Extrema Esquerda,4-6,,,
7233,E,Rio de Janeiro,Tablet,Parda,Católica,Direita,4-6,,,
7234,A,Pará,Outro,Parda,Católica,Centro,7-10,,,
7235,C,Mato Grosso,Outro,Branca,Ateu,Não se interessa,1-3,,,
7236,E,Bahia,Tablet,Amarela,Agnóstico,Esquerda,<1,,,
7237,E,Pará,Tablet,Parda,Judaíca,Direita,>10,,,
7238,A,Rio Grande do Norte,Tablet,Prefiro não dizer,Agnóstico,Extrema Direita,>10,,,
7239,C,Bahia,Smartphone/Celular,Indígena,Espírita,Não se interessa,<1,,,
7240,A,Mato Grosso,Desktop/Computador de mesa,Branca,Espírita,Extrema Esquerda,7-10,,,
7241,A,Rio Grande do Sul,Outro,Preta,Ateu,Extrema Direita,7-10,,,
7242,E,Amapá,Notebook/Netbook,Indígena,Católica,Centro,7-10,,,
7243,A,Acre,Desktop/Computador de mesa,Amarela,Ateu,Centro Direita,>10,,,
7244,B,Amazonas,Smartphone/Celular,Prefiro não dizer,Espírita,Extrema Esquerda,1-3,,,
7245,C,Distrito Federal,Notebook/Netbook,Branca,Evangélica,Extrema Direita,>10,,,
7246,A,Rondônia,Desktop/Computador de mesa,Branca,Ateu,Extrema Direita,<1,,,
7247,B,Amazonas,Smartphone/Celular,Parda,Católica,Não se interessa,4-6,,,
7248,C,Rio Grande do Sul,Tablet,Preta,Agnóstico,Centro Direita,7-10,,,
7249,A,Alagoas,Desktop/Computador de mesa,Parda,Judaíca,Não se interessa,4-6,,,
7250,A,Paraná,Smartphone/Celular,Preta,Evangélica,Extrema Direita,>10,,,
7251,E,Espírito Santo,Desktop/Computador de mesa,Preta,Evangélica,Extrema Esquerda,>10,,,
7252,A,Rio de Janeiro,Smartphone/Celular,Branca,Evangélica,Esquerda,<1,,,
7253,A,Distrito Federal,Desktop/Computador de mesa,Branca,Evangélica,Centro Esquerda,4-6,,,
7254,B,Roraima,Tablet,Parda,Espírita,Esquerda,1-3,,,
7255,E,Rio Grande do Sul,Desktop/Computador de mesa,Indígena,Católica,Extrema Esquerda,<1,,,
7256,C,Maranhão,Tablet,Branca,Ateu,Centro Direita,4-6,,,
7257,B,Rondônia,Outro,Indígena,Agnóstico,Centro Direita,4-6,,,
7258,A,Ceará,Notebook/Netbook,Parda,Ateu,Centro,4-6,,,
7259,A,São Paulo,Desktop/Computador de mesa,Indígena,Evangélica,Centro Esquerda,<1,,,
7260,D,Rio Grande do Norte,Outro,Preta,Católica,Centro Esquerda,1-3,,,
7261,E,Tocantins,Desktop/Computador de mesa,Branca,Judaíca,Centro Esquerda,7-10,,,
7262,B,Acre,Desktop/Computador de mesa,Indígena,Ateu,Centro Direita,4-6,,,
7263,A,Santa Catarina,Desktop/Computador de mesa,Indígena,Católica,Centro Esquerda,>10,,,
7264,E,Rio Grande do Sul,Tablet,Preta,Católica,Centro Direita,<1,,,
7265,E,São Paulo,Notebook/Netbook,Preta,Evangélica,Extrema Esquerda,1-3,,,
7266,D,Santa Catarina,Smartphone/Celular,Parda,Ateu,Extrema Esquerda,>10,,,
7267,A,Amazonas,Desktop/Computador de mesa,Parda,Outras,Centro Esquerda,1-3,,,
7268,E,Santa Catarina,Smartphone/Celular,Amarela,Agnóstico,Esquerda,4-6,,,
7269,C,Paraná,Tablet,Amarela,Agnóstico,Esquerda,7-10,,,
7270,A,Mato Grosso do Sul,Outro,Indígena,Evangélica,Centro,<1,,,
7271,E,Amazonas,Outro,Prefiro não dizer,Judaíca,Extrema Direita,<1,,,
7272,B,Goiás,Notebook/Netbook,Indígena,Judaíca,Esquerda,7-10,,,
7273,C,Rio Grande do Norte,Tablet,Preta,Evangélica,Extrema Esquerda,4-6,,,
7274,B,Rio Grande do Sul,Smartphone/Celular,Preta,Católica,Esquerda,1-3,,,
7275,E,Acre,Tablet,Parda,Evangélica,Esquerda,<1,,,
7276,B,Tocantins,Outro,Indígena,Espírita,Extrema Esquerda,>10,,,
7277,C,Pará,Notebook/Netbook,Parda,Agnóstico,Extrema Direita,<1,,,
7278,C,Paraná,Tablet,Preta,Ateu,Centro Esquerda,<1,,,
7279,B,Paraíba,Outro,Prefiro não dizer,Judaíca,Esquerda,<1,,,
7280,A,Amazonas,Tablet,Preta,Católica,Direita,<1,,,
7281,B,Maranhão,Tablet,Preta,Agnóstico,Extrema Direita,7-10,,,
7282,E,Rio Grande do Norte,Outro,Prefiro não dizer,Evangélica,Extrema Direita,<1,,,
7283,C,Distrito Federal,Outro,Prefiro não dizer,Católica,Centro Esquerda,4-6,,,
7284,E,Rio Grande do Sul,Notebook/Netbook,Preta,Judaíca,Centro Esquerda,<1,,,
7285,A,Rio Grande do Sul,Desktop/Computador de mesa,Prefiro não dizer,Ateu,Não se interessa,7-10,,,
7286,C,Piauí,Outro,Indígena,Católica,Extrema Direita,<1,,,
7287,C,São Paulo,Desktop/Computador de mesa,Indígena,Evangélica,Esquerda,7-10,,,
7288,A,Mato Grosso do Sul,Notebook/Netbook,Amarela,Agnóstico,Extrema Direita,>10,,,
7289,E,Amazonas,Outro,Amarela,Agnóstico,Centro Direita,>10,,,
7290,D,Goiás,Smartphone/Celular,Branca,Judaíca,Extrema Esquerda,7-10,,,
7291,C,Distrito Federal,Outro,Preta,Judaíca,Direita,4-6,,,
7292,C,Rio Grande do Sul,Desktop/Computador de mesa,Parda,Espírita,Extrema Esquerda,>10,,,
7293,C,Amapá,Outro,Branca,Judaíca,Centro Direita,7-10,,,
7294,D,Rio de Janeiro,Outro,Preta,Outras,Esquerda,4-6,,,
7295,D,Amapá,Desktop/Computador de mesa,Amarela,Outras,Extrema Esquerda,1-3,,,
7296,B,Sergipe,Notebook/Netbook,Preta,Outras,Centro Esquerda,7-10,,,
7297,A,Bahia,Desktop/Computador de mesa,Branca,Espírita,Extrema Esquerda,<1,,,
7298,A,Distrito Federal,Notebook/Netbook,Amarela,Judaíca,Extrema Direita,4-6,,,
7299,C,Tocantins,Smartphone/Celular,Prefiro não dizer,Evangélica,Extrema Esquerda,>10,,,
7300,D,Sergipe,Outro,Amarela,Evangélica,Não se interessa,<1,,,
7301,A,Paraná,Desktop/Computador de mesa,Prefiro não dizer,Católica,Centro Esquerda,>10,,,
7302,D,Tocantins,Notebook/Netbook,Prefiro não dizer,Ateu,Esquerda,7-10,,,
7303,A,Rio de Janeiro,Desktop/Computador de mesa,Preta,Agnóstico,Centro Esquerda,1-3,,,
7304,A,Amapá,Smartphone/Celular,Preta,Outras,Esquerda,<1,,,
7305,A,Santa Catarina,Notebook/Netbook,Parda,Evangélica,Centro Esquerda,1-3,,,
7306,B,Minas Gerais,Smartphone/Celular,Amarela,Judaíca,Extrema Direita,<1,,,
7307,A,Rio Grande do Norte,Notebook/Netbook,Prefiro não dizer,Evangélica,Extrema Esquerda,7-10,,,
7308,B,Bahia,Smartphone/Celular,Parda,Judaíca,Extrema Direita,1-3,,,
7309,E,Tocantins,Tablet,Prefiro não dizer,Espírita,Centro,>10,,,
7310,B,Distrito Federal,Desktop/Computador de mesa,Parda,Evangélica,Não se interessa,7-10,,,
7311,C,Maranhão,Desktop/Computador de mesa,Indígena,Agnóstico,Centro Esquerda,<1,,,
7312,C,Alagoas,Tablet,Indígena,Outras,Extrema Esquerda,>10,,,
7313,D,São Paulo,Outro,Prefiro não dizer,Ateu,Centro Esquerda,<1,,,
7314,E,Sergipe,Desktop/Computador de mesa,Prefiro não dizer,Evangélica,Centro Direita,4-6,,,
7315,B,Mato Grosso do Sul,Tablet,Amarela,Evangélica,Extrema Esquerda,4-6,,,
7316,E,Espírito Santo,Outro,Parda,Espírita,Direita,1-3,,,
7317,E,Pará,Desktop/Computador de mesa,Preta,Outras,Não se interessa,<1,,,
7318,D,Minas Gerais,Smartphone/Celular,Branca,Evangélica,Esquerda,7-10,,,
7319,E,Amapá,Desktop/Computador de mesa,Amarela,Espírita,Centro,4-6,,,
7320,D,Espírito Santo,Outro,Amarela,Judaíca,Não se interessa,7-10,,,
7321,E,Roraima,Outro,Indígena,Espírita,Extrema Direita,1-3,,,
7322,C,Alagoas,Smartphone/Celular,Amarela,Outras,Esquerda,<1,,,
7323,C,Paraíba,Desktop/Computador de mesa,Indígena,Espírita,Centro,1-3,,,
7324,E,Ceará,Smartphone/Celular,Prefiro não dizer,Espírita,Centro Direita,4-6,,,
7325,B,Maranhão,Notebook/Netbook,Parda,Ateu,Esquerda,<1,,,
7326,A,Amapá,Outro,Indígena,Outras,Extrema Esquerda,4-6,,,
7327,A,Distrito Federal,Smartphone/Celular,Amarela,Ateu,Centro,7-10,,,
7328,E,Espírito Santo,Notebook/Netbook,Amarela,Católica,Centro,7-10,,,
7329,C,Bahia,Tablet,Prefiro não dizer,Espírita,Extrema Esquerda,>10,,,
7330,C,Mato Grosso,Outro,Indígena,Evangélica,Extrema Direita,<1,,,
7331,E,Mato Grosso,Smartphone/Celular,Amarela,Evangélica,Extrema Direita,>10,,,
7332,D,Rio Grande do Norte,Outro,Parda,Outras,Centro Esquerda,>10,,,
7333,D,Pernambuco,Outro,Branca,Ateu,Esquerda,4-6,,,
7334,D,Roraima,Outro,Prefiro não dizer,Outras,Extrema Direita,>10,,,
7335,E,Maranhão,Smartphone/Celular,Parda,Agnóstico,Centro,<1,,,
7336,D,Distrito Federal,Tablet,Parda,Judaíca,Não se interessa,<1,,,
7337,B,Goiás,Smartphone/Celular,Amarela,Judaíca,Direita,<1,,,
7338,C,Goiás,Tablet,Prefiro não dizer,Espírita,Centro,<1,,,
7339,B,Amazonas,Desktop/Computador de mesa,Amarela,Ateu,Centro,<1,,,
7340,D,Rio Grande do Norte,Outro,Parda,Outras,Centro Direita,1-3,,,
7341,E,Roraima,Tablet,Parda,Agnóstico,Centro Direita,<1,,,
7342,A,São Paulo,Outro,Amarela,Espírita,Direita,4-6,,,
7343,D,Espírito Santo,Outro,Preta,Espírita,Extrema Esquerda,<1,,,
7344,E,São Paulo,Desktop/Computador de mesa,Indígena,Espírita,Extrema Direita,>10,,,
7345,D,Bahia,Smartphone/Celular,Branca,Ateu,Não se interessa,<1,,,
7346,D,São Paulo,Tablet,Parda,Espírita,Centro Esquerda,<1,,,
7347,C,São Paulo,Tablet,Parda,Católica,Centro Esquerda,4-6,,,
7348,C,Pará,Outro,Prefiro não dizer,Agnóstico,Centro,<1,,,
7349,C,Sergipe,Desktop/Computador de mesa,Preta,Agnóstico,Não se interessa,>10,,,
7350,A,Rondônia,Tablet,Amarela,Católica,Extrema Direita,4-6,,,
7351,A,Mato Grosso do Sul,Desktop/Computador de mesa,Branca,Outras,Extrema Direita,4-6,,,
7352,D,Pará,Desktop/Computador de mesa,Prefiro não dizer,Católica,Centro,7-10,,,
7353,D,Mato Grosso,Desktop/Computador de mesa,Preta,Evangélica,Centro Direita,4-6,,,
7354,E,Maranhão,Desktop/Computador de mesa,Indígena,Agnóstico,Extrema Esquerda,7-10,,,
7355,C,Tocantins,Outro,Preta,Católica,Não se interessa,<1,,,
7356,D,Rondônia,Desktop/Computador de mesa,Parda,Ateu,Não se interessa,1-3,,,
7357,C,Paraná,Tablet,Parda,Ateu,Centro,4-6,,,
7358,A,Pará,Desktop/Computador de mesa,Indígena,Católica,Centro Esquerda,4-6,,,
7359,C,Sergipe,Outro,Indígena,Agnóstico,Centro,7-10,,,
7360,D,Sergipe,Tablet,Amarela,Agnóstico,Não se interessa,4-6,,,
7361,E,São Paulo,Notebook/Netbook,Preta,Católica,Direita,>10,,,
7362,D,Minas Gerais,Desktop/Computador de mesa,Parda,Agnóstico,Centro Esquerda,4-6,,,
7363,A,Tocantins,Tablet,Indígena,Agnóstico,Esquerda,4-6,,,
7364,E,Mato Grosso,Desktop/Computador de mesa,Amarela,Agnóstico,Centro Esquerda,1-3,,,
7365,D,Paraná,Smartphone/Celular,Branca,Judaíca,Direita,1-3,,,
7366,C,Pará,Desktop/Computador de mesa,Parda,Agnóstico,Centro Direita,1-3,,,
7367,E,Amapá,Tablet,Indígena,Espírita,Esquerda,<1,,,
7368,E,Mato Grosso do Sul,Smartphone/Celular,Preta,Ateu,Extrema Esquerda,>10,,,
7369,A,Alagoas,Notebook/Netbook,Amarela,Outras,Extrema Direita,7-10,,,
7370,B,Rio Grande do Norte,Smartphone/Celular,Indígena,Católica,Não se interessa,7-10,,,
7371,C,Roraima,Tablet,Parda,Católica,Esquerda,1-3,,,
7372,B,Goiás,Tablet,Amarela,Ateu,Extrema Esquerda,7-10,,,
7373,E,Paraíba,Tablet,Preta,Judaíca,Centro Esquerda,1-3,,,
7374,E,São Paulo,Notebook/Netbook,Branca,Evangélica,Não se interessa,>10,,,
7375,E,São Paulo,Desktop/Computador de mesa,Preta,Agnóstico,Extrema Direita,7-10,,,
7376,D,Pará,Notebook/Netbook,Prefiro não dizer,Ateu,Centro Direita,1-3,,,
7377,A,Ceará,Notebook/Netbook,Preta,Espírita,Esquerda,1-3,,,
7378,C,Goiás,Outro,Prefiro não dizer,Católica,Direita,1-3,,,
7379,D,Tocantins,Tablet,Branca,Outras,Não se interessa,>10,,,
7380,A,São Paulo,Tablet,Branca,Outras,Extrema Direita,<1,,,
7381,B,Ceará,Outro,Indígena,Ateu,Centro,1-3,,,
7382,A,Bahia,Notebook/Netbook,Parda,Outras,Centro Direita,1-3,,,
7383,E,Amazonas,Tablet,Preta,Agnóstico,Centro,4-6,,,
7384,D,Tocantins,Desktop/Computador de mesa,Branca,Outras,Extrema Esquerda,<1,,,
7385,A,Santa Catarina,Outro,Amarela,Agnóstico,Direita,>10,,,
7386,B,Rondônia,Desktop/Computador de mesa,Preta,Ateu,Esquerda,4-6,,,
7387,B,Bahia,Smartphone/Celular,Parda,Evangélica,Extrema Esquerda,7-10,,,
7388,E,Alagoas,Smartphone/Celular,Indígena,Outras,Centro Esquerda,1-3,,,
7389,E,Ceará,Desktop/Computador de mesa,Indígena,Evangélica,Extrema Direita,<1,,,
7390,A,Bahia,Notebook/Netbook,Amarela,Evangélica,Esquerda,7-10,,,
7391,B,Paraná,Outro,Preta,Outras,Esquerda,1-3,,,
7392,D,São Paulo,Smartphone/Celular,Parda,Judaíca,Extrema Direita,1-3,,,
7393,C,Rio Grande do Norte,Notebook/Netbook,Indígena,Judaíca,Centro Direita,7-10,,,
7394,D,Rio Grande do Norte,Desktop/Computador de mesa,Indígena,Outras,Não se interessa,7-10,,,
7395,B,Mato Grosso,Notebook/Netbook,Indígena,Ateu,Centro,7-10,,,
7396,C,São Paulo,Notebook/Netbook,Branca,Ateu,Não se interessa,>10,,,
7397,D,Piauí,Notebook/Netbook,Indígena,Evangélica,Extrema Esquerda,4-6,,,
7398,B,Acre,Notebook/Netbook,Preta,Ateu,Extrema Direita,4-6,,,
7399,A,Distrito Federal,Notebook/Netbook,Amarela,Católica,Esquerda,4-6,,,
7400,C,Rondônia,Outro,Amarela,Católica,Direita,7-10,,,
7401,A,Ceará,Notebook/Netbook,Prefiro não dizer,Evangélica,Não se interessa,7-10,,,
7402,A,Distrito Federal,Tablet,Amarela,Espírita,Centro,>10,,,
7403,E,Paraíba,Tablet,Amarela,Evangélica,Centro Esquerda,4-6,,,
7404,C,Rio Grande do Sul,Notebook/Netbook,Preta,Católica,Não se interessa,>10,,,
7405,C,Ceará,Tablet,Parda,Judaíca,Extrema Esquerda,<1,,,
7406,A,Distrito Federal,Notebook/Netbook,Indígena,Católica,Centro Direita,7-10,,,
7407,B,Paraíba,Notebook/Netbook,Prefiro não dizer,Evangélica,Direita,4-6,,,
7408,C,São Paulo,Desktop/Computador de mesa,Branca,Espírita,Extrema Direita,7-10,,,
7409,B,Acre,Notebook/Netbook,Prefiro não dizer,Católica,Extrema Direita,4-6,,,
7410,A,Distrito Federal,Outro,Prefiro não dizer,Judaíca,Centro Esquerda,<1,,,
7411,E,Bahia,Smartphone/Celular,Branca,Outras,Extrema Esquerda,1-3,,,
7412,D,Rio Grande do Norte,Desktop/Computador de mesa,Branca,Evangélica,Esquerda,1-3,,,
7413,E,Sergipe,Notebook/Netbook,Parda,Espírita,Extrema Direita,>10,,,
7414,C,Sergipe,Notebook/Netbook,Preta,Espírita,Não se interessa,>10,,,
7415,B,Alagoas,Notebook/Netbook,Parda,Judaíca,Direita,4-6,,,
7416,A,Distrito Federal,Outro,Preta,Agnóstico,Extrema Esquerda,>10,,,
7417,D,Rondônia,Desktop/Computador de mesa,Indígena,Outras,Não se interessa,1-3,,,
7418,B,Rondônia,Smartphone/Celular,Prefiro não dizer,Espírita,Centro,1-3,,,
7419,E,Rondônia,Desktop/Computador de mesa,Indígena,Agnóstico,Não se interessa,4-6,,,
7420,A,Piauí,Smartphone/Celular,Preta,Judaíca,Não se interessa,<1,,,
7421,A,Pará,Smartphone/Celular,Amarela,Outras,Extrema Direita,>10,,,
7422,E,Amapá,Tablet,Parda,Católica,Esquerda,1-3,,,
7423,B,Mato Grosso,Desktop/Computador de mesa,Prefiro não dizer,Judaíca,Extrema Direita,4-6,,,
7424,D,Ceará,Notebook/Netbook,Parda,Católica,Centro Esquerda,<1,,,
7425,E,Pernambuco,Tablet,Prefiro não dizer,Católica,Centro Esquerda,4-6,,,
7426,D,Rondônia,Desktop/Computador de mesa,Prefiro não dizer,Outras,Esquerda,4-6,,,
7427,C,Alagoas,Tablet,Prefiro não dizer,Agnóstico,Centro Direita,7-10,,,
7428,A,Tocantins,Desktop/Computador de mesa,Indígena,Agnóstico,Extrema Direita,1-3,,,
7429,E,Bahia,Smartphone/Celular,Branca,Agnóstico,Direita,<1,,,
7430,C,Tocantins,Desktop/Computador de mesa,Amarela,Judaíca,Extrema Direita,<1,,,
7431,D,Sergipe,Tablet,Preta,Católica,Extrema Esquerda,>10,,,
7432,E,Mato Grosso,Desktop/Computador de mesa,Parda,Espírita,Extrema Direita,4-6,,,
7433,A,Minas Gerais,Outro,Amarela,Ateu,Extrema Direita,>10,,,
7434,A,Rio de Janeiro,Smartphone/Celular,Amarela,Agnóstico,Extrema Direita,1-3,,,
7435,A,Goiás,Smartphone/Celular,Parda,Católica,Não se interessa,7-10,,,
7436,B,Rondônia,Notebook/Netbook,Preta,Espírita,Extrema Direita,1-3,,,
7437,D,Pernambuco,Notebook/Netbook,Prefiro não dizer,Outras,Extrema Esquerda,4-6,,,
7438,C,Acre,Smartphone/Celular,Prefiro não dizer,Católica,Extrema Direita,<1,,,
7439,E,Minas Gerais,Notebook/Netbook,Indígena,Judaíca,Direita,7-10,,,
7440,E,Amazonas,Notebook/Netbook,Amarela,Ateu,Extrema Direita,7-10,,,
7441,A,Distrito Federal,Smartphone/Celular,Amarela,Judaíca,Centro Esquerda,4-6,,,
7442,C,Roraima,Desktop/Computador de mesa,Indígena,Evangélica,Não se interessa,1-3,,,
7443,D,Amazonas,Notebook/Netbook,Indígena,Agnóstico,Centro,1-3,,,
7444,B,Pernambuco,Notebook/Netbook,Branca,Católica,Direita,1-3,,,
7445,B,Rio Grande do Sul,Tablet,Preta,Espírita,Direita,>10,,,
7446,A,Acre,Notebook/Netbook,Preta,Outras,Centro,>10,,,
7447,C,Pará,Smartphone/Celular,Indígena,Ateu,Centro,4-6,,,
7448,C,Minas Gerais,Notebook/Netbook,Amarela,Ateu,Centro,4-6,,,
7449,B,Goiás,Outro,Indígena,Evangélica,Não se interessa,>10,,,
7450,A,São Paulo,Outro,Branca,Agnóstico,Esquerda,1-3,,,
7451,E,Mato Grosso,Smartphone/Celular,Amarela,Outras,Não se interessa,7-10,,,
7452,E,Amapá,Notebook/Netbook,Preta,Agnóstico,Direita,1-3,,,
7453,D,Rondônia,Smartphone/Celular,Parda,Outras,Direita,1-3,,,
7454,C,Distrito Federal,Outro,Prefiro não dizer,Espírita,Direita,4-6,,,
7455,B,São Paulo,Notebook/Netbook,Amarela,Católica,Esquerda,>10,,,
7456,C,Paraíba,Desktop/Computador de mesa,Indígena,Outras,Extrema Esquerda,1-3,,,
7457,E,Pernambuco,Outro,Parda,Espírita,Centro Esquerda,4-6,,,
7458,B,Espírito Santo,Smartphone/Celular,Amarela,Ateu,Centro,>10,,,
7459,A,Distrito Federal,Smartphone/Celular,Parda,Agnóstico,Não se interessa,<1,,,
7460,B,Rondônia,Desktop/Computador de mesa,Amarela,Judaíca,Extrema Direita,7-10,,,
7461,E,Amazonas,Smartphone/Celular,Prefiro não dizer,Evangélica,Centro Esquerda,1-3,,,
7462,D,Sergipe,Outro,Prefiro não dizer,Evangélica,Esquerda,<1,,,
7463,C,Pernambuco,Notebook/Netbook,Branca,Agnóstico,Direita,<1,,,
7464,A,Distrito Federal,Outro,Amarela,Agnóstico,Centro Direita,7-10,,,
7465,B,Santa Catarina,Outro,Amarela,Espírita,Extrema Direita,1-3,,,
7466,B,Minas Gerais,Smartphone/Celular,Prefiro não dizer,Ateu,Não se interessa,4-6,,,
7467,E,Paraíba,Outro,Amarela,Ateu,Centro Esquerda,<1,,,
7468,E,Sergipe,Desktop/Computador de mesa,Branca,Espírita,Centro,1-3,,,
7469,E,Rio Grande do Sul,Smartphone/Celular,Amarela,Outras,Extrema Direita,1-3,,,
7470,C,Pernambuco,Outro,Parda,Judaíca,Centro Direita,4-6,,,
7471,B,Rondônia,Notebook/Netbook,Branca,Católica,Extrema Esquerda,>10,,,
7472,C,Acre,Desktop/Computador de mesa,Amarela,Agnóstico,Extrema Esquerda,1-3,,,
7473,C,Goiás,Smartphone/Celular,Amarela,Católica,Extrema Direita,4-6,,,
7474,B,Roraima,Smartphone/Celular,Prefiro não dizer,Outras,Direita,1-3,,,
7475,A,Roraima,Outro,Prefiro não dizer,Outras,Centro,<1,,,
7476,B,Rondônia,Outro,Preta,Ateu,Centro Direita,<1,,,
7477,C,Rio Grande do Sul,Outro,Prefiro não dizer,Ateu,Centro Direita,1-3,,,
7478,B,Amapá,Notebook/Netbook,Preta,Espírita,Centro Direita,4-6,,,
7479,D,Goiás,Smartphone/Celular,Amarela,Judaíca,Centro,>10,,,
7480,D,São Paulo,Smartphone/Celular,Amarela,Outras,Extrema Direita,<1,,,
7481,A,Pará,Tablet,Parda,Ateu,Esquerda,<1,,,
7482,C,Sergipe,Outro,Indígena,Outras,Extrema Esquerda,<1,,,
7483,A,Ceará,Desktop/Computador de mesa,Parda,Judaíca,Centro Esquerda,1-3,,,
7484,D,Maranhão,Smartphone/Celular,Parda,Evangélica,Centro Esquerda,7-10,,,
7485,D,Rio Grande do Sul,Tablet,Amarela,Católica,Extrema Direita,>10,,,
7486,A,Piauí,Tablet,Preta,Ateu,Centro,<1,,,
7487,C,Rondônia,Tablet,Prefiro não dizer,Judaíca,Centro,4-6,,,
7488,C,Distrito Federal,Smartphone/Celular,Amarela,Evangélica,Centro Esquerda,1-3,,,
7489,B,Pernambuco,Notebook/Netbook,Parda,Agnóstico,Extrema Direita,>10,,,
7490,B,Rondônia,Notebook/Netbook,Indígena,Católica,Esquerda,7-10,,,
7491,A,Minas Gerais,Tablet,Parda,Católica,Não se interessa,7-10,,,
7492,B,Rio Grande do Sul,Outro,Branca,Espírita,Não se interessa,>10,,,
7493,A,Rio Grande do Norte,Tablet,Prefiro não dizer,Agnóstico,Centro Direita,4-6,,,
7494,E,Paraíba,Notebook/Netbook,Indígena,Ateu,Não se interessa,1-3,,,
7495,A,Pará,Smartphone/Celular,Preta,Agnóstico,Extrema Esquerda,1-3,,,
7496,D,Rio Grande do Norte,Tablet,Indígena,Outras,Centro Direita,7-10,,,
7497,E,Piauí,Outro,Prefiro não dizer,Ateu,Extrema Esquerda,1-3,,,
7498,C,São Paulo,Notebook/Netbook,Preta,Ateu,Não se interessa,<1,,,
7499,C,Rio Grande do Sul,Tablet,Parda,Evangélica,Extrema Direita,>10,,,
7500,A,Rio de Janeiro,Tablet,Amarela,Judaíca,Esquerda,<1,,,
7501,C,Distrito Federal,Outro,Prefiro não dizer,Agnóstico,Esquerda,<1,,,
7502,A,Piauí,Smartphone/Celular,Branca,Ateu,Esquerda,>10,,,
7503,A,Ceará,Desktop/Computador de mesa,Branca,Espírita,Não se interessa,7-10,,,
7504,C,Rondônia,Desktop/Computador de mesa,Indígena,Católica,Extrema Esquerda,7-10,,,
7505,E,Bahia,Notebook/Netbook,Preta,Outras,Extrema Direita,1-3,,,
7506,A,Rio Grande do Sul,Tablet,Parda,Judaíca,Direita,4-6,,,
7507,A,Mato Grosso do Sul,Tablet,Preta,Outras,Não se interessa,1-3,,,
7508,C,Acre,Tablet,Branca,Espírita,Direita,<1,,,
7509,A,Roraima,Outro,Parda,Católica,Extrema Esquerda,7-10,,,
7510,A,Rondônia,Tablet,Prefiro não dizer,Outras,Extrema Direita,4-6,,,
7511,C,Pernambuco,Desktop/Computador de mesa,Parda,Evangélica,Extrema Direita,1-3,,,
7512,B,Pernambuco,Tablet,Preta,Agnóstico,Direita,4-6,,,
7513,E,São Paulo,Outro,Amarela,Espírita,Extrema Esquerda,7-10,,,
7514,D,Bahia,Smartphone/Celular,Amarela,Outras,Centro Direita,7-10,,,
7515,C,Amapá,Tablet,Indígena,Ateu,Centro,7-10,,,
7516,A,Paraíba,Smartphone/Celular,Parda,Espírita,Não se interessa,>10,,,
7517,B,Piauí,Desktop/Computador de mesa,Indígena,Evangélica,Extrema Esquerda,<1,,,
7518,B,Rondônia,Tablet,Indígena,Outras,Esquerda,>10,,,
7519,D,Sergipe,Smartphone/Celular,Preta,Agnóstico,Centro Esquerda,4-6,,,
7520,B,Roraima,Desktop/Computador de mesa,Preta,Católica,Extrema Esquerda,4-6,,,
7521,B,Paraná,Tablet,Preta,Agnóstico,Esquerda,>10,,,
7522,B,São Paulo,Outro,Preta,Outras,Não se interessa,4-6,,,
7523,B,Paraíba,Outro,Prefiro não dizer,Evangélica,Não se interessa,7-10,,,
7524,B,Amapá,Smartphone/Celular,Indígena,Judaíca,Não se interessa,<1,,,
7525,C,Ceará,Tablet,Parda,Católica,Centro Direita,4-6,,,
7526,D,Amazonas,Outro,Indígena,Evangélica,Centro Esquerda,>10,,,
7527,A,Minas Gerais,Outro,Preta,Outras,Centro Esquerda,<1,,,
7528,D,Rio de Janeiro,Outro,Branca,Judaíca,Extrema Direita,7-10,,,
7529,E,Mato Grosso,Smartphone/Celular,Branca,Judaíca,Não se interessa,>10,,,
7530,C,Espírito Santo,Desktop/Computador de mesa,Indígena,Espírita,Extrema Esquerda,<1,,,
7531,B,Distrito Federal,Outro,Amarela,Agnóstico,Direita,1-3,,,
7532,C,Rondônia,Tablet,Branca,Outras,Extrema Direita,1-3,,,
7533,A,Maranhão,Tablet,Parda,Judaíca,Centro Esquerda,1-3,,,
7534,C,Rio Grande do Norte,Notebook/Netbook,Parda,Evangélica,Centro Esquerda,<1,,,
7535,A,Paraíba,Smartphone/Celular,Parda,Agnóstico,Centro,1-3,,,
7536,A,Espírito Santo,Notebook/Netbook,Amarela,Evangélica,Não se interessa,7-10,,,
7537,E,Ceará,Tablet,Indígena,Agnóstico,Extrema Direita,4-6,,,
7538,B,Rio Grande do Norte,Smartphone/Celular,Parda,Outras,Direita,<1,,,
7539,D,Maranhão,Outro,Parda,Espírita,Não se interessa,7-10,,,
7540,D,Bahia,Notebook/Netbook,Amarela,Agnóstico,Centro Direita,4-6,,,
7541,A,Alagoas,Notebook/Netbook,Preta,Judaíca,Esquerda,>10,,,
7542,E,Ceará,Notebook/Netbook,Indígena,Católica,Extrema Esquerda,<1,,,
7543,C,Alagoas,Outro,Prefiro não dizer,Agnóstico,Direita,4-6,,,
7544,A,Paraná,Smartphone/Celular,Indígena,Espírita,Centro Direita,7-10,,,
7545,B,São Paulo,Outro,Amarela,Agnóstico,Esquerda,7-10,,,
7546,B,Acre,Tablet,Preta,Ateu,Centro Esquerda,<1,,,
7547,C,Mato Grosso,Notebook/Netbook,Parda,Judaíca,Extrema Esquerda,<1,,,
7548,B,Mato Grosso do Sul,Notebook/Netbook,Branca,Evangélica,Centro Esquerda,>10,,,
7549,D,Goiás,Tablet,Parda,Judaíca,Centro Esquerda,<1,,,
7550,D,Piauí,Tablet,Parda,Outras,Não se interessa,>10,,,
7551,E,Pará,Outro,Branca,Católica,Extrema Direita,>10,,,
7552,C,Roraima,Tablet,Parda,Católica,Centro Direita,4-6,,,
7553,C,Alagoas,Desktop/Computador de mesa,Preta,Judaíca,Não se interessa,4-6,,,
7554,A,Paraíba,Outro,Preta,Judaíca,Direita,<1,,,
7555,A,Mato Grosso,Notebook/Netbook,Amarela,Ateu,Extrema Direita,>10,,,
7556,E,Alagoas,Desktop/Computador de mesa,Branca,Judaíca,Extrema Direita,<1,,,
7557,C,Ceará,Desktop/Computador de mesa,Branca,Católica,Centro Direita,1-3,,,
7558,A,Rio Grande do Norte,Notebook/Netbook,Indígena,Judaíca,Extrema Direita,>10,,,
7559,D,Espírito Santo,Notebook/Netbook,Parda,Ateu,Extrema Esquerda,1-3,,,
7560,B,Espírito Santo,Notebook/Netbook,Prefiro não dizer,Agnóstico,Centro Esquerda,1-3,,,
7561,B,Rondônia,Smartphone/Celular,Branca,Evangélica,Centro Esquerda,7-10,,,
7562,D,Pará,Tablet,Parda,Outras,Extrema Direita,7-10,,,
7563,D,Santa Catarina,Desktop/Computador de mesa,Branca,Judaíca,Esquerda,>10,,,
7564,D,Rio Grande do Norte,Desktop/Computador de mesa,Indígena,Espírita,Esquerda,4-6,,,
7565,B,Bahia,Tablet,Prefiro não dizer,Judaíca,Direita,>10,,,
7566,C,Rio Grande do Norte,Tablet,Indígena,Evangélica,Direita,4-6,,,
7567,C,Amapá,Outro,Branca,Ateu,Centro Esquerda,>10,,,
7568,D,Paraná,Smartphone/Celular,Prefiro não dizer,Judaíca,Centro,1-3,,,
7569,A,Santa Catarina,Tablet,Indígena,Evangélica,Centro,<1,,,
7570,D,Sergipe,Desktop/Computador de mesa,Amarela,Espírita,Centro Direita,4-6,,,
7571,D,Goiás,Tablet,Indígena,Outras,Não se interessa,<1,,,
7572,C,Rio de Janeiro,Notebook/Netbook,Indígena,Católica,Centro Esquerda,<1,,,
7573,C,São Paulo,Outro,Branca,Judaíca,Extrema Direita,<1,,,
7574,A,Rio Grande do Sul,Desktop/Computador de mesa,Prefiro não dizer,Ateu,Centro Esquerda,7-10,,,
7575,E,Rondônia,Notebook/Netbook,Prefiro não dizer,Católica,Centro Esquerda,1-3,,,
7576,D,Santa Catarina,Tablet,Prefiro não dizer,Espírita,Esquerda,1-3,,,
7577,E,Amapá,Outro,Preta,Outras,Direita,4-6,,,
7578,A,Paraíba,Notebook/Netbook,Indígena,Católica,Extrema Esquerda,1-3,,,
7579,D,Espírito Santo,Tablet,Preta,Outras,Não se interessa,1-3,,,
7580,C,Paraná,Notebook/Netbook,Indígena,Agnóstico,Esquerda,1-3,,,
7581,C,Roraima,Notebook/Netbook,Indígena,Espírita,Direita,4-6,,,
7582,C,Pernambuco,Tablet,Parda,Espírita,Extrema Esquerda,1-3,,,
7583,A,Roraima,Notebook/Netbook,Prefiro não dizer,Agnóstico,Centro Esquerda,7-10,,,
7584,D,Piauí,Tablet,Branca,Outras,Não se interessa,>10,,,
7585,C,Ceará,Outro,Amarela,Evangélica,Centro Direita,>10,,,
7586,B,Amapá,Notebook/Netbook,Amarela,Evangélica,Centro Esquerda,4-6,,,
7587,B,Alagoas,Desktop/Computador de mesa,Parda,Ateu,Direita,>10,,,
7588,C,São Paulo,Notebook/Netbook,Branca,Católica,Centro,<1,,,
7589,A,Pernambuco,Desktop/Computador de mesa,Indígena,Agnóstico,Centro,7-10,,,
7590,D,Mato Grosso,Smartphone/Celular,Preta,Espírita,Centro Esquerda,7-10,,,
7591,C,Goiás,Smartphone/Celular,Amarela,Outras,Centro Direita,1-3,,,
7592,D,Minas Gerais,Tablet,Preta,Católica,Não se interessa,>10,,,
7593,B,Amapá,Desktop/Computador de mesa,Amarela,Ateu,Centro,<1,,,
7594,B,Paraíba,Tablet,Amarela,Católica,Extrema Direita,4-6,,,
7595,B,Alagoas,Notebook/Netbook,Indígena,Espírita,Extrema Esquerda,<1,,,
7596,B,Pará,Outro,Branca,Outras,Centro Direita,<1,,,
7597,E,Amazonas,Tablet,Amarela,Espírita,Centro,4-6,,,
7598,D,Rio Grande do Norte,Outro,Indígena,Judaíca,Extrema Direita,1-3,,,
7599,B,Piauí,Notebook/Netbook,Preta,Judaíca,Esquerda,1-3,,,
7600,D,Rio de Janeiro,Outro,Preta,Espírita,Não se interessa,7-10,,,
7601,C,Paraíba,Desktop/Computador de mesa,Parda,Espírita,Extrema Esquerda,1-3,,,
7602,B,Goiás,Outro,Indígena,Outras,Centro Direita,4-6,,,
7603,A,Rio Grande do Norte,Smartphone/Celular,Amarela,Evangélica,Extrema Esquerda,4-6,,,
7604,E,Acre,Desktop/Computador de mesa,Preta,Espírita,Direita,>10,,,
7605,E,Amapá,Desktop/Computador de mesa,Amarela,Ateu,Centro Esquerda,>10,,,
7606,B,Amazonas,Desktop/Computador de mesa,Prefiro não dizer,Evangélica,Não se interessa,1-3,,,
7607,B,São Paulo,Smartphone/Celular,Parda,Agnóstico,Extrema Direita,>10,,,
7608,E,Minas Gerais,Tablet,Prefiro não dizer,Outras,Centro Direita,>10,,,
7609,A,Pará,Desktop/Computador de mesa,Preta,Espírita,Centro Esquerda,>10,,,
7610,A,Bahia,Smartphone/Celular,Amarela,Católica,Centro Direita,7-10,,,
7611,E,Rio Grande do Sul,Desktop/Computador de mesa,Indígena,Ateu,Centro,4-6,,,
7612,E,Goiás,Tablet,Indígena,Outras,Extrema Esquerda,<1,,,
7613,B,Sergipe,Desktop/Computador de mesa,Indígena,Judaíca,Direita,<1,,,
7614,C,Roraima,Smartphone/Celular,Amarela,Ateu,Não se interessa,4-6,,,
7615,A,Piauí,Tablet,Parda,Judaíca,Extrema Direita,<1,,,
7616,E,Maranhão,Notebook/Netbook,Amarela,Evangélica,Extrema Esquerda,>10,,,
7617,B,Santa Catarina,Smartphone/Celular,Preta,Outras,Não se interessa,7-10,,,
7618,D,Santa Catarina,Smartphone/Celular,Parda,Católica,Não se interessa,<1,,,
7619,B,Pernambuco,Tablet,Indígena,Ateu,Centro Esquerda,4-6,,,
7620,A,Amapá,Desktop/Computador de mesa,Preta,Agnóstico,Não se interessa,4-6,,,
7621,C,Rio Grande do Sul,Desktop/Computador de mesa,Indígena,Evangélica,Extrema Esquerda,1-3,,,
7622,C,São Paulo,Notebook/Netbook,Prefiro não dizer,Judaíca,Centro Direita,>10,,,
7623,A,Paraíba,Desktop/Computador de mesa,Amarela,Judaíca,Centro Direita,7-10,,,
7624,A,Santa Catarina,Notebook/Netbook,Prefiro não dizer,Judaíca,Centro,7-10,,,
7625,A,Mato Grosso do Sul,Tablet,Preta,Judaíca,Centro Direita,>10,,,
7626,C,Roraima,Tablet,Indígena,Outras,Não se interessa,4-6,,,
7627,B,Tocantins,Desktop/Computador de mesa,Amarela,Agnóstico,Direita,<1,,,
7628,C,Pará,Desktop/Computador de mesa,Indígena,Agnóstico,Não se interessa,4-6,,,
7629,A,Alagoas,Tablet,Prefiro não dizer,Judaíca,Extrema Direita,1-3,,,
7630,D,Ceará,Smartphone/Celular,Branca,Espírita,Não se interessa,>10,,,
7631,B,Rondônia,Desktop/Computador de mesa,Parda,Católica,Direita,7-10,,,
7632,E,Mato Grosso,Desktop/Computador de mesa,Indígena,Agnóstico,Extrema Direita,<1,,,
7633,B,São Paulo,Desktop/Computador de mesa,Indígena,Outras,Direita,4-6,,,
7634,E,Goiás,Desktop/Computador de mesa,Parda,Judaíca,Centro,<1,,,
7635,D,Espírito Santo,Smartphone/Celular,Amarela,Católica,Centro,4-6,,,
7636,D,Ceará,Tablet,Amarela,Judaíca,Extrema Direita,<1,,,
7637,B,Bahia,Notebook/Netbook,Branca,Judaíca,Centro Direita,4-6,,,
7638,C,Rio de Janeiro,Desktop/Computador de mesa,Branca,Espírita,Direita,1-3,,,
7639,E,Santa Catarina,Tablet,Amarela,Evangélica,Direita,<1,,,
7640,C,Piauí,Smartphone/Celular,Branca,Evangélica,Extrema Esquerda,4-6,,,
7641,D,São Paulo,Smartphone/Celular,Prefiro não dizer,Ateu,Centro Esquerda,<1,,,
7642,C,Pará,Outro,Indígena,Evangélica,Esquerda,<1,,,
7643,A,Ceará,Desktop/Computador de mesa,Indígena,Ateu,Centro,7-10,,,
7644,B,Paraíba,Desktop/Computador de mesa,Preta,Evangélica,Não se interessa,1-3,,,
7645,D,Amapá,Tablet,Preta,Agnóstico,Centro,<1,,,
7646,A,Roraima,Outro,Prefiro não dizer,Agnóstico,Centro,4-6,,,
7647,A,Sergipe,Outro,Prefiro não dizer,Espírita,Extrema Esquerda,7-10,,,
7648,C,Alagoas,Desktop/Computador de mesa,Branca,Agnóstico,Esquerda,<1,,,
7649,E,Espírito Santo,Tablet,Indígena,Espírita,Extrema Esquerda,7-10,,,
7650,A,Ceará,Outro,Parda,Evangélica,Esquerda,1-3,,,
7651,D,Amazonas,Desktop/Computador de mesa,Prefiro não dizer,Católica,Não se interessa,<1,,,
7652,A,Ceará,Notebook/Netbook,Amarela,Ateu,Extrema Esquerda,<1,,,
7653,B,Santa Catarina,Outro,Amarela,Agnóstico,Direita,4-6,,,
7654,B,Maranhão,Smartphone/Celular,Amarela,Evangélica,Não se interessa,<1,,,
7655,A,Ceará,Tablet,Parda,Católica,Centro Esquerda,7-10,,,
7656,A,Paraíba,Outro,Preta,Ateu,Direita,7-10,,,
7657,A,Santa Catarina,Outro,Amarela,Ateu,Direita,1-3,,,
7658,E,São Paulo,Notebook/Netbook,Parda,Judaíca,Esquerda,>10,,,
7659,D,Amapá,Outro,Indígena,Agnóstico,Centro,7-10,,,
7660,D,Piauí,Smartphone/Celular,Parda,Espírita,Extrema Esquerda,<1,,,
7661,C,Amazonas,Tablet,Preta,Judaíca,Não se interessa,<1,,,
7662,E,Paraíba,Tablet,Prefiro não dizer,Agnóstico,Esquerda,>10,,,
7663,E,Espírito Santo,Notebook/Netbook,Branca,Outras,Centro Direita,1-3,,,
7664,A,Tocantins,Smartphone/Celular,Amarela,Católica,Não se interessa,1-3,,,
7665,C,Alagoas,Outro,Prefiro não dizer,Espírita,Extrema Direita,1-3,,,
7666,E,Goiás,Desktop/Computador de mesa,Amarela,Espírita,Extrema Esquerda,<1,,,
7667,C,Roraima,Tablet,Indígena,Católica,Esquerda,4-6,,,
7668,A,Santa Catarina,Outro,Amarela,Outras,Esquerda,1-3,,,
7669,E,Bahia,Notebook/Netbook,Branca,Evangélica,Direita,4-6,,,
7670,B,São Paulo,Notebook/Netbook,Amarela,Judaíca,Esquerda,7-10,,,
7671,C,Rio Grande do Norte,Outro,Amarela,Judaíca,Extrema Direita,1-3,,,
7672,C,Alagoas,Desktop/Computador de mesa,Prefiro não dizer,Ateu,Não se interessa,>10,,,
7673,A,Amazonas,Tablet,Prefiro não dizer,Outras,Extrema Esquerda,>10,,,
7674,D,Alagoas,Desktop/Computador de mesa,Branca,Espírita,Extrema Esquerda,4-6,,,
7675,D,Bahia,Smartphone/Celular,Indígena,Agnóstico,Centro Esquerda,>10,,,
7676,E,Pará,Tablet,Prefiro não dizer,Agnóstico,Esquerda,>10,,,
7677,E,Distrito Federal,Desktop/Computador de mesa,Prefiro não dizer,Judaíca,Centro Esquerda,4-6,,,
7678,B,Paraíba,Smartphone/Celular,Parda,Outras,Extrema Direita,<1,,,
7679,D,Roraima,Desktop/Computador de mesa,Amarela,Espírita,Centro Direita,4-6,,,
7680,D,Espírito Santo,Desktop/Computador de mesa,Parda,Outras,Extrema Direita,>10,,,
7681,D,Mato Grosso do Sul,Desktop/Computador de mesa,Amarela,Agnóstico,Direita,>10,,,
7682,B,Mato Grosso do Sul,Desktop/Computador de mesa,Branca,Evangélica,Centro,>10,,,
7683,A,Ceará,Desktop/Computador de mesa,Prefiro não dizer,Ateu,Centro,4-6,,,
7684,A,Amazonas,Tablet,Prefiro não dizer,Ateu,Não se interessa,4-6,,,
7685,E,Goiás,Outro,Preta,Outras,Centro Esquerda,4-6,,,
7686,A,Tocantins,Desktop/Computador de mesa,Amarela,Agnóstico,Centro Esquerda,>10,,,
7687,C,Piauí,Tablet,Branca,Outras,Extrema Direita,<1,,,
7688,E,Pará,Notebook/Netbook,Parda,Espírita,Esquerda,>10,,,
7689,B,Santa Catarina,Outro,Prefiro não dizer,Espírita,Extrema Esquerda,7-10,,,
7690,A,Rondônia,Desktop/Computador de mesa,Indígena,Agnóstico,Esquerda,4-6,,,
7691,A,Maranhão,Tablet,Parda,Católica,Centro Direita,1-3,,,
7692,A,Rio de Janeiro,Outro,Indígena,Evangélica,Não se interessa,1-3,,,
7693,E,Rondônia,Outro,Prefiro não dizer,Agnóstico,Centro Direita,>10,,,
7694,C,Piauí,Outro,Amarela,Ateu,Centro Esquerda,7-10,,,
7695,C,Pará,Notebook/Netbook,Amarela,Judaíca,Centro,<1,,,
7696,B,Alagoas,Outro,Branca,Ateu,Esquerda,>10,,,
7697,A,Rondônia,Desktop/Computador de mesa,Parda,Evangélica,Centro Esquerda,1-3,,,
7698,D,Distrito Federal,Smartphone/Celular,Parda,Católica,Extrema Direita,1-3,,,
7699,C,Roraima,Outro,Prefiro não dizer,Judaíca,Centro,4-6,,,
7700,C,Minas Gerais,Outro,Parda,Espírita,Esquerda,7-10,,,
7701,E,Sergipe,Smartphone/Celular,Parda,Outras,Não se interessa,<1,,,
7702,A,Amazonas,Smartphone/Celular,Preta,Católica,Centro,>10,,,
7703,A,Distrito Federal,Notebook/Netbook,Branca,Judaíca,Esquerda,1-3,,,
7704,D,Paraíba,Outro,Branca,Judaíca,Centro Direita,1-3,,,
7705,D,Rio Grande do Norte,Notebook/Netbook,Prefiro não dizer,Ateu,Direita,4-6,,,
7706,B,Acre,Notebook/Netbook,Prefiro não dizer,Outras,Direita,<1,,,
7707,D,Amazonas,Desktop/Computador de mesa,Amarela,Outras,Extrema Direita,>10,,,
7708,D,Bahia,Desktop/Computador de mesa,Indígena,Evangélica,Centro Direita,1-3,,,
7709,B,Amapá,Notebook/Netbook,Prefiro não dizer,Espírita,Direita,1-3,,,
7710,C,Piauí,Outro,Parda,Agnóstico,Não se interessa,>10,,,
7711,D,Acre,Outro,Branca,Agnóstico,Direita,<1,,,
7712,A,São Paulo,Desktop/Computador de mesa,Branca,Evangélica,Centro Direita,<1,,,
7713,B,Minas Gerais,Tablet,Preta,Judaíca,Direita,7-10,,,
7714,C,Paraná,Smartphone/Celular,Indígena,Evangélica,Centro,1-3,,,
7715,A,Pernambuco,Notebook/Netbook,Amarela,Agnóstico,Centro,7-10,,,
7716,B,Acre,Notebook/Netbook,Parda,Agnóstico,Extrema Esquerda,1-3,,,
7717,A,Rio de Janeiro,Desktop/Computador de mesa,Amarela,Evangélica,Centro Esquerda,7-10,,,
7718,D,Espírito Santo,Notebook/Netbook,Indígena,Judaíca,Direita,7-10,,,
7719,B,Maranhão,Tablet,Prefiro não dizer,Evangélica,Centro Esquerda,7-10,,,
7720,E,Ceará,Tablet,Amarela,Ateu,Extrema Direita,<1,,,
7721,E,Piauí,Smartphone/Celular,Indígena,Ateu,Centro Esquerda,4-6,,,
7722,A,Minas Gerais,Notebook/Netbook,Parda,Agnóstico,Centro Direita,>10,,,
7723,C,Maranhão,Smartphone/Celular,Prefiro não dizer,Espírita,Não se interessa,7-10,,,
7724,E,Bahia,Smartphone/Celular,Parda,Espírita,Esquerda,4-6,,,
7725,D,Goiás,Smartphone/Celular,Prefiro não dizer,Outras,Centro,<1,,,
7726,A,Rio Grande do Sul,Tablet,Parda,Outras,Esquerda,7-10,,,
7727,D,Goiás,Desktop/Computador de mesa,Prefiro não dizer,Outras,Centro,7-10,,,
7728,B,Amapá,Tablet,Preta,Ateu,Direita,7-10,,,
7729,D,Bahia,Smartphone/Celular,Indígena,Outras,Esquerda,<1,,,
7730,B,Pará,Desktop/Computador de mesa,Branca,Evangélica,Centro Esquerda,<1,,,
7731,E,Pará,Tablet,Branca,Outras,Extrema Direita,1-3,,,
7732,D,São Paulo,Notebook/Netbook,Branca,Católica,Centro Direita,<1,,,
7733,E,Distrito Federal,Smartphone/Celular,Indígena,Judaíca,Extrema Esquerda,>10,,,
7734,E,Acre,Smartphone/Celular,Prefiro não dizer,Espírita,Direita,>10,,,
7735,C,Maranhão,Desktop/Computador de mesa,Parda,Ateu,Centro Direita,<1,,,
7736,B,Roraima,Outro,Preta,Judaíca,Direita,4-6,,,
7737,E,Distrito Federal,Notebook/Netbook,Amarela,Ateu,Centro,7-10,,,
7738,C,Paraná,Outro,Indígena,Espírita,Centro,1-3,,,
7739,A,Sergipe,Tablet,Amarela,Judaíca,Não se interessa,7-10,,,
7740,B,Pará,Smartphone/Celular,Branca,Agnóstico,Direita,>10,,,
7741,A,Mato Grosso,Outro,Branca,Evangélica,Esquerda,4-6,,,
7742,B,Mato Grosso,Outro,Branca,Judaíca,Extrema Esquerda,1-3,,,
7743,C,Mato Grosso,Notebook/Netbook,Parda,Católica,Centro Direita,<1,,,
7744,B,Piauí,Notebook/Netbook,Branca,Judaíca,Centro Direita,1-3,,,
7745,E,Ceará,Smartphone/Celular,Preta,Ateu,Direita,>10,,,
7746,E,Rio Grande do Norte,Smartphone/Celular,Indígena,Evangélica,Esquerda,4-6,,,
7747,D,Mato Grosso do Sul,Desktop/Computador de mesa,Branca,Católica,Extrema Esquerda,7-10,,,
7748,E,Paraná,Tablet,Indígena,Evangélica,Centro,>10,,,
7749,C,Paraíba,Outro,Branca,Espírita,Centro Esquerda,7-10,,,
7750,D,Tocantins,Notebook/Netbook,Preta,Católica,Centro,1-3,,,
7751,D,Rio Grande do Sul,Outro,Amarela,Ateu,Centro Direita,>10,,,
7752,A,Santa Catarina,Desktop/Computador de mesa,Branca,Judaíca,Direita,4-6,,,
7753,A,Minas Gerais,Outro,Branca,Católica,Centro Esquerda,1-3,,,
7754,A,Ceará,Outro,Parda,Espírita,Centro,4-6,,,
7755,D,Minas Gerais,Outro,Indígena,Espírita,Esquerda,1-3,,,
7756,A,Distrito Federal,Outro,Prefiro não dizer,Católica,Extrema Esquerda,1-3,,,
7757,E,Goiás,Desktop/Computador de mesa,Indígena,Evangélica,Centro Esquerda,>10,,,
7758,C,Rondônia,Notebook/Netbook,Indígena,Ateu,Direita,4-6,,,
7759,B,Maranhão,Tablet,Indígena,Evangélica,Extrema Esquerda,<1,,,
7760,A,Mato Grosso,Outro,Branca,Católica,Centro Direita,7-10,,,
7761,E,Espírito Santo,Notebook/Netbook,Amarela,Evangélica,Não se interessa,7-10,,,
7762,D,Goiás,Tablet,Prefiro não dizer,Outras,Direita,>10,,,
7763,B,Rondônia,Tablet,Branca,Ateu,Direita,7-10,,,
7764,E,Rio Grande do Sul,Desktop/Computador de mesa,Indígena,Evangélica,Centro Direita,7-10,,,
7765,C,Rio Grande do Sul,Notebook/Netbook,Indígena,Evangélica,Centro Direita,>10,,,
7766,A,Paraíba,Desktop/Computador de mesa,Preta,Outras,Não se interessa,1-3,,,
7767,B,Acre,Notebook/Netbook,Indígena,Espírita,Extrema Esquerda,1-3,,,
7768,E,Mato Grosso,Outro,Prefiro não dizer,Agnóstico,Não se interessa,7-10,,,
7769,B,Maranhão,Desktop/Computador de mesa,Branca,Evangélica,Centro Esquerda,>10,,,
7770,C,Tocantins,Notebook/Netbook,Prefiro não dizer,Ateu,Não se interessa,1-3,,,
7771,B,Rio de Janeiro,Desktop/Computador de mesa,Prefiro não dizer,Agnóstico,Esquerda,<1,,,
7772,C,Goiás,Notebook/Netbook,Branca,Judaíca,Extrema Direita,7-10,,,
7773,C,Mato Grosso,Desktop/Computador de mesa,Preta,Ateu,Centro,7-10,,,
7774,A,São Paulo,Outro,Parda,Agnóstico,Centro Direita,>10,,,
7775,A,Paraná,Smartphone/Celular,Preta,Espírita,Não se interessa,7-10,,,
7776,A,Minas Gerais,Tablet,Parda,Evangélica,Centro,<1,,,
7777,B,Alagoas,Desktop/Computador de mesa,Amarela,Judaíca,Extrema Direita,>10,,,
7778,D,Mato Grosso,Outro,Parda,Ateu,Extrema Direita,<1,,,
7779,A,Sergipe,Notebook/Netbook,Amarela,Judaíca,Extrema Esquerda,4-6,,,
7780,D,São Paulo,Desktop/Computador de mesa,Branca,Agnóstico,Não se interessa,1-3,,,
7781,B,Tocantins,Tablet,Amarela,Agnóstico,Não se interessa,1-3,,,
7782,D,Mato Grosso,Smartphone/Celular,Branca,Ateu,Centro Direita,>10,,,
7783,D,São Paulo,Desktop/Computador de mesa,Branca,Outras,Esquerda,>10,,,
7784,E,Ceará,Desktop/Computador de mesa,Indígena,Judaíca,Centro Direita,<1,,,
7785,D,Amazonas,Desktop/Computador de mesa,Prefiro não dizer,Espírita,Extrema Direita,7-10,,,
7786,E,Sergipe,Desktop/Computador de mesa,Prefiro não dizer,Espírita,Extrema Direita,4-6,,,
7787,A,São Paulo,Desktop/Computador de mesa,Branca,Espírita,Centro,>10,,,
7788,D,Rio Grande do Norte,Tablet,Branca,Ateu,Extrema Esquerda,<1,,,
7789,E,Rio Grande do Sul,Tablet,Indígena,Ateu,Extrema Esquerda,>10,,,
7790,E,Amazonas,Tablet,Parda,Evangélica,Centro,<1,,,
7791,E,Pará,Notebook/Netbook,Parda,Judaíca,Centro,<1,,,
7792,D,Minas Gerais,Notebook/Netbook,Branca,Católica,Não se interessa,<1,,,
7793,E,Maranhão,Outro,Indígena,Agnóstico,Centro,4-6,,,
7794,C,Roraima,Tablet,Branca,Evangélica,Extrema Esquerda,1-3,,,
7795,A,Tocantins,Desktop/Computador de mesa,Branca,Evangélica,Direita,7-10,,,
7796,B,Maranhão,Notebook/Netbook,Preta,Agnóstico,Centro Esquerda,7-10,,,
7797,C,Paraná,Tablet,Amarela,Evangélica,Direita,7-10,,,
7798,D,Rio de Janeiro,Tablet,Indígena,Católica,Não se interessa,4-6,,,
7799,B,Paraná,Smartphone/Celular,Indígena,Outras,Esquerda,>10,,,
7800,C,Acre,Smartphone/Celular,Amarela,Outras,Centro,1-3,,,
7801,D,Roraima,Desktop/Computador de mesa,Preta,Agnóstico,Direita,>10,,,
7802,C,Maranhão,Tablet,Preta,Evangélica,Esquerda,4-6,,,
7803,D,Mato Grosso,Tablet,Parda,Espírita,Não se interessa,4-6,,,
7804,A,Rio de Janeiro,Smartphone/Celular,Prefiro não dizer,Católica,Direita,>10,,,
7805,E,Alagoas,Notebook/Netbook,Parda,Judaíca,Centro,1-3,,,
7806,B,Tocantins,Notebook/Netbook,Branca,Ateu,Direita,7-10,,,
7807,B,Maranhão,Notebook/Netbook,Parda,Ateu,Centro Esquerda,<1,,,
7808,B,Mato Grosso,Smartphone/Celular,Preta,Ateu,Centro,4-6,,,
7809,E,Paraíba,Smartphone/Celular,Indígena,Agnóstico,Esquerda,>10,,,
7810,E,Amazonas,Tablet,Branca,Judaíca,Centro Esquerda,7-10,,,
7811,D,Amazonas,Desktop/Computador de mesa,Branca,Agnóstico,Centro,4-6,,,
7812,D,Pernambuco,Tablet,Indígena,Agnóstico,Extrema Esquerda,7-10,,,
7813,A,Paraná,Tablet,Preta,Evangélica,Extrema Esquerda,<1,,,
7814,E,Rondônia,Tablet,Indígena,Agnóstico,Centro Esquerda,4-6,,,
7815,D,Acre,Smartphone/Celular,Indígena,Judaíca,Não se interessa,7-10,,,
7816,B,Sergipe,Outro,Amarela,Judaíca,Centro,7-10,,,
7817,E,Maranhão,Notebook/Netbook,Parda,Outras,Centro Direita,4-6,,,
7818,B,Amapá,Desktop/Computador de mesa,Parda,Católica,Centro,4-6,,,
7819,C,Piauí,Notebook/Netbook,Parda,Evangélica,Esquerda,>10,,,
7820,D,Amapá,Desktop/Computador de mesa,Parda,Ateu,Centro Direita,1-3,,,
7821,D,Piauí,Tablet,Amarela,Católica,Direita,1-3,,,
7822,C,Amazonas,Desktop/Computador de mesa,Indígena,Espírita,Centro Direita,7-10,,,
7823,C,Distrito Federal,Notebook/Netbook,Preta,Ateu,Direita,1-3,,,
7824,C,Roraima,Outro,Amarela,Evangélica,Centro Direita,4-6,,,
7825,E,Amapá,Notebook/Netbook,Preta,Evangélica,Direita,<1,,,
7826,B,Tocantins,Desktop/Computador de mesa,Preta,Espírita,Direita,4-6,,,
7827,E,Ceará,Outro,Parda,Outras,Esquerda,7-10,,,
7828,D,Paraíba,Tablet,Preta,Católica,Não se interessa,4-6,,,
7829,E,São Paulo,Outro,Indígena,Espírita,Extrema Esquerda,<1,,,
7830,C,Rio Grande do Norte,Smartphone/Celular,Indígena,Ateu,Extrema Esquerda,>10,,,
7831,D,Paraíba,Notebook/Netbook,Prefiro não dizer,Espírita,Centro,1-3,,,
7832,B,Maranhão,Desktop/Computador de mesa,Prefiro não dizer,Evangélica,Centro Esquerda,>10,,,
7833,A,Espírito Santo,Desktop/Computador de mesa,Prefiro não dizer,Agnóstico,Direita,<1,,,
7834,C,Ceará,Smartphone/Celular,Branca,Católica,Extrema Esquerda,<1,,,
7835,A,Amapá,Desktop/Computador de mesa,Branca,Ateu,Extrema Esquerda,1-3,,,
7836,E,São Paulo,Smartphone/Celular,Amarela,Agnóstico,Extrema Direita,7-10,,,
7837,C,Ceará,Outro,Prefiro não dizer,Agnóstico,Não se interessa,1-3,,,
7838,D,Distrito Federal,Notebook/Netbook,Parda,Agnóstico,Centro Direita,1-3,,,
7839,E,Alagoas,Smartphone/Celular,Prefiro não dizer,Ateu,Extrema Esquerda,1-3,,,
7840,B,Santa Catarina,Notebook/Netbook,Parda,Outras,Extrema Esquerda,7-10,,,
7841,A,Pará,Desktop/Computador de mesa,Parda,Agnóstico,Extrema Direita,7-10,,,
7842,D,Distrito Federal,Notebook/Netbook,Amarela,Agnóstico,Centro Esquerda,>10,,,
7843,D,Mato Grosso,Outro,Indígena,Ateu,Centro,4-6,,,
7844,D,Piauí,Desktop/Computador de mesa,Prefiro não dizer,Agnóstico,Direita,7-10,,,
7845,D,Santa Catarina,Notebook/Netbook,Indígena,Agnóstico,Extrema Esquerda,7-10,,,
7846,D,Tocantins,Tablet,Prefiro não dizer,Judaíca,Centro Esquerda,>10,,,
7847,A,Amapá,Outro,Prefiro não dizer,Católica,Direita,7-10,,,
7848,E,Distrito Federal,Smartphone/Celular,Indígena,Agnóstico,Direita,7-10,,,
7849,A,Rio Grande do Sul,Outro,Parda,Outras,Extrema Direita,4-6,,,
7850,C,Paraná,Desktop/Computador de mesa,Amarela,Espírita,Direita,<1,,,
7851,B,Minas Gerais,Tablet,Preta,Judaíca,Centro Direita,7-10,,,
7852,E,Paraná,Tablet,Branca,Outras,Direita,4-6,,,
7853,E,Rio Grande do Norte,Notebook/Netbook,Indígena,Judaíca,Centro Direita,1-3,,,
7854,C,Paraíba,Outro,Preta,Evangélica,Esquerda,<1,,,
7855,E,Pará,Desktop/Computador de mesa,Parda,Agnóstico,Centro Direita,1-3,,,
7856,D,Maranhão,Outro,Prefiro não dizer,Agnóstico,Direita,4-6,,,
7857,C,Goiás,Notebook/Netbook,Amarela,Católica,Esquerda,1-3,,,
7858,D,Piauí,Outro,Parda,Judaíca,Centro,>10,,,
7859,D,Santa Catarina,Notebook/Netbook,Prefiro não dizer,Católica,Centro Esquerda,<1,,,
7860,E,Sergipe,Notebook/Netbook,Preta,Agnóstico,Esquerda,<1,,,
7861,E,Pernambuco,Tablet,Indígena,Espírita,Extrema Esquerda,>10,,,
7862,B,Bahia,Tablet,Indígena,Agnóstico,Extrema Esquerda,<1,,,
7863,C,Espírito Santo,Smartphone/Celular,Branca,Espírita,Extrema Esquerda,<1,,,
7864,D,Acre,Outro,Prefiro não dizer,Outras,Direita,7-10,,,
7865,D,São Paulo,Outro,Prefiro não dizer,Evangélica,Centro Direita,4-6,,,
7866,B,Paraná,Outro,Indígena,Judaíca,Centro Esquerda,7-10,,,
7867,D,Minas Gerais,Notebook/Netbook,Indígena,Judaíca,Centro Direita,<1,,,
7868,A,Amapá,Desktop/Computador de mesa,Prefiro não dizer,Católica,Extrema Direita,7-10,,,
7869,B,Minas Gerais,Tablet,Preta,Espírita,Direita,7-10,,,
7870,B,Mato Grosso,Notebook/Netbook,Parda,Agnóstico,Esquerda,1-3,,,
7871,D,Ceará,Smartphone/Celular,Preta,Ateu,Centro,4-6,,,
7872,D,Amapá,Tablet,Parda,Católica,Esquerda,7-10,,,
7873,D,Paraná,Outro,Prefiro não dizer,Judaíca,Direita,>10,,,
7874,D,Minas Gerais,Notebook/Netbook,Parda,Espírita,Centro,>10,,,
7875,B,Mato Grosso do Sul,Desktop/Computador de mesa,Amarela,Outras,Extrema Direita,<1,,,
7876,B,Pernambuco,Notebook/Netbook,Preta,Evangélica,Centro Direita,>10,,,
7877,B,Roraima,Tablet,Branca,Espírita,Esquerda,>10,,,
7878,B,Roraima,Tablet,Amarela,Espírita,Centro,4-6,,,
7879,D,São Paulo,Tablet,Preta,Católica,Esquerda,>10,,,
7880,E,Goiás,Notebook/Netbook,Preta,Outras,Esquerda,1-3,,,
7881,C,Rio Grande do Norte,Tablet,Branca,Outras,Extrema Direita,>10,,,
7882,E,Sergipe,Smartphone/Celular,Preta,Evangélica,Centro Esquerda,>10,,,
7883,B,São Paulo,Tablet,Indígena,Agnóstico,Centro,7-10,,,
7884,B,Pernambuco,Notebook/Netbook,Prefiro não dizer,Católica,Extrema Direita,4-6,,,
7885,B,Rio de Janeiro,Desktop/Computador de mesa,Indígena,Evangélica,Não se interessa,7-10,,,
7886,B,Distrito Federal,Notebook/Netbook,Branca,Agnóstico,Extrema Esquerda,<1,,,
7887,A,Espírito Santo,Tablet,Branca,Ateu,Centro,1-3,,,
7888,B,Maranhão,Desktop/Computador de mesa,Parda,Outras,Extrema Direita,>10,,,
7889,A,Roraima,Notebook/Netbook,Preta,Católica,Esquerda,>10,,,
7890,E,Distrito Federal,Desktop/Computador de mesa,Prefiro não dizer,Evangélica,Direita,7-10,,,
7891,D,Rio de Janeiro,Notebook/Netbook,Prefiro não dizer,Ateu,Centro Esquerda,<1,,,
7892,E,Santa Catarina,Outro,Parda,Evangélica,Direita,>10,,,
7893,E,Rondônia,Outro,Preta,Outras,Direita,4-6,,,
7894,A,Goiás,Notebook/Netbook,Parda,Espírita,Esquerda,4-6,,,
7895,E,Pará,Tablet,Preta,Católica,Centro Esquerda,4-6,,,
7896,C,Alagoas,Tablet,Preta,Evangélica,Não se interessa,>10,,,
7897,B,Rio Grande do Sul,Notebook/Netbook,Preta,Agnóstico,Esquerda,>10,,,
7898,D,Alagoas,Outro,Branca,Espírita,Não se interessa,7-10,,,
7899,A,Ceará,Notebook/Netbook,Branca,Judaíca,Não se interessa,4-6,,,
7900,D,Santa Catarina,Smartphone/Celular,Parda,Ateu,Centro,4-6,,,
7901,E,Goiás,Notebook/Netbook,Parda,Judaíca,Centro Esquerda,1-3,,,
7902,B,Amazonas,Outro,Prefiro não dizer,Ateu,Direita,>10,,,
7903,D,Acre,Notebook/Netbook,Indígena,Outras,Centro Esquerda,<1,,,
7904,B,Mato Grosso do Sul,Smartphone/Celular,Amarela,Judaíca,Extrema Direita,>10,,,
7905,B,Distrito Federal,Tablet,Prefiro não dizer,Católica,Direita,>10,,,
7906,A,Rondônia,Tablet,Parda,Evangélica,Centro Direita,1-3,,,
7907,E,Goiás,Outro,Indígena,Ateu,Não se interessa,1-3,,,
7908,C,Mato Grosso do Sul,Desktop/Computador de mesa,Amarela,Evangélica,Extrema Esquerda,1-3,,,
7909,E,Amapá,Tablet,Preta,Agnóstico,Centro Esquerda,<1,,,
7910,A,Sergipe,Smartphone/Celular,Preta,Espírita,Não se interessa,>10,,,
7911,D,Pernambuco,Desktop/Computador de mesa,Amarela,Outras,Centro Esquerda,7-10,,,
7912,B,Goiás,Tablet,Parda,Espírita,Extrema Esquerda,4-6,,,
7913,A,Acre,Notebook/Netbook,Parda,Espírita,Esquerda,>10,,,
7914,D,Goiás,Smartphone/Celular,Preta,Católica,Centro,7-10,,,
7915,A,Roraima,Tablet,Indígena,Católica,Centro,7-10,,,
7916,E,Espírito Santo,Tablet,Amarela,Espírita,Direita,<1,,,
7917,D,Ceará,Desktop/Computador de mesa,Prefiro não dizer,Católica,Centro Direita,>10,,,
7918,D,Rio Grande do Norte,Smartphone/Celular,Branca,Católica,Esquerda,>10,,,
7919,D,Pará,Tablet,Indígena,Espírita,Centro Direita,1-3,,,
7920,E,Distrito Federal,Tablet,Prefiro não dizer,Católica,Extrema Esquerda,>10,,,
7921,A,Bahia,Tablet,Indígena,Evangélica,Centro Direita,<1,,,
7922,A,Distrito Federal,Outro,Branca,Outras,Centro Direita,7-10,,,
7923,C,Bahia,Desktop/Computador de mesa,Indígena,Outras,Extrema Esquerda,7-10,,,
7924,E,Maranhão,Outro,Preta,Ateu,Centro Direita,>10,,,
7925,C,São Paulo,Tablet,Amarela,Outras,Direita,1-3,,,
7926,E,Acre,Outro,Branca,Espírita,Extrema Direita,>10,,,
7927,A,Bahia,Outro,Prefiro não dizer,Ateu,Centro Esquerda,>10,,,
7928,A,Rio Grande do Norte,Outro,Amarela,Judaíca,Direita,>10,,,
7929,C,Rio Grande do Norte,Outro,Preta,Espírita,Centro Direita,7-10,,,
7930,D,Espírito Santo,Smartphone/Celular,Branca,Outras,Centro Direita,7-10,,,
7931,E,Mato Grosso do Sul,Smartphone/Celular,Prefiro não dizer,Evangélica,Centro,>10,,,
7932,A,Mato Grosso,Notebook/Netbook,Parda,Outras,Direita,4-6,,,
7933,E,Amapá,Smartphone/Celular,Branca,Espírita,Extrema Esquerda,<1,,,
7934,D,Pará,Tablet,Prefiro não dizer,Católica,Centro Direita,>10,,,
7935,A,Distrito Federal,Notebook/Netbook,Parda,Ateu,Esquerda,1-3,,,
7936,A,Mato Grosso do Sul,Outro,Prefiro não dizer,Outras,Direita,1-3,,,
7937,B,Santa Catarina,Outro,Parda,Judaíca,Extrema Esquerda,>10,,,
7938,C,Minas Gerais,Smartphone/Celular,Amarela,Judaíca,Esquerda,4-6,,,
7939,E,Pernambuco,Tablet,Parda,Ateu,Esquerda,7-10,,,
7940,D,Rio de Janeiro,Outro,Indígena,Outras,Direita,>10,,,
7941,C,São Paulo,Outro,Preta,Outras,Extrema Direita,4-6,,,
7942,D,Pernambuco,Notebook/Netbook,Amarela,Outras,Extrema Direita,4-6,,,
7943,B,Minas Gerais,Notebook/Netbook,Amarela,Espírita,Direita,<1,,,
7944,A,Goiás,Tablet,Parda,Agnóstico,Extrema Direita,4-6,,,
7945,C,Maranhão,Desktop/Computador de mesa,Indígena,Agnóstico,Centro Esquerda,>10,,,
7946,A,Minas Gerais,Smartphone/Celular,Parda,Judaíca,Centro,1-3,,,
7947,C,Distrito Federal,Notebook/Netbook,Preta,Ateu,Não se interessa,<1,,,
7948,E,Amapá,Desktop/Computador de mesa,Branca,Espírita,Extrema Direita,4-6,,,
7949,D,Minas Gerais,Smartphone/Celular,Amarela,Católica,Centro Esquerda,4-6,,,
7950,D,Paraná,Smartphone/Celular,Amarela,Outras,Direita,>10,,,
7951,D,Rio Grande do Sul,Smartphone/Celular,Amarela,Evangélica,Centro,>10,,,
7952,E,Mato Grosso,Notebook/Netbook,Prefiro não dizer,Evangélica,Centro Direita,1-3,,,
7953,C,Rondônia,Desktop/Computador de mesa,Amarela,Evangélica,Centro Direita,<1,,,
7954,D,Rio Grande do Norte,Outro,Amarela,Outras,Centro Direita,1-3,,,
7955,C,Sergipe,Desktop/Computador de mesa,Indígena,Judaíca,Esquerda,1-3,,,
7956,D,Tocantins,Notebook/Netbook,Preta,Judaíca,Centro Esquerda,>10,,,
7957,E,Distrito Federal,Smartphone/Celular,Preta,Outras,Esquerda,1-3,,,
7958,A,Minas Gerais,Notebook/Netbook,Branca,Agnóstico,Extrema Direita,7-10,,,
7959,B,Pernambuco,Outro,Indígena,Agnóstico,Direita,>10,,,
7960,B,Mato Grosso,Outro,Preta,Ateu,Centro Direita,1-3,,,
7961,B,Santa Catarina,Outro,Amarela,Católica,Centro Esquerda,7-10,,,
7962,C,Santa Catarina,Smartphone/Celular,Indígena,Ateu,Não se interessa,>10,,,
7963,A,Sergipe,Tablet,Amarela,Judaíca,Centro Direita,4-6,,,
7964,A,Tocantins,Tablet,Branca,Católica,Não se interessa,7-10,,,
7965,B,Mato Grosso,Outro,Indígena,Ateu,Extrema Direita,1-3,,,
7966,B,Rio de Janeiro,Outro,Branca,Evangélica,Direita,7-10,,,
7967,C,Rondônia,Notebook/Netbook,Parda,Espírita,Centro,1-3,,,
7968,E,São Paulo,Tablet,Amarela,Outras,Centro Esquerda,1-3,,,
7969,A,São Paulo,Smartphone/Celular,Preta,Espírita,Esquerda,1-3,,,
7970,C,Amazonas,Outro,Prefiro não dizer,Ateu,Centro,4-6,,,
7971,C,Alagoas,Notebook/Netbook,Parda,Judaíca,Não se interessa,>10,,,
7972,B,Paraná,Desktop/Computador de mesa,Branca,Agnóstico,Centro Direita,7-10,,,
7973,A,Paraná,Smartphone/Celular,Parda,Ateu,Direita,>10,,,
7974,A,Espírito Santo,Notebook/Netbook,Amarela,Evangélica,Centro,1-3,,,
7975,D,Maranhão,Tablet,Indígena,Católica,Não se interessa,7-10,,,
7976,E,Amazonas,Notebook/Netbook,Preta,Católica,Direita,4-6,,,
7977,A,Pará,Smartphone/Celular,Prefiro não dizer,Judaíca,Centro,7-10,,,
7978,B,Espírito Santo,Notebook/Netbook,Parda,Outras,Extrema Direita,<1,,,
7979,A,Minas Gerais,Desktop/Computador de mesa,Preta,Espírita,Centro Direita,<1,,,
7980,B,Minas Gerais,Smartphone/Celular,Indígena,Judaíca,Centro Esquerda,>10,,,
7981,B,Rondônia,Outro,Parda,Católica,Centro Direita,4-6,,,
7982,B,Pernambuco,Notebook/Netbook,Parda,Ateu,Extrema Direita,1-3,,,
7983,D,Santa Catarina,Tablet,Parda,Espírita,Direita,7-10,,,
7984,A,Rio Grande do Sul,Outro,Prefiro não dizer,Ateu,Centro Esquerda,>10,,,
7985,B,Amazonas,Desktop/Computador de mesa,Indígena,Agnóstico,Não se interessa,4-6,,,
7986,B,Roraima,Smartphone/Celular,Amarela,Evangélica,Centro,4-6,,,
7987,D,Mato Grosso do Sul,Smartphone/Celular,Preta,Evangélica,Esquerda,7-10,,,
7988,E,Amapá,Notebook/Netbook,Indígena,Judaíca,Extrema Esquerda,7-10,,,
7989,A,Pará,Notebook/Netbook,Preta,Ateu,Esquerda,4-6,,,
7990,C,Rio de Janeiro,Outro,Branca,Espírita,Não se interessa,7-10,,,
7991,E,Amazonas,Smartphone/Celular,Prefiro não dizer,Outras,Não se interessa,7-10,,,
7992,E,Santa Catarina,Smartphone/Celular,Preta,Católica,Centro Esquerda,>10,,,
7993,A,Rio Grande do Norte,Outro,Prefiro não dizer,Ateu,Centro,<1,,,
7994,E,Mato Grosso,Smartphone/Celular,Amarela,Judaíca,Centro Esquerda,>10,,,
7995,D,Santa Catarina,Desktop/Computador de mesa,Parda,Evangélica,Extrema Esquerda,>10,,,
7996,D,Tocantins,Notebook/Netbook,Preta,Católica,Não se interessa,4-6,,,
7997,A,Santa Catarina,Desktop/Computador de mesa,Parda,Evangélica,Extrema Direita,>10,,,
7998,E,Sergipe,Smartphone/Celular,Prefiro não dizer,Ateu,Centro,4-6,,,
7999,C,Minas Gerais,Desktop/Computador de mesa,Amarela,Agnóstico,Extrema Esquerda,<1,,,
8000,D,Pará,Smartphone/Celular,Amarela,Agnóstico,Extrema Esquerda,>10,,,
8001,D,Acre,Outro,Indígena,Ateu,Direita,7-10,,,
8002,D,Bahia,Tablet,Branca,Agnóstico,Centro,>10,,,
8003,A,Rio de Janeiro,Tablet,Branca,Judaíca,Esquerda,7-10,,,
8004,B,Sergipe,Tablet,Indígena,Evangélica,Centro,<1,,,
8005,C,Rio Grande do Sul,Desktop/Computador de mesa,Prefiro não dizer,Ateu,Extrema Esquerda,<1,,,
8006,D,Amazonas,Tablet,Amarela,Judaíca,Centro,>10,,,
8007,C,Pará,Outro,Preta,Espírita,Extrema Direita,>10,,,
8008,B,Distrito Federal,Tablet,Parda,Outras,Direita,7-10,,,
8009,A,Piauí,Desktop/Computador de mesa,Amarela,Outras,Extrema Esquerda,4-6,,,
8010,C,Rio Grande do Norte,Notebook/Netbook,Parda,Espírita,Centro Direita,1-3,,,
8011,C,Bahia,Outro,Preta,Evangélica,Esquerda,1-3,,,
8012,B,São Paulo,Notebook/Netbook,Indígena,Católica,Extrema Direita,>10,,,
8013,A,Rio de Janeiro,Desktop/Computador de mesa,Preta,Agnóstico,Esquerda,1-3,,,
8014,D,Mato Grosso do Sul,Desktop/Computador de mesa,Parda,Ateu,Extrema Esquerda,4-6,,,
8015,E,Piauí,Outro,Parda,Outras,Extrema Direita,1-3,,,
8016,D,Mato Grosso do Sul,Outro,Indígena,Espírita,Centro Esquerda,7-10,,,
8017,B,Tocantins,Outro,Prefiro não dizer,Agnóstico,Centro Direita,>10,,,
8018,E,Bahia,Desktop/Computador de mesa,Branca,Outras,Centro,>10,,,
8019,D,Minas Gerais,Smartphone/Celular,Indígena,Outras,Extrema Esquerda,1-3,,,
8020,B,Mato Grosso do Sul,Notebook/Netbook,Branca,Evangélica,Centro,>10,,,
8021,A,Sergipe,Notebook/Netbook,Preta,Agnóstico,Centro Direita,7-10,,,
8022,C,Roraima,Tablet,Preta,Evangélica,Centro Esquerda,>10,,,
8023,D,Santa Catarina,Tablet,Branca,Ateu,Centro,1-3,,,
8024,B,Espírito Santo,Smartphone/Celular,Preta,Católica,Esquerda,>10,,,
8025,D,Amazonas,Tablet,Prefiro não dizer,Ateu,Extrema Direita,<1,,,
8026,A,Pará,Tablet,Amarela,Espírita,Centro Esquerda,1-3,,,
8027,D,Minas Gerais,Outro,Indígena,Católica,Extrema Esquerda,7-10,,,
8028,C,Rio de Janeiro,Smartphone/Celular,Indígena,Judaíca,Centro,7-10,,,
8029,D,Distrito Federal,Notebook/Netbook,Prefiro não dizer,Judaíca,Centro Esquerda,<1,,,
8030,C,Goiás,Tablet,Preta,Judaíca,Centro Esquerda,>10,,,
8031,B,Paraná,Notebook/Netbook,Prefiro não dizer,Ateu,Extrema Esquerda,7-10,,,
8032,B,Goiás,Outro,Prefiro não dizer,Agnóstico,Centro Direita,7-10,,,
8033,C,Mato Grosso,Notebook/Netbook,Preta,Judaíca,Esquerda,4-6,,,
8034,D,Mato Grosso do Sul,Notebook/Netbook,Parda,Espírita,Extrema Esquerda,1-3,,,
8035,E,Distrito Federal,Outro,Branca,Outras,Direita,7-10,,,
8036,D,Acre,Outro,Indígena,Outras,Centro Esquerda,<1,,,
8037,E,Bahia,Desktop/Computador de mesa,Branca,Evangélica,Não se interessa,7-10,,,
8038,C,Rondônia,Outro,Branca,Outras,Direita,1-3,,,
8039,E,Paraná,Desktop/Computador de mesa,Preta,Católica,Centro Esquerda,<1,,,
8040,A,Acre,Outro,Preta,Agnóstico,Direita,<1,,,
8041,A,Pernambuco,Desktop/Computador de mesa,Indígena,Ateu,Extrema Direita,7-10,,,
8042,C,Paraíba,Notebook/Netbook,Branca,Católica,Extrema Direita,<1,,,
8043,D,Acre,Tablet,Parda,Outras,Extrema Esquerda,<1,,,
8044,D,Ceará,Desktop/Computador de mesa,Preta,Judaíca,Extrema Esquerda,7-10,,,
8045,B,Amazonas,Smartphone/Celular,Amarela,Católica,Não se interessa,4-6,,,
8046,E,Espírito Santo,Smartphone/Celular,Indígena,Outras,Centro,<1,,,
8047,B,Pernambuco,Outro,Parda,Judaíca,Centro,1-3,,,
8048,E,Sergipe,Desktop/Computador de mesa,Indígena,Evangélica,Esquerda,<1,,,
8049,B,Acre,Desktop/Computador de mesa,Parda,Judaíca,Extrema Direita,1-3,,,
8050,D,São Paulo,Notebook/Netbook,Preta,Ateu,Centro,>10,,,
8051,D,Alagoas,Outro,Amarela,Evangélica,Centro,>10,,,
8052,B,Sergipe,Smartphone/Celular,Parda,Espírita,Extrema Esquerda,7-10,,,
8053,B,Pará,Tablet,Branca,Outras,Direita,>10,,,
8054,C,Goiás,Tablet,Preta,Agnóstico,Centro,4-6,,,
8055,E,Minas Gerais,Smartphone/Celular,Branca,Judaíca,Centro,>10,,,
8056,E,Maranhão,Desktop/Computador de mesa,Branca,Ateu,Centro Esquerda,>10,,,
8057,E,Espírito Santo,Desktop/Computador de mesa,Amarela,Judaíca,Esquerda,1-3,,,
8058,D,Minas Gerais,Desktop/Computador de mesa,Amarela,Ateu,Centro Esquerda,4-6,,,
8059,E,Amapá,Smartphone/Celular,Preta,Agnóstico,Centro Direita,4-6,,,
8060,E,São Paulo,Smartphone/Celular,Parda,Outras,Extrema Esquerda,4-6,,,
8061,E,Paraná,Outro,Prefiro não dizer,Agnóstico,Direita,<1,,,
8062,A,Rio Grande do Norte,Outro,Amarela,Outras,Não se interessa,<1,,,
8063,D,Mato Grosso do Sul,Tablet,Indígena,Católica,Não se interessa,7-10,,,
8064,C,Amapá,Desktop/Computador de mesa,Parda,Católica,Não se interessa,4-6,,,
8065,B,Rondônia,Tablet,Amarela,Evangélica,Centro,1-3,,,
8066,C,Piauí,Tablet,Indígena,Ateu,Centro Direita,>10,,,
8067,A,Rio Grande do Sul,Notebook/Netbook,Preta,Evangélica,Extrema Esquerda,1-3,,,
8068,B,Maranhão,Tablet,Prefiro não dizer,Espírita,Extrema Direita,<1,,,
8069,D,Goiás,Tablet,Indígena,Evangélica,Não se interessa,1-3,,,
8070,D,Mato Grosso do Sul,Desktop/Computador de mesa,Parda,Agnóstico,Centro Direita,7-10,,,
8071,D,Bahia,Tablet,Parda,Outras,Centro,<1,,,
8072,C,Rio Grande do Sul,Outro,Branca,Agnóstico,Direita,<1,,,
8073,B,Piauí,Desktop/Computador de mesa,Indígena,Evangélica,Não se interessa,7-10,,,
8074,E,Pará,Desktop/Computador de mesa,Preta,Ateu,Extrema Esquerda,7-10,,,
8075,C,Rio Grande do Norte,Outro,Parda,Ateu,Extrema Esquerda,1-3,,,
8076,E,Maranhão,Notebook/Netbook,Prefiro não dizer,Agnóstico,Esquerda,<1,,,
8077,B,São Paulo,Outro,Preta,Agnóstico,Esquerda,1-3,,,
8078,B,Pernambuco,Outro,Prefiro não dizer,Ateu,Centro,>10,,,
8079,C,Rio Grande do Sul,Smartphone/Celular,Preta,Judaíca,Centro Direita,4-6,,,
8080,C,Santa Catarina,Notebook/Netbook,Indígena,Evangélica,Não se interessa,4-6,,,
8081,A,Espírito Santo,Notebook/Netbook,Preta,Outras,Direita,4-6,,,
8082,D,Rondônia,Tablet,Amarela,Agnóstico,Extrema Esquerda,4-6,,,
8083,B,Amazonas,Notebook/Netbook,Amarela,Judaíca,Centro,1-3,,,
8084,B,São Paulo,Notebook/Netbook,Branca,Espírita,Esquerda,4-6,,,
8085,C,Roraima,Outro,Amarela,Espírita,Extrema Esquerda,7-10,,,
8086,A,Paraíba,Notebook/Netbook,Parda,Judaíca,Centro Direita,4-6,,,
8087,C,Roraima,Desktop/Computador de mesa,Indígena,Ateu,Extrema Direita,1-3,,,
8088,E,Alagoas,Notebook/Netbook,Indígena,Agnóstico,Esquerda,1-3,,,
8089,A,Paraíba,Outro,Preta,Agnóstico,Extrema Direita,1-3,,,
8090,B,Tocantins,Notebook/Netbook,Prefiro não dizer,Outras,Esquerda,>10,,,
8091,B,Distrito Federal,Smartphone/Celular,Parda,Ateu,Extrema Esquerda,<1,,,
8092,C,São Paulo,Tablet,Prefiro não dizer,Evangélica,Não se interessa,4-6,,,
8093,E,Sergipe,Outro,Branca,Ateu,Extrema Esquerda,7-10,,,
8094,C,Paraná,Tablet,Branca,Evangélica,Extrema Direita,>10,,,
8095,D,Santa Catarina,Outro,Parda,Evangélica,Esquerda,7-10,,,
8096,D,Rio de Janeiro,Desktop/Computador de mesa,Branca,Judaíca,Centro Esquerda,4-6,,,
8097,C,Paraná,Smartphone/Celular,Branca,Agnóstico,Direita,7-10,,,
8098,A,Pernambuco,Desktop/Computador de mesa,Amarela,Judaíca,Extrema Direita,<1,,,
8099,A,Roraima,Tablet,Branca,Outras,Extrema Direita,<1,,,
8100,A,São Paulo,Desktop/Computador de mesa,Prefiro não dizer,Agnóstico,Extrema Esquerda,7-10,,,
8101,A,Paraíba,Smartphone/Celular,Preta,Judaíca,Extrema Esquerda,1-3,,,
8102,A,Roraima,Tablet,Indígena,Ateu,Direita,<1,,,
8103,B,Amazonas,Outro,Preta,Judaíca,Não se interessa,7-10,,,
8104,C,Amapá,Smartphone/Celular,Amarela,Ateu,Centro,>10,,,
8105,B,Amazonas,Tablet,Amarela,Judaíca,Centro,1-3,,,
8106,D,Santa Catarina,Desktop/Computador de mesa,Branca,Judaíca,Centro Esquerda,<1,,,
8107,A,Santa Catarina,Tablet,Amarela,Ateu,Esquerda,<1,,,
8108,C,Bahia,Notebook/Netbook,Branca,Católica,Centro,7-10,,,
8109,E,Mato Grosso,Desktop/Computador de mesa,Prefiro não dizer,Agnóstico,Extrema Esquerda,<1,,,
8110,D,Roraima,Tablet,Parda,Espírita,Esquerda,1-3,,,
8111,D,Acre,Desktop/Computador de mesa,Amarela,Judaíca,Centro,>10,,,
8112,D,Tocantins,Smartphone/Celular,Branca,Espírita,Centro Esquerda,7-10,,,
8113,C,Rio de Janeiro,Smartphone/Celular,Indígena,Agnóstico,Centro Direita,<1,,,
8114,E,Rio Grande do Sul,Outro,Branca,Católica,Direita,>10,,,
8115,D,Mato Grosso do Sul,Outro,Indígena,Católica,Centro Esquerda,7-10,,,
8116,C,Pernambuco,Outro,Branca,Católica,Extrema Direita,7-10,,,
8117,D,Amazonas,Desktop/Computador de mesa,Amarela,Evangélica,Esquerda,7-10,,,
8118,D,Pernambuco,Outro,Indígena,Católica,Centro,<1,,,
8119,C,Espírito Santo,Notebook/Netbook,Preta,Outras,Centro Esquerda,4-6,,,
8120,C,Distrito Federal,Notebook/Netbook,Prefiro não dizer,Ateu,Centro,4-6,,,
8121,C,Rio de Janeiro,Notebook/Netbook,Parda,Ateu,Extrema Direita,<1,,,
8122,B,Amazonas,Smartphone/Celular,Prefiro não dizer,Católica,Não se interessa,4-6,,,
8123,C,Santa Catarina,Notebook/Netbook,Amarela,Agnóstico,Não se interessa,7-10,,,
8124,A,Santa Catarina,Desktop/Computador de mesa,Preta,Agnóstico,Extrema Esquerda,>10,,,
8125,E,Rio de Janeiro,Outro,Prefiro não dizer,Judaíca,Centro Direita,1-3,,,
8126,C,Paraíba,Outro,Prefiro não dizer,Agnóstico,Esquerda,1-3,,,
8127,B,Santa Catarina,Tablet,Preta,Judaíca,Direita,1-3,,,
8128,B,Espírito Santo,Notebook/Netbook,Indígena,Judaíca,Centro Esquerda,7-10,,,
8129,C,Santa Catarina,Notebook/Netbook,Indígena,Outras,Centro,1-3,,,
8130,B,Minas Gerais,Outro,Parda,Católica,Centro Direita,7-10,,,
8131,E,Bahia,Tablet,Prefiro não dizer,Ateu,Não se interessa,<1,,,
8132,D,Pará,Tablet,Parda,Ateu,Extrema Direita,1-3,,,
8133,B,Minas Gerais,Smartphone/Celular,Parda,Outras,Extrema Esquerda,<1,,,
8134,D,Goiás,Outro,Amarela,Outras,Esquerda,7-10,,,
8135,B,Amapá,Notebook/Netbook,Indígena,Católica,Extrema Esquerda,1-3,,,
8136,D,Acre,Desktop/Computador de mesa,Parda,Católica,Centro Esquerda,>10,,,
8137,B,Tocantins,Tablet,Branca,Judaíca,Extrema Esquerda,1-3,,,
8138,C,Rondônia,Tablet,Preta,Evangélica,Centro Direita,4-6,,,
8139,E,Rio Grande do Sul,Tablet,Prefiro não dizer,Outras,Não se interessa,<1,,,
8140,A,Rondônia,Outro,Amarela,Agnóstico,Direita,1-3,,,
8141,C,Goiás,Outro,Branca,Evangélica,Direita,>10,,,
8142,E,Rio Grande do Norte,Tablet,Branca,Evangélica,Extrema Direita,7-10,,,
8143,B,Roraima,Desktop/Computador de mesa,Prefiro não dizer,Católica,Extrema Esquerda,<1,,,
8144,A,Minas Gerais,Smartphone/Celular,Preta,Outras,Extrema Direita,<1,,,
8145,B,Mato Grosso,Outro,Prefiro não dizer,Ateu,Centro Esquerda,1-3,,,
8146,E,Rondônia,Notebook/Netbook,Parda,Outras,Centro Esquerda,4-6,,,
8147,D,Tocantins,Notebook/Netbook,Branca,Católica,Esquerda,7-10,,,
8148,A,Mato Grosso do Sul,Outro,Indígena,Judaíca,Centro Esquerda,>10,,,
8149,A,Espírito Santo,Notebook/Netbook,Branca,Católica,Extrema Esquerda,7-10,,,
8150,C,Santa Catarina,Outro,Indígena,Católica,Direita,4-6,,,
8151,A,Espírito Santo,Desktop/Computador de mesa,Indígena,Ateu,Centro,7-10,,,
8152,E,Tocantins,Outro,Parda,Agnóstico,Extrema Esquerda,4-6,,,
8153,A,Mato Grosso do Sul,Desktop/Computador de mesa,Indígena,Ateu,Não se interessa,1-3,,,
8154,B,Roraima,Desktop/Computador de mesa,Prefiro não dizer,Agnóstico,Extrema Direita,<1,,,
8155,E,Pernambuco,Notebook/Netbook,Branca,Judaíca,Extrema Esquerda,4-6,,,
8156,B,Alagoas,Outro,Amarela,Ateu,Centro Direita,<1,,,
8157,E,Paraíba,Outro,Amarela,Outras,Extrema Esquerda,4-6,,,
8158,D,Roraima,Notebook/Netbook,Branca,Judaíca,Direita,>10,,,
8159,B,Rio Grande do Norte,Smartphone/Celular,Parda,Espírita,Direita,<1,,,
8160,B,Pará,Smartphone/Celular,Indígena,Ateu,Esquerda,>10,,,
8161,C,São Paulo,Desktop/Computador de mesa,Indígena,Evangélica,Extrema Esquerda,>10,,,
8162,B,Rondônia,Outro,Amarela,Judaíca,Extrema Direita,>10,,,
8163,B,Piauí,Outro,Preta,Espírita,Não se interessa,<1,,,
8164,C,Acre,Tablet,Amarela,Agnóstico,Centro Direita,7-10,,,
8165,D,Rondônia,Smartphone/Celular,Parda,Judaíca,Centro,7-10,,,
8166,C,Pernambuco,Tablet,Branca,Agnóstico,Extrema Direita,<1,,,
8167,C,Sergipe,Outro,Prefiro não dizer,Agnóstico,Centro Direita,7-10,,,
8168,E,Alagoas,Desktop/Computador de mesa,Preta,Judaíca,Extrema Direita,<1,,,
8169,D,Piauí,Notebook/Netbook,Prefiro não dizer,Católica,Esquerda,4-6,,,
8170,D,Maranhão,Smartphone/Celular,Branca,Agnóstico,Não se interessa,1-3,,,
8171,D,Pará,Outro,Prefiro não dizer,Ateu,Direita,1-3,,,
8172,A,Espírito Santo,Smartphone/Celular,Indígena,Outras,Centro Esquerda,7-10,,,
8173,C,Ceará,Smartphone/Celular,Branca,Agnóstico,Extrema Direita,1-3,,,
8174,A,Bahia,Outro,Preta,Católica,Extrema Direita,7-10,,,
8175,C,Tocantins,Desktop/Computador de mesa,Branca,Outras,Centro,1-3,,,
8176,A,Tocantins,Desktop/Computador de mesa,Branca,Outras,Esquerda,>10,,,
8177,C,Espírito Santo,Smartphone/Celular,Indígena,Outras,Direita,7-10,,,
8178,A,Paraná,Tablet,Branca,Ateu,Extrema Direita,>10,,,
8179,E,Roraima,Outro,Branca,Outras,Extrema Esquerda,>10,,,
8180,E,Minas Gerais,Smartphone/Celular,Prefiro não dizer,Católica,Não se interessa,1-3,,,
8181,B,Pará,Desktop/Computador de mesa,Parda,Evangélica,Esquerda,1-3,,,
8182,D,Bahia,Outro,Branca,Ateu,Esquerda,7-10,,,
8183,E,Paraná,Notebook/Netbook,Amarela,Católica,Não se interessa,<1,,,
8184,E,Distrito Federal,Tablet,Prefiro não dizer,Judaíca,Centro,<1,,,
8185,C,Rio Grande do Sul,Tablet,Indígena,Católica,Esquerda,<1,,,
8186,D,Mato Grosso,Smartphone/Celular,Parda,Espírita,Não se interessa,<1,,,
8187,B,Amapá,Tablet,Indígena,Agnóstico,Centro Esquerda,<1,,,
8188,A,Goiás,Notebook/Netbook,Preta,Ateu,Centro Direita,4-6,,,
8189,C,São Paulo,Smartphone/Celular,Prefiro não dizer,Outras,Não se interessa,1-3,,,
8190,C,Mato Grosso,Smartphone/Celular,Parda,Outras,Direita,1-3,,,
8191,C,Amapá,Desktop/Computador de mesa,Branca,Espírita,Direita,7-10,,,
8192,B,Goiás,Smartphone/Celular,Branca,Agnóstico,Extrema Esquerda,1-3,,,
8193,C,Minas Gerais,Smartphone/Celular,Preta,Agnóstico,Centro,<1,,,
8194,B,Pernambuco,Outro,Indígena,Judaíca,Centro Esquerda,>10,,,
8195,A,Distrito Federal,Outro,Prefiro não dizer,Outras,Centro Direita,<1,,,
8196,E,Mato Grosso,Outro,Preta,Ateu,Direita,1-3,,,
8197,D,Rio de Janeiro,Desktop/Computador de mesa,Branca,Ateu,Esquerda,7-10,,,
8198,D,Paraíba,Desktop/Computador de mesa,Preta,Ateu,Esquerda,<1,,,
8199,A,Distrito Federal,Notebook/Netbook,Branca,Evangélica,Centro,1-3,,,
8200,A,Sergipe,Desktop/Computador de mesa,Preta,Judaíca,Direita,<1,,,
8201,C,Mato Grosso do Sul,Outro,Prefiro não dizer,Ateu,Centro Direita,<1,,,
8202,A,Tocantins,Smartphone/Celular,Prefiro não dizer,Evangélica,Centro Direita,>10,,,
8203,B,Sergipe,Outro,Branca,Ateu,Extrema Direita,4-6,,,
8204,E,Minas Gerais,Tablet,Amarela,Ateu,Extrema Direita,7-10,,,
8205,E,Piauí,Desktop/Computador de mesa,Branca,Espírita,Esquerda,1-3,,,
8206,C,Rio Grande do Norte,Smartphone/Celular,Branca,Espírita,Direita,7-10,,,
8207,A,Santa Catarina,Tablet,Branca,Católica,Centro Esquerda,<1,,,
8208,E,Pará,Desktop/Computador de mesa,Amarela,Agnóstico,Esquerda,>10,,,
8209,D,Mato Grosso,Notebook/Netbook,Amarela,Evangélica,Centro,4-6,,,
8210,B,Paraná,Outro,Preta,Espírita,Não se interessa,4-6,,,
8211,C,Alagoas,Tablet,Prefiro não dizer,Judaíca,Direita,<1,,,
8212,C,Sergipe,Tablet,Indígena,Outras,Direita,<1,,,
8213,D,Amapá,Smartphone/Celular,Prefiro não dizer,Evangélica,Extrema Esquerda,4-6,,,
8214,D,Ceará,Notebook/Netbook,Indígena,Evangélica,Centro Esquerda,>10,,,
8215,A,Bahia,Tablet,Branca,Judaíca,Esquerda,>10,,,
8216,C,Paraná,Smartphone/Celular,Preta,Judaíca,Centro Direita,1-3,,,
8217,B,Piauí,Desktop/Computador de mesa,Parda,Espírita,Não se interessa,1-3,,,
8218,E,Alagoas,Outro,Prefiro não dizer,Ateu,Centro,>10,,,
8219,C,Tocantins,Smartphone/Celular,Prefiro não dizer,Judaíca,Esquerda,4-6,,,
8220,A,Piauí,Notebook/Netbook,Parda,Judaíca,Centro Direita,1-3,,,
8221,A,Amapá,Desktop/Computador de mesa,Branca,Outras,Extrema Direita,1-3,,,
8222,A,Rondônia,Smartphone/Celular,Parda,Ateu,Centro,4-6,,,
8223,D,Goiás,Desktop/Computador de mesa,Prefiro não dizer,Evangélica,Extrema Esquerda,<1,,,
8224,A,Goiás,Desktop/Computador de mesa,Parda,Evangélica,Centro,7-10,,,
8225,B,Maranhão,Tablet,Prefiro não dizer,Judaíca,Centro Esquerda,7-10,,,
8226,B,Goiás,Notebook/Netbook,Parda,Evangélica,Não se interessa,>10,,,
8227,B,Minas Gerais,Desktop/Computador de mesa,Prefiro não dizer,Católica,Extrema Esquerda,1-3,,,
8228,C,Santa Catarina,Tablet,Preta,Espírita,Esquerda,7-10,,,
8229,A,São Paulo,Tablet,Parda,Agnóstico,Centro Direita,<1,,,
8230,B,Piauí,Smartphone/Celular,Branca,Judaíca,Extrema Direita,>10,,,
8231,D,Sergipe,Tablet,Prefiro não dizer,Católica,Direita,4-6,,,
8232,C,Paraná,Outro,Prefiro não dizer,Outras,Centro Direita,7-10,,,
8233,B,Amazonas,Notebook/Netbook,Amarela,Espírita,Centro Esquerda,4-6,,,
8234,A,Mato Grosso,Outro,Amarela,Católica,Centro Direita,4-6,,,
8235,A,Alagoas,Notebook/Netbook,Branca,Espírita,Centro,4-6,,,
8236,D,Espírito Santo,Smartphone/Celular,Amarela,Judaíca,Extrema Direita,>10,,,
8237,C,Rio de Janeiro,Tablet,Preta,Agnóstico,Centro Esquerda,4-6,,,
8238,A,Amapá,Tablet,Preta,Espírita,Centro Esquerda,7-10,,,
8239,D,Distrito Federal,Smartphone/Celular,Branca,Ateu,Extrema Esquerda,7-10,,,
8240,E,Ceará,Desktop/Computador de mesa,Amarela,Evangélica,Centro,<1,,,
8241,D,Amapá,Desktop/Computador de mesa,Preta,Espírita,Centro,4-6,,,
8242,D,Distrito Federal,Outro,Prefiro não dizer,Católica,Centro,4-6,,,
8243,B,Espírito Santo,Tablet,Prefiro não dizer,Católica,Centro,7-10,,,
8244,D,Pernambuco,Outro,Branca,Católica,Centro Direita,4-6,,,
8245,D,Amapá,Smartphone/Celular,Preta,Ateu,Extrema Esquerda,<1,,,
8246,C,Mato Grosso do Sul,Desktop/Computador de mesa,Prefiro não dizer,Católica,Centro Direita,7-10,,,
8247,A,Rio Grande do Norte,Tablet,Prefiro não dizer,Evangélica,Não se interessa,4-6,,,
8248,A,Pará,Smartphone/Celular,Prefiro não dizer,Ateu,Não se interessa,>10,,,
8249,C,Pernambuco,Tablet,Indígena,Judaíca,Direita,1-3,,,
8250,D,Roraima,Notebook/Netbook,Indígena,Outras,Esquerda,1-3,,,
8251,C,Rondônia,Outro,Indígena,Outras,Centro Direita,<1,,,
8252,E,Tocantins,Tablet,Branca,Espírita,Esquerda,>10,,,
8253,E,Espírito Santo,Notebook/Netbook,Amarela,Ateu,Não se interessa,7-10,,,
8254,E,Amapá,Smartphone/Celular,Amarela,Ateu,Extrema Esquerda,1-3,,,
8255,B,Piauí,Notebook/Netbook,Indígena,Outras,Centro Direita,7-10,,,
8256,B,Pernambuco,Tablet,Parda,Ateu,Não se interessa,>10,,,
8257,C,Rio de Janeiro,Smartphone/Celular,Indígena,Judaíca,Esquerda,7-10,,,
8258,B,Amapá,Notebook/Netbook,Amarela,Ateu,Esquerda,>10,,,
8259,C,Alagoas,Outro,Indígena,Outras,Centro Direita,1-3,,,
8260,A,Mato Grosso,Notebook/Netbook,Preta,Católica,Direita,7-10,,,
8261,B,Rio de Janeiro,Tablet,Indígena,Católica,Não se interessa,4-6,,,
8262,E,Distrito Federal,Smartphone/Celular,Indígena,Outras,Esquerda,7-10,,,
8263,E,Minas Gerais,Outro,Branca,Agnóstico,Centro Direita,4-6,,,
8264,E,São Paulo,Smartphone/Celular,Branca,Outras,Não se interessa,<1,,,
8265,E,Bahia,Desktop/Computador de mesa,Prefiro não dizer,Agnóstico,Extrema Esquerda,7-10,,,
8266,D,Sergipe,Notebook/Netbook,Amarela,Católica,Extrema Esquerda,7-10,,,
8267,C,Minas Gerais,Tablet,Prefiro não dizer,Católica,Esquerda,7-10,,,
8268,C,Distrito Federal,Notebook/Netbook,Prefiro não dizer,Agnóstico,Centro Direita,7-10,,,
8269,E,Rio de Janeiro,Desktop/Computador de mesa,Parda,Católica,Extrema Direita,>10,,,
8270,E,Rondônia,Outro,Prefiro não dizer,Judaíca,Direita,4-6,,,
8271,D,Amazonas,Tablet,Prefiro não dizer,Espírita,Extrema Direita,>10,,,
8272,A,Ceará,Desktop/Computador de mesa,Parda,Espírita,Centro Direita,1-3,,,
8273,E,Alagoas,Notebook/Netbook,Amarela,Agnóstico,Direita,7-10,,,
8274,B,Alagoas,Desktop/Computador de mesa,Indígena,Agnóstico,Não se interessa,1-3,,,
8275,C,Amapá,Notebook/Netbook,Branca,Outras,Não se interessa,4-6,,,
8276,B,Espírito Santo,Notebook/Netbook,Parda,Agnóstico,Esquerda,1-3,,,
8277,D,Paraná,Tablet,Preta,Evangélica,Não se interessa,7-10,,,
8278,E,Pernambuco,Notebook/Netbook,Indígena,Espírita,Extrema Direita,<1,,,
8279,B,Pernambuco,Tablet,Parda,Espírita,Esquerda,4-6,,,
8280,D,Ceará,Tablet,Parda,Espírita,Extrema Direita,1-3,,,
8281,D,Ceará,Smartphone/Celular,Branca,Outras,Extrema Esquerda,>10,,,
8282,E,Goiás,Outro,Parda,Ateu,Extrema Esquerda,>10,,,
8283,D,Pernambuco,Notebook/Netbook,Preta,Judaíca,Extrema Direita,7-10,,,
8284,A,Santa Catarina,Tablet,Prefiro não dizer,Judaíca,Não se interessa,<1,,,
8285,C,Paraná,Notebook/Netbook,Prefiro não dizer,Evangélica,Centro,>10,,,
8286,D,Goiás,Outro,Parda,Agnóstico,Centro Direita,1-3,,,
8287,C,Rio Grande do Sul,Notebook/Netbook,Preta,Agnóstico,Extrema Direita,7-10,,,
8288,D,Rio Grande do Sul,Notebook/Netbook,Preta,Outras,Direita,7-10,,,
8289,B,Rio de Janeiro,Notebook/Netbook,Indígena,Outras,Centro Direita,7-10,,,
8290,E,Minas Gerais,Outro,Parda,Católica,Extrema Esquerda,>10,,,
8291,D,Amazonas,Tablet,Branca,Ateu,Extrema Direita,>10,,,
8292,D,Piauí,Notebook/Netbook,Parda,Ateu,Extrema Direita,7-10,,,
8293,C,Amapá,Desktop/Computador de mesa,Indígena,Espírita,Centro Esquerda,>10,,,
8294,C,Santa Catarina,Outro,Amarela,Espírita,Centro Direita,7-10,,,
8295,B,Goiás,Tablet,Branca,Judaíca,Extrema Esquerda,4-6,,,
8296,B,Maranhão,Notebook/Netbook,Prefiro não dizer,Evangélica,Centro Esquerda,7-10,,,
8297,E,Piauí,Smartphone/Celular,Parda,Agnóstico,Extrema Direita,7-10,,,
8298,C,Rio de Janeiro,Notebook/Netbook,Prefiro não dizer,Judaíca,Esquerda,<1,,,
8299,A,Pará,Outro,Branca,Outras,Não se interessa,<1,,,
8300,C,Acre,Notebook/Netbook,Branca,Evangélica,Centro Esquerda,>10,,,
8301,C,Santa Catarina,Tablet,Preta,Judaíca,Não se interessa,1-3,,,
8302,D,Alagoas,Notebook/Netbook,Prefiro não dizer,Católica,Extrema Direita,>10,,,
8303,C,Mato Grosso,Outro,Branca,Evangélica,Direita,>10,,,
8304,D,Paraná,Desktop/Computador de mesa,Prefiro não dizer,Católica,Centro Direita,1-3,,,
8305,C,Roraima,Outro,Branca,Católica,Direita,<1,,,
8306,A,Santa Catarina,Tablet,Preta,Evangélica,Extrema Direita,7-10,,,
8307,A,Rio de Janeiro,Desktop/Computador de mesa,Prefiro não dizer,Evangélica,Direita,>10,,,
8308,E,Rio Grande do Sul,Desktop/Computador de mesa,Preta,Evangélica,Extrema Direita,>10,,,
8309,A,Paraíba,Smartphone/Celular,Preta,Espírita,Centro,7-10,,,
8310,E,Maranhão,Notebook/Netbook,Parda,Espírita,Centro Direita,7-10,,,
8311,C,Maranhão,Smartphone/Celular,Prefiro não dizer,Católica,Direita,7-10,,,
8312,B,Rio Grande do Norte,Smartphone/Celular,Amarela,Outras,Centro Direita,7-10,,,
8313,C,Rondônia,Desktop/Computador de mesa,Amarela,Espírita,Centro,7-10,,,
8314,D,Rondônia,Smartphone/Celular,Preta,Evangélica,Centro Esquerda,1-3,,,
8315,E,Acre,Tablet,Amarela,Espírita,Direita,>10,,,
8316,C,Rio Grande do Sul,Tablet,Amarela,Espírita,Esquerda,>10,,,
8317,D,Distrito Federal,Notebook/Netbook,Preta,Ateu,Extrema Direita,7-10,,,
8318,C,Piauí,Outro,Branca,Espírita,Extrema Esquerda,1-3,,,
8319,E,Minas Gerais,Tablet,Prefiro não dizer,Outras,Centro Esquerda,1-3,,,
8320,B,São Paulo,Desktop/Computador de mesa,Preta,Ateu,Centro Direita,7-10,,,
8321,D,Amazonas,Tablet,Preta,Judaíca,Centro Esquerda,>10,,,
8322,B,Pará,Smartphone/Celular,Preta,Ateu,Esquerda,4-6,,,
8323,E,Minas Gerais,Notebook/Netbook,Prefiro não dizer,Evangélica,Extrema Esquerda,4-6,,,
8324,C,Distrito Federal,Desktop/Computador de mesa,Branca,Outras,Centro Esquerda,7-10,,,
8325,B,Bahia,Desktop/Computador de mesa,Indígena,Evangélica,Esquerda,>10,,,
8326,B,Rio de Janeiro,Desktop/Computador de mesa,Prefiro não dizer,Judaíca,Extrema Esquerda,7-10,,,
8327,A,Paraná,Outro,Prefiro não dizer,Espírita,Esquerda,4-6,,,
8328,C,Distrito Federal,Desktop/Computador de mesa,Prefiro não dizer,Católica,Direita,7-10,,,
8329,C,Paraná,Outro,Prefiro não dizer,Evangélica,Esquerda,>10,,,
8330,C,Bahia,Tablet,Amarela,Evangélica,Extrema Direita,<1,,,
8331,B,Pará,Notebook/Netbook,Preta,Judaíca,Extrema Direita,<1,,,
8332,A,Paraíba,Desktop/Computador de mesa,Preta,Judaíca,Esquerda,7-10,,,
8333,C,Ceará,Desktop/Computador de mesa,Prefiro não dizer,Ateu,Não se interessa,4-6,,,
8334,B,Rondônia,Outro,Indígena,Judaíca,Centro Direita,4-6,,,
8335,A,Mato Grosso do Sul,Notebook/Netbook,Indígena,Judaíca,Centro Esquerda,>10,,,
8336,A,Goiás,Smartphone/Celular,Branca,Espírita,Centro Esquerda,<1,,,
8337,A,Paraná,Outro,Prefiro não dizer,Agnóstico,Esquerda,4-6,,,
8338,C,Acre,Desktop/Computador de mesa,Indígena,Agnóstico,Extrema Direita,<1,,,
8339,B,Sergipe,Desktop/Computador de mesa,Preta,Espírita,Centro Esquerda,<1,,,
8340,A,São Paulo,Tablet,Parda,Outras,Não se interessa,>10,,,
8341,E,Paraná,Smartphone/Celular,Indígena,Católica,Esquerda,4-6,,,
8342,D,Mato Grosso do Sul,Tablet,Amarela,Católica,Direita,<1,,,
8343,C,Roraima,Tablet,Prefiro não dizer,Outras,Centro,1-3,,,
8344,B,Piauí,Tablet,Preta,Católica,Extrema Esquerda,1-3,,,
8345,B,Maranhão,Smartphone/Celular,Branca,Ateu,Centro Direita,>10,,,
8346,C,Paraná,Desktop/Computador de mesa,Parda,Espírita,Centro Esquerda,4-6,,,
8347,A,Santa Catarina,Desktop/Computador de mesa,Indígena,Judaíca,Centro,4-6,,,
8348,E,Maranhão,Desktop/Computador de mesa,Preta,Judaíca,Extrema Esquerda,7-10,,,
8349,C,Bahia,Outro,Amarela,Católica,Direita,7-10,,,
8350,C,Pará,Outro,Indígena,Evangélica,Centro,<1,,,
8351,E,Acre,Notebook/Netbook,Preta,Evangélica,Esquerda,<1,,,
8352,D,Tocantins,Smartphone/Celular,Amarela,Outras,Centro Direita,>10,,,
8353,E,Acre,Desktop/Computador de mesa,Parda,Ateu,Esquerda,1-3,,,
8354,D,Rio de Janeiro,Outro,Prefiro não dizer,Ateu,Direita,<1,,,
8355,B,Minas Gerais,Tablet,Preta,Judaíca,Centro Esquerda,<1,,,
8356,C,Amazonas,Tablet,Prefiro não dizer,Agnóstico,Centro,1-3,,,
8357,D,Minas Gerais,Smartphone/Celular,Preta,Agnóstico,Centro Direita,>10,,,
8358,B,Paraíba,Smartphone/Celular,Branca,Judaíca,Centro Esquerda,4-6,,,
8359,D,Mato Grosso,Tablet,Indígena,Judaíca,Centro,1-3,,,
8360,D,Paraíba,Outro,Preta,Católica,Esquerda,7-10,,,
8361,B,Ceará,Outro,Branca,Espírita,Não se interessa,<1,,,
8362,D,Pará,Notebook/Netbook,Prefiro não dizer,Ateu,Centro,<1,,,
8363,A,Rio Grande do Sul,Outro,Indígena,Católica,Extrema Esquerda,7-10,,,
8364,C,Espírito Santo,Notebook/Netbook,Prefiro não dizer,Judaíca,Esquerda,<1,,,
8365,C,Rio Grande do Sul,Outro,Indígena,Agnóstico,Não se interessa,7-10,,,
8366,D,Amazonas,Tablet,Indígena,Ateu,Não se interessa,<1,,,
8367,E,Mato Grosso do Sul,Tablet,Indígena,Outras,Extrema Esquerda,7-10,,,
8368,C,Rondônia,Smartphone/Celular,Prefiro não dizer,Agnóstico,Direita,>10,,,
8369,A,Ceará,Notebook/Netbook,Prefiro não dizer,Judaíca,Centro Esquerda,4-6,,,
8370,A,Alagoas,Notebook/Netbook,Amarela,Ateu,Extrema Esquerda,1-3,,,
8371,B,Amazonas,Notebook/Netbook,Prefiro não dizer,Outras,Centro,7-10,,,
8372,D,Pernambuco,Desktop/Computador de mesa,Prefiro não dizer,Católica,Centro Direita,4-6,,,
8373,C,Tocantins,Notebook/Netbook,Parda,Ateu,Não se interessa,>10,,,
8374,A,Piauí,Desktop/Computador de mesa,Prefiro não dizer,Espírita,Direita,7-10,,,
8375,D,Rondônia,Notebook/Netbook,Preta,Outras,Extrema Esquerda,>10,,,
8376,E,Mato Grosso do Sul,Tablet,Indígena,Judaíca,Direita,<1,,,
8377,E,Paraná,Tablet,Branca,Agnóstico,Centro Direita,4-6,,,
8378,A,Alagoas,Notebook/Netbook,Branca,Espírita,Esquerda,1-3,,,
8379,B,Ceará,Smartphone/Celular,Preta,Agnóstico,Centro Direita,7-10,,,
8380,C,Roraima,Tablet,Prefiro não dizer,Agnóstico,Centro Esquerda,>10,,,
8381,E,Rio Grande do Norte,Tablet,Amarela,Ateu,Extrema Esquerda,7-10,,,
8382,E,Minas Gerais,Outro,Amarela,Ateu,Não se interessa,<1,,,
8383,B,Paraná,Notebook/Netbook,Branca,Espírita,Não se interessa,>10,,,
8384,B,Rondônia,Smartphone/Celular,Amarela,Católica,Esquerda,1-3,,,
8385,D,Amapá,Outro,Prefiro não dizer,Ateu,Centro Esquerda,4-6,,,
8386,C,Piauí,Tablet,Indígena,Agnóstico,Extrema Esquerda,4-6,,,
8387,C,Mato Grosso,Outro,Indígena,Agnóstico,Extrema Direita,<1,,,
8388,C,Rondônia,Desktop/Computador de mesa,Indígena,Espírita,Esquerda,7-10,,,
8389,B,Rondônia,Desktop/Computador de mesa,Preta,Espírita,Centro Direita,7-10,,,
8390,C,Pará,Desktop/Computador de mesa,Branca,Ateu,Direita,>10,,,
8391,B,Rio de Janeiro,Smartphone/Celular,Branca,Católica,Esquerda,<1,,,
8392,E,Minas Gerais,Notebook/Netbook,Branca,Agnóstico,Centro Direita,4-6,,,
8393,B,Alagoas,Tablet,Parda,Agnóstico,Extrema Direita,<1,,,
8394,E,Paraíba,Outro,Amarela,Católica,Centro,1-3,,,
8395,A,Pará,Smartphone/Celular,Indígena,Ateu,Centro Direita,4-6,,,
8396,D,Amazonas,Outro,Branca,Outras,Direita,7-10,,,
8397,B,Rio de Janeiro,Smartphone/Celular,Parda,Espírita,Centro Direita,4-6,,,
8398,B,Espírito Santo,Desktop/Computador de mesa,Parda,Ateu,Extrema Esquerda,<1,,,
8399,B,Goiás,Smartphone/Celular,Prefiro não dizer,Agnóstico,Extrema Esquerda,7-10,,,
8400,E,Paraíba,Tablet,Amarela,Agnóstico,Esquerda,<1,,,
8401,B,Pará,Notebook/Netbook,Branca,Evangélica,Direita,4-6,,,
8402,B,Pernambuco,Smartphone/Celular,Prefiro não dizer,Judaíca,Centro Esquerda,1-3,,,
8403,B,Piauí,Smartphone/Celular,Indígena,Judaíca,Direita,>10,,,
8404,E,São Paulo,Smartphone/Celular,Parda,Judaíca,Esquerda,>10,,,
8405,B,Rondônia,Tablet,Preta,Espírita,Centro Direita,4-6,,,
8406,E,Rio de Janeiro,Notebook/Netbook,Amarela,Ateu,Esquerda,7-10,,,
8407,B,Amapá,Desktop/Computador de mesa,Parda,Ateu,Direita,>10,,,
8408,A,Pernambuco,Notebook/Netbook,Preta,Judaíca,Extrema Direita,>10,,,
8409,D,Minas Gerais,Smartphone/Celular,Amarela,Espírita,Direita,<1,,,
8410,E,Rondônia,Smartphone/Celular,Preta,Espírita,Centro Esquerda,1-3,,,
8411,D,Espírito Santo,Outro,Parda,Judaíca,Extrema Esquerda,1-3,,,
8412,B,Alagoas,Notebook/Netbook,Prefiro não dizer,Outras,Centro,>10,,,
8413,B,Distrito Federal,Outro,Prefiro não dizer,Outras,Direita,4-6,,,
8414,A,Paraná,Outro,Indígena,Agnóstico,Centro,4-6,,,
8415,E,São Paulo,Notebook/Netbook,Parda,Ateu,Extrema Esquerda,7-10,,,
8416,B,Goiás,Tablet,Amarela,Outras,Extrema Esquerda,>10,,,
8417,A,Tocantins,Smartphone/Celular,Branca,Católica,Esquerda,7-10,,,
8418,C,Roraima,Notebook/Netbook,Indígena,Agnóstico,Centro Esquerda,1-3,,,
8419,D,Pará,Tablet,Parda,Agnóstico,Centro,>10,,,
8420,C,Roraima,Smartphone/Celular,Branca,Ateu,Centro Esquerda,1-3,,,
8421,C,Amapá,Notebook/Netbook,Amarela,Católica,Não se interessa,<1,,,
8422,E,Alagoas,Smartphone/Celular,Branca,Outras,Extrema Esquerda,1-3,,,
8423,C,Piauí,Tablet,Preta,Ateu,Centro Esquerda,4-6,,,
8424,E,Mato Grosso do Sul,Outro,Parda,Ateu,Centro,>10,,,
8425,B,Amazonas,Outro,Parda,Católica,Extrema Direita,<1,,,
8426,D,Alagoas,Desktop/Computador de mesa,Parda,Judaíca,Centro Esquerda,1-3,,,
8427,C,Mato Grosso do Sul,Tablet,Preta,Agnóstico,Centro,>10,,,
8428,C,Rio Grande do Sul,Outro,Indígena,Espírita,Centro,1-3,,,
8429,C,Sergipe,Outro,Branca,Evangélica,Centro Esquerda,1-3,,,
8430,C,Goiás,Desktop/Computador de mesa,Prefiro não dizer,Outras,Centro Direita,<1,,,
8431,A,Minas Gerais,Tablet,Amarela,Espírita,Extrema Direita,1-3,,,
8432,A,Rondônia,Notebook/Netbook,Prefiro não dizer,Católica,Extrema Esquerda,<1,,,
8433,C,Pará,Outro,Prefiro não dizer,Outras,Extrema Direita,7-10,,,
8434,A,Maranhão,Notebook/Netbook,Parda,Evangélica,Esquerda,<1,,,
8435,A,Rio Grande do Sul,Smartphone/Celular,Parda,Católica,Direita,<1,,,
8436,A,Tocantins,Notebook/Netbook,Indígena,Judaíca,Não se interessa,4-6,,,
8437,B,Rondônia,Desktop/Computador de mesa,Branca,Outras,Direita,1-3,,,
8438,A,Rio Grande do Sul,Desktop/Computador de mesa,Indígena,Outras,Extrema Direita,7-10,,,
8439,D,Mato Grosso,Tablet,Indígena,Judaíca,Extrema Esquerda,4-6,,,
8440,D,Espírito Santo,Tablet,Prefiro não dizer,Católica,Direita,>10,,,
8441,C,Maranhão,Desktop/Computador de mesa,Amarela,Agnóstico,Não se interessa,1-3,,,
8442,B,Alagoas,Notebook/Netbook,Branca,Agnóstico,Esquerda,1-3,,,
8443,D,Tocantins,Outro,Amarela,Ateu,Centro Direita,7-10,,,
8444,E,Mato Grosso,Tablet,Indígena,Agnóstico,Centro Esquerda,7-10,,,
8445,A,Rio Grande do Norte,Notebook/Netbook,Indígena,Evangélica,Extrema Direita,>10,,,
8446,D,Bahia,Desktop/Computador de mesa,Preta,Evangélica,Extrema Esquerda,7-10,,,
8447,C,Pará,Tablet,Indígena,Ateu,Centro,7-10,,,
8448,E,Rio de Janeiro,Outro,Indígena,Ateu,Não se interessa,>10,,,
8449,B,Ceará,Desktop/Computador de mesa,Parda,Católica,Centro,1-3,,,
8450,B,Ceará,Outro,Indígena,Judaíca,Não se interessa,1-3,,,
8451,B,Rio Grande do Sul,Outro,Branca,Outras,Centro Direita,7-10,,,
8452,E,Amazonas,Tablet,Branca,Evangélica,Centro Esquerda,>10,,,
8453,C,Paraná,Tablet,Indígena,Evangélica,Extrema Direita,<1,,,
8454,A,Piauí,Outro,Branca,Judaíca,Centro,7-10,,,
8455,D,Paraná,Desktop/Computador de mesa,Indígena,Agnóstico,Centro Esquerda,1-3,,,
8456,D,Amapá,Outro,Prefiro não dizer,Espírita,Extrema Esquerda,>10,,,
8457,B,Sergipe,Tablet,Branca,Ateu,Extrema Esquerda,1-3,,,
8458,B,Pernambuco,Notebook/Netbook,Prefiro não dizer,Católica,Centro Esquerda,1-3,,,
8459,E,Pará,Smartphone/Celular,Preta,Católica,Direita,4-6,,,
8460,A,Alagoas,Desktop/Computador de mesa,Indígena,Evangélica,Extrema Direita,>10,,,
8461,D,Alagoas,Notebook/Netbook,Preta,Evangélica,Centro Direita,1-3,,,
8462,A,Pará,Smartphone/Celular,Prefiro não dizer,Agnóstico,Não se interessa,<1,,,
8463,E,Maranhão,Desktop/Computador de mesa,Preta,Agnóstico,Esquerda,1-3,,,
8464,B,Tocantins,Smartphone/Celular,Preta,Agnóstico,Centro Direita,4-6,,,
8465,B,Rio Grande do Sul,Desktop/Computador de mesa,Prefiro não dizer,Ateu,Centro Direita,1-3,,,
8466,E,Distrito Federal,Desktop/Computador de mesa,Parda,Espírita,Extrema Direita,4-6,,,
8467,B,Rondônia,Notebook/Netbook,Branca,Agnóstico,Centro,7-10,,,
8468,B,Rio Grande do Norte,Outro,Indígena,Católica,Esquerda,1-3,,,
8469,B,Rio Grande do Norte,Outro,Branca,Evangélica,Esquerda,1-3,,,
8470,E,Acre,Desktop/Computador de mesa,Parda,Judaíca,Centro,>10,,,
8471,C,Espírito Santo,Tablet,Parda,Espírita,Extrema Direita,1-3,,,
8472,C,Paraná,Tablet,Parda,Judaíca,Centro Direita,1-3,,,
8473,E,Pará,Notebook/Netbook,Prefiro não dizer,Judaíca,Não se interessa,>10,,,
8474,A,Ceará,Outro,Indígena,Ateu,Esquerda,<1,,,
8475,D,Ceará,Smartphone/Celular,Indígena,Agnóstico,Centro Direita,<1,,,
8476,D,Distrito Federal,Desktop/Computador de mesa,Preta,Ateu,Não se interessa,<1,,,
8477,C,Ceará,Tablet,Preta,Católica,Extrema Direita,7-10,,,
8478,E,Sergipe,Notebook/Netbook,Parda,Agnóstico,Centro,4-6,,,
8479,A,Sergipe,Desktop/Computador de mesa,Parda,Espírita,Esquerda,7-10,,,
8480,C,Santa Catarina,Outro,Amarela,Evangélica,Centro Esquerda,1-3,,,
8481,C,Goiás,Tablet,Prefiro não dizer,Evangélica,Centro Esquerda,4-6,,,
8482,A,Amapá,Smartphone/Celular,Amarela,Católica,Centro Direita,7-10,,,
8483,E,Pará,Smartphone/Celular,Parda,Espírita,Centro Direita,4-6,,,
8484,D,Piauí,Smartphone/Celular,Prefiro não dizer,Agnóstico,Extrema Direita,4-6,,,
8485,D,Tocantins,Desktop/Computador de mesa,Branca,Agnóstico,Não se interessa,7-10,,,
8486,C,Roraima,Tablet,Indígena,Judaíca,Centro Esquerda,<1,,,
8487,E,Goiás,Outro,Indígena,Outras,Direita,<1,,,
8488,E,Paraíba,Tablet,Prefiro não dizer,Outras,Direita,<1,,,
8489,A,Minas Gerais,Desktop/Computador de mesa,Prefiro não dizer,Católica,Centro Direita,<1,,,
8490,B,Espírito Santo,Desktop/Computador de mesa,Indígena,Outras,Centro Direita,7-10,,,
8491,E,São Paulo,Notebook/Netbook,Prefiro não dizer,Espírita,Centro Direita,4-6,,,
8492,D,Mato Grosso do Sul,Desktop/Computador de mesa,Prefiro não dizer,Católica,Centro Direita,>10,,,
8493,B,Rio Grande do Norte,Outro,Branca,Agnóstico,Extrema Esquerda,>10,,,
8494,B,São Paulo,Notebook/Netbook,Parda,Católica,Centro Esquerda,1-3,,,
8495,A,Pernambuco,Smartphone/Celular,Prefiro não dizer,Agnóstico,Extrema Esquerda,>10,,,
8496,E,Maranhão,Smartphone/Celular,Branca,Outras,Esquerda,>10,,,
8497,C,Ceará,Outro,Parda,Espírita,Direita,>10,,,
8498,A,Minas Gerais,Smartphone/Celular,Prefiro não dizer,Espírita,Não se interessa,7-10,,,
8499,D,Minas Gerais,Outro,Indígena,Ateu,Extrema Esquerda,4-6,,,
8500,D,Rio de Janeiro,Notebook/Netbook,Parda,Católica,Centro Direita,<1,,,
8501,D,Espírito Santo,Desktop/Computador de mesa,Prefiro não dizer,Espírita,Extrema Direita,4-6,,,
8502,C,Tocantins,Outro,Indígena,Evangélica,Extrema Esquerda,7-10,,,
8503,D,Minas Gerais,Notebook/Netbook,Parda,Católica,Não se interessa,1-3,,,
8504,C,Goiás,Desktop/Computador de mesa,Amarela,Agnóstico,Centro Esquerda,>10,,,
8505,D,Paraná,Outro,Amarela,Agnóstico,Centro,1-3,,,
8506,B,São Paulo,Outro,Prefiro não dizer,Agnóstico,Extrema Direita,7-10,,,
8507,C,Acre,Desktop/Computador de mesa,Preta,Judaíca,Esquerda,4-6,,,
8508,D,Mato Grosso do Sul,Smartphone/Celular,Amarela,Judaíca,Não se interessa,7-10,,,
8509,C,Rondônia,Tablet,Indígena,Evangélica,Extrema Direita,<1,,,
8510,A,Rio de Janeiro,Smartphone/Celular,Prefiro não dizer,Judaíca,Centro Esquerda,1-3,,,
8511,B,Paraíba,Desktop/Computador de mesa,Branca,Judaíca,Esquerda,7-10,,,
8512,C,Amapá,Notebook/Netbook,Branca,Outras,Não se interessa,4-6,,,
8513,D,Minas Gerais,Tablet,Indígena,Judaíca,Esquerda,4-6,,,
8514,E,Rio Grande do Sul,Smartphone/Celular,Prefiro não dizer,Ateu,Não se interessa,1-3,,,
8515,A,Amazonas,Notebook/Netbook,Preta,Judaíca,Esquerda,7-10,,,
8516,E,Alagoas,Desktop/Computador de mesa,Preta,Judaíca,Centro,7-10,,,
8517,C,Bahia,Desktop/Computador de mesa,Parda,Agnóstico,Centro Direita,4-6,,,
8518,A,Amazonas,Notebook/Netbook,Prefiro não dizer,Judaíca,Centro Direita,4-6,,,
8519,A,Mato Grosso do Sul,Desktop/Computador de mesa,Amarela,Espírita,Centro Esquerda,<1,,,
8520,D,Paraná,Tablet,Indígena,Católica,Direita,1-3,,,
8521,A,Piauí,Desktop/Computador de mesa,Preta,Agnóstico,Extrema Esquerda,>10,,,
8522,A,Goiás,Outro,Indígena,Agnóstico,Centro,>10,,,
8523,A,Paraíba,Outro,Indígena,Espírita,Centro Esquerda,7-10,,,
8524,A,Maranhão,Notebook/Netbook,Parda,Outras,Extrema Esquerda,7-10,,,
8525,E,Santa Catarina,Desktop/Computador de mesa,Indígena,Católica,Extrema Direita,>10,,,
8526,C,Espírito Santo,Tablet,Parda,Ateu,Centro,>10,,,
8527,D,Distrito Federal,Tablet,Prefiro não dizer,Judaíca,Extrema Esquerda,1-3,,,
8528,D,Rondônia,Outro,Prefiro não dizer,Evangélica,Centro Direita,7-10,,,
8529,C,Pará,Outro,Amarela,Espírita,Direita,4-6,,,
8530,A,Pernambuco,Tablet,Amarela,Ateu,Não se interessa,>10,,,
8531,A,Goiás,Desktop/Computador de mesa,Prefiro não dizer,Ateu,Esquerda,4-6,,,
8532,B,Piauí,Desktop/Computador de mesa,Indígena,Espírita,Esquerda,1-3,,,
8533,E,Rio Grande do Sul,Notebook/Netbook,Prefiro não dizer,Judaíca,Extrema Direita,<1,,,
8534,A,Paraíba,Desktop/Computador de mesa,Preta,Agnóstico,Esquerda,>10,,,
8535,B,Acre,Desktop/Computador de mesa,Branca,Evangélica,Esquerda,<1,,,
8536,D,Santa Catarina,Desktop/Computador de mesa,Amarela,Outras,Extrema Esquerda,4-6,,,
8537,B,Santa Catarina,Notebook/Netbook,Amarela,Judaíca,Esquerda,1-3,,,
8538,E,Pará,Outro,Parda,Judaíca,Direita,7-10,,,
8539,A,Sergipe,Notebook/Netbook,Parda,Agnóstico,Centro Esquerda,7-10,,,
8540,C,Tocantins,Desktop/Computador de mesa,Parda,Ateu,Extrema Direita,<1,,,
8541,A,Ceará,Outro,Parda,Outras,Centro Direita,7-10,,,
8542,B,Mato Grosso,Tablet,Indígena,Agnóstico,Extrema Esquerda,7-10,,,
8543,B,Amazonas,Notebook/Netbook,Branca,Agnóstico,Extrema Esquerda,7-10,,,
8544,C,Minas Gerais,Notebook/Netbook,Prefiro não dizer,Católica,Não se interessa,<1,,,
8545,D,Goiás,Smartphone/Celular,Parda,Outras,Direita,1-3,,,
8546,B,Pará,Smartphone/Celular,Indígena,Agnóstico,Não se interessa,7-10,,,
8547,B,Mato Grosso do Sul,Outro,Preta,Outras,Centro Esquerda,<1,,,
8548,B,Amapá,Tablet,Preta,Ateu,Extrema Esquerda,7-10,,,
8549,A,Distrito Federal,Desktop/Computador de mesa,Prefiro não dizer,Ateu,Esquerda,>10,,,
8550,B,Espírito Santo,Tablet,Prefiro não dizer,Católica,Direita,>10,,,
8551,A,Distrito Federal,Outro,Branca,Católica,Extrema Esquerda,4-6,,,
8552,D,Acre,Desktop/Computador de mesa,Prefiro não dizer,Agnóstico,Não se interessa,>10,,,
8553,D,Mato Grosso do Sul,Desktop/Computador de mesa,Preta,Católica,Não se interessa,1-3,,,
8554,E,São Paulo,Desktop/Computador de mesa,Parda,Ateu,Centro Direita,<1,,,
8555,E,Amapá,Notebook/Netbook,Branca,Ateu,Extrema Direita,<1,,,
8556,E,Tocantins,Outro,Preta,Outras,Centro Esquerda,4-6,,,
8557,B,Ceará,Desktop/Computador de mesa,Indígena,Católica,Centro,1-3,,,
8558,B,Mato Grosso,Desktop/Computador de mesa,Preta,Outras,Não se interessa,1-3,,,
8559,B,Paraná,Smartphone/Celular,Indígena,Agnóstico,Extrema Direita,1-3,,,
8560,A,Mato Grosso do Sul,Desktop/Computador de mesa,Prefiro não dizer,Outras,Direita,1-3,,,
8561,E,Goiás,Desktop/Computador de mesa,Amarela,Evangélica,Extrema Esquerda,4-6,,,
8562,D,Goiás,Smartphone/Celular,Prefiro não dizer,Outras,Extrema Direita,4-6,,,
8563,B,Amapá,Smartphone/Celular,Indígena,Judaíca,Extrema Esquerda,7-10,,,
8564,D,Acre,Notebook/Netbook,Prefiro não dizer,Agnóstico,Esquerda,<1,,,
8565,A,Amazonas,Tablet,Amarela,Espírita,Direita,1-3,,,
8566,B,Rio Grande do Norte,Notebook/Netbook,Amarela,Ateu,Extrema Esquerda,>10,,,
8567,E,Mato Grosso,Outro,Parda,Católica,Centro Esquerda,<1,,,
8568,A,Paraná,Smartphone/Celular,Amarela,Católica,Direita,4-6,,,
8569,E,Tocantins,Notebook/Netbook,Prefiro não dizer,Evangélica,Extrema Esquerda,1-3,,,
8570,A,São Paulo,Desktop/Computador de mesa,Parda,Agnóstico,Direita,1-3,,,
8571,A,Pernambuco,Notebook/Netbook,Prefiro não dizer,Espírita,Extrema Direita,1-3,,,
8572,A,Maranhão,Notebook/Netbook,Indígena,Espírita,Esquerda,7-10,,,
8573,D,Bahia,Desktop/Computador de mesa,Amarela,Outras,Não se interessa,1-3,,,
8574,E,Tocantins,Outro,Indígena,Outras,Extrema Esquerda,4-6,,,
8575,D,Acre,Notebook/Netbook,Parda,Outras,Extrema Direita,4-6,,,
8576,B,Tocantins,Outro,Preta,Evangélica,Não se interessa,4-6,,,
8577,A,Amapá,Smartphone/Celular,Branca,Evangélica,Centro Direita,4-6,,,
8578,B,Sergipe,Smartphone/Celular,Indígena,Evangélica,Centro Direita,4-6,,,
8579,A,Goiás,Smartphone/Celular,Indígena,Ateu,Extrema Esquerda,1-3,,,
8580,B,Acre,Notebook/Netbook,Parda,Agnóstico,Centro Direita,<1,,,
8581,B,Paraíba,Desktop/Computador de mesa,Parda,Judaíca,Centro Esquerda,>10,,,
8582,B,Ceará,Notebook/Netbook,Indígena,Agnóstico,Extrema Esquerda,7-10,,,
8583,A,Distrito Federal,Tablet,Parda,Ateu,Não se interessa,>10,,,
8584,D,Roraima,Smartphone/Celular,Prefiro não dizer,Espírita,Direita,4-6,,,
8585,C,Maranhão,Smartphone/Celular,Indígena,Outras,Extrema Direita,>10,,,
8586,D,Pará,Desktop/Computador de mesa,Preta,Agnóstico,Direita,7-10,,,
8587,A,Alagoas,Desktop/Computador de mesa,Amarela,Judaíca,Não se interessa,4-6,,,
8588,D,Amapá,Desktop/Computador de mesa,Indígena,Espírita,Centro Direita,4-6,,,
8589,B,Distrito Federal,Outro,Branca,Espírita,Não se interessa,>10,,,
8590,D,Amapá,Notebook/Netbook,Preta,Católica,Não se interessa,>10,,,
8591,E,Sergipe,Smartphone/Celular,Indígena,Outras,Extrema Esquerda,4-6,,,
8592,D,Piauí,Notebook/Netbook,Amarela,Espírita,Esquerda,<1,,,
8593,E,Mato Grosso do Sul,Desktop/Computador de mesa,Prefiro não dizer,Católica,Direita,>10,,,
8594,D,Rio de Janeiro,Desktop/Computador de mesa,Branca,Outras,Centro Esquerda,<1,,,
8595,C,Mato Grosso do Sul,Notebook/Netbook,Branca,Espírita,Direita,1-3,,,
8596,C,Rondônia,Tablet,Indígena,Católica,Extrema Direita,>10,,,
8597,E,Goiás,Notebook/Netbook,Branca,Outras,Centro Esquerda,<1,,,
8598,C,Rio Grande do Sul,Smartphone/Celular,Branca,Católica,Centro Esquerda,4-6,,,
8599,A,Espírito Santo,Smartphone/Celular,Branca,Católica,Centro Direita,1-3,,,
8600,B,Espírito Santo,Notebook/Netbook,Preta,Católica,Centro Direita,4-6,,,
8601,E,Pernambuco,Tablet,Parda,Ateu,Direita,>10,,,
8602,A,Pernambuco,Notebook/Netbook,Branca,Católica,Centro Direita,>10,,,
8603,D,Goiás,Desktop/Computador de mesa,Amarela,Agnóstico,Centro Esquerda,4-6,,,
8604,B,Pará,Smartphone/Celular,Indígena,Evangélica,Não se interessa,>10,,,
8605,B,Minas Gerais,Notebook/Netbook,Preta,Judaíca,Centro Esquerda,1-3,,,
8606,D,Maranhão,Notebook/Netbook,Branca,Católica,Esquerda,7-10,,,
8607,C,Rio Grande do Norte,Notebook/Netbook,Branca,Outras,Extrema Direita,7-10,,,
8608,B,Rondônia,Tablet,Indígena,Espírita,Centro Direita,<1,,,
8609,D,Tocantins,Outro,Prefiro não dizer,Espírita,Centro Direita,<1,,,
8610,B,São Paulo,Tablet,Indígena,Evangélica,Esquerda,<1,,,
8611,E,Maranhão,Desktop/Computador de mesa,Parda,Católica,Centro Direita,7-10,,,
8612,E,Alagoas,Smartphone/Celular,Indígena,Ateu,Extrema Esquerda,1-3,,,
8613,E,Roraima,Notebook/Netbook,Branca,Ateu,Centro Esquerda,>10,,,
8614,D,Sergipe,Tablet,Amarela,Evangélica,Esquerda,7-10,,,
8615,E,Rio de Janeiro,Notebook/Netbook,Indígena,Agnóstico,Centro Esquerda,7-10,,,
8616,E,Mato Grosso do Sul,Smartphone/Celular,Parda,Outras,Direita,4-6,,,
8617,E,Rondônia,Notebook/Netbook,Indígena,Agnóstico,Direita,>10,,,
8618,B,Amapá,Notebook/Netbook,Indígena,Ateu,Centro Esquerda,1-3,,,
8619,D,Bahia,Smartphone/Celular,Branca,Agnóstico,Centro,1-3,,,
8620,C,Tocantins,Tablet,Preta,Judaíca,Extrema Esquerda,<1,,,
8621,D,Sergipe,Tablet,Branca,Outras,Extrema Direita,4-6,,,
8622,C,Mato Grosso,Outro,Preta,Agnóstico,Centro,>10,,,
8623,A,Bahia,Tablet,Parda,Ateu,Não se interessa,4-6,,,
8624,D,Maranhão,Outro,Parda,Evangélica,Extrema Esquerda,>10,,,
8625,B,Rio Grande do Sul,Tablet,Branca,Católica,Extrema Direita,<1,,,
8626,C,Paraná,Notebook/Netbook,Parda,Outras,Centro Esquerda,4-6,,,
8627,A,Espírito Santo,Notebook/Netbook,Indígena,Judaíca,Extrema Esquerda,7-10,,,
8628,E,Bahia,Outro,Branca,Católica,Centro Esquerda,7-10,,,
8629,B,Pernambuco,Tablet,Prefiro não dizer,Judaíca,Esquerda,>10,,,
8630,A,Piauí,Outro,Preta,Espírita,Direita,1-3,,,
8631,B,Goiás,Notebook/Netbook,Branca,Judaíca,Esquerda,7-10,,,
8632,A,Minas Gerais,Notebook/Netbook,Preta,Católica,Centro Esquerda,>10,,,
8633,D,Rio Grande do Norte,Notebook/Netbook,Preta,Agnóstico,Centro Direita,<1,,,
8634,A,Amazonas,Tablet,Amarela,Agnóstico,Extrema Direita,<1,,,
8635,C,Acre,Tablet,Amarela,Judaíca,Centro Direita,<1,,,
8636,A,Pará,Desktop/Computador de mesa,Indígena,Ateu,Centro,>10,,,
8637,B,Minas Gerais,Desktop/Computador de mesa,Branca,Evangélica,Extrema Direita,4-6,,,
8638,C,Rio Grande do Norte,Tablet,Parda,Outras,Centro Esquerda,1-3,,,
8639,E,Distrito Federal,Outro,Preta,Espírita,Centro Direita,1-3,,,
8640,D,Goiás,Desktop/Computador de mesa,Amarela,Católica,Centro Esquerda,<1,,,
8641,E,Goiás,Desktop/Computador de mesa,Indígena,Outras,Centro,<1,,,
8642,B,Espírito Santo,Outro,Parda,Judaíca,Centro Esquerda,1-3,,,
8643,B,Sergipe,Smartphone/Celular,Preta,Outras,Esquerda,4-6,,,
8644,A,Espírito Santo,Notebook/Netbook,Parda,Judaíca,Não se interessa,1-3,,,
8645,C,Ceará,Desktop/Computador de mesa,Indígena,Ateu,Esquerda,<1,,,
8646,B,Roraima,Outro,Prefiro não dizer,Evangélica,Direita,>10,,,
8647,C,Distrito Federal,Tablet,Indígena,Judaíca,Não se interessa,4-6,,,
8648,C,Piauí,Smartphone/Celular,Prefiro não dizer,Católica,Centro Esquerda,<1,,,
8649,C,Bahia,Outro,Branca,Agnóstico,Extrema Direita,>10,,,
8650,A,Paraíba,Notebook/Netbook,Amarela,Agnóstico,Centro Direita,7-10,,,
8651,A,Pernambuco,Notebook/Netbook,Indígena,Agnóstico,Direita,4-6,,,
8652,E,São Paulo,Tablet,Prefiro não dizer,Espírita,Centro,<1,,,
8653,A,Paraíba,Smartphone/Celular,Parda,Evangélica,Centro Direita,7-10,,,
8654,E,Acre,Outro,Indígena,Outras,Extrema Direita,1-3,,,
8655,A,Mato Grosso do Sul,Outro,Parda,Espírita,Centro Direita,<1,,,
8656,B,Espírito Santo,Smartphone/Celular,Parda,Espírita,Extrema Esquerda,4-6,,,
8657,D,Santa Catarina,Desktop/Computador de mesa,Branca,Católica,Não se interessa,4-6,,,
8658,D,Alagoas,Tablet,Amarela,Evangélica,Não se interessa,1-3,,,
8659,E,Acre,Outro,Preta,Judaíca,Extrema Esquerda,>10,,,
8660,A,Mato Grosso do Sul,Outro,Preta,Judaíca,Centro,>10,,,
8661,D,Santa Catarina,Desktop/Computador de mesa,Preta,Espírita,Extrema Esquerda,1-3,,,
8662,D,Rio Grande do Sul,Notebook/Netbook,Amarela,Judaíca,Centro Esquerda,<1,,,
8663,A,São Paulo,Outro,Branca,Evangélica,Não se interessa,1-3,,,
8664,A,Roraima,Notebook/Netbook,Prefiro não dizer,Ateu,Direita,1-3,,,
8665,D,Rio de Janeiro,Tablet,Parda,Ateu,Centro,1-3,,,
8666,B,Minas Gerais,Outro,Prefiro não dizer,Judaíca,Direita,<1,,,
8667,C,Paraíba,Outro,Indígena,Espírita,Extrema Esquerda,4-6,,,
8668,C,São Paulo,Notebook/Netbook,Preta,Judaíca,Extrema Direita,1-3,,,
8669,A,Paraná,Desktop/Computador de mesa,Amarela,Outras,Esquerda,7-10,,,
8670,D,Piauí,Tablet,Preta,Evangélica,Centro Esquerda,1-3,,,
8671,D,Santa Catarina,Notebook/Netbook,Parda,Evangélica,Extrema Esquerda,4-6,,,
8672,D,Rondônia,Smartphone/Celular,Parda,Evangélica,Centro,7-10,,,
8673,D,Minas Gerais,Desktop/Computador de mesa,Preta,Evangélica,Extrema Direita,4-6,,,
8674,D,Alagoas,Smartphone/Celular,Preta,Agnóstico,Extrema Esquerda,>10,,,
8675,D,Piauí,Notebook/Netbook,Indígena,Judaíca,Centro,>10,,,
8676,B,Alagoas,Smartphone/Celular,Indígena,Agnóstico,Direita,<1,,,
8677,D,Espírito Santo,Notebook/Netbook,Parda,Judaíca,Extrema Esquerda,<1,,,
8678,E,Mato Grosso do Sul,Notebook/Netbook,Branca,Agnóstico,Direita,7-10,,,
8679,E,Goiás,Tablet,Prefiro não dizer,Outras,Extrema Direita,<1,,,
8680,A,Ceará,Desktop/Computador de mesa,Branca,Evangélica,Centro Esquerda,7-10,,,
8681,E,Ceará,Notebook/Netbook,Amarela,Judaíca,Extrema Direita,<1,,,
8682,A,Alagoas,Notebook/Netbook,Preta,Evangélica,Centro Direita,4-6,,,
8683,B,Paraná,Tablet,Parda,Agnóstico,Direita,4-6,,,
8684,E,Paraíba,Tablet,Branca,Outras,Esquerda,<1,,,
8685,D,Espírito Santo,Tablet,Preta,Outras,Centro Direita,<1,,,
8686,B,Acre,Tablet,Parda,Agnóstico,Direita,>10,,,
8687,D,Mato Grosso do Sul,Outro,Preta,Agnóstico,Centro,>10,,,
8688,E,Pernambuco,Notebook/Netbook,Prefiro não dizer,Ateu,Centro,1-3,,,
8689,B,Rio Grande do Sul,Notebook/Netbook,Parda,Espírita,Esquerda,<1,,,
8690,C,Goiás,Outro,Branca,Judaíca,Direita,<1,,,
8691,B,Pará,Smartphone/Celular,Parda,Agnóstico,Esquerda,>10,,,
8692,C,Ceará,Smartphone/Celular,Parda,Espírita,Centro Esquerda,>10,,,
8693,E,Espírito Santo,Notebook/Netbook,Prefiro não dizer,Católica,Extrema Direita,>10,,,
8694,A,São Paulo,Desktop/Computador de mesa,Prefiro não dizer,Ateu,Centro,<1,,,
8695,B,Rio de Janeiro,Outro,Indígena,Espírita,Centro Direita,4-6,,,
8696,A,Distrito Federal,Desktop/Computador de mesa,Indígena,Judaíca,Extrema Esquerda,4-6,,,
8697,A,Amazonas,Tablet,Indígena,Espírita,Extrema Direita,<1,,,
8698,B,Minas Gerais,Notebook/Netbook,Indígena,Outras,Esquerda,<1,,,
8699,B,Amazonas,Tablet,Preta,Agnóstico,Esquerda,1-3,,,
8700,E,Pernambuco,Desktop/Computador de mesa,Branca,Espírita,Esquerda,7-10,,,
8701,C,Amazonas,Tablet,Indígena,Ateu,Centro Direita,<1,,,
8702,B,Mato Grosso,Desktop/Computador de mesa,Prefiro não dizer,Outras,Centro Direita,>10,,,
8703,B,São Paulo,Notebook/Netbook,Prefiro não dizer,Judaíca,Extrema Esquerda,>10,,,
8704,B,Rio Grande do Sul,Notebook/Netbook,Branca,Outras,Não se interessa,>10,,,
8705,D,Santa Catarina,Outro,Indígena,Espírita,Extrema Direita,1-3,,,
8706,D,Espírito Santo,Tablet,Indígena,Ateu,Centro Esquerda,7-10,,,
8707,A,Minas Gerais,Tablet,Preta,Outras,Esquerda,<1,,,
8708,C,Distrito Federal,Smartphone/Celular,Prefiro não dizer,Agnóstico,Centro,1-3,,,
8709,D,Paraná,Desktop/Computador de mesa,Amarela,Outras,Extrema Esquerda,1-3,,,
8710,C,Roraima,Smartphone/Celular,Preta,Evangélica,Extrema Esquerda,1-3,,,
8711,D,Alagoas,Smartphone/Celular,Amarela,Outras,Extrema Direita,>10,,,
8712,B,Amapá,Notebook/Netbook,Branca,Católica,Extrema Esquerda,>10,,,
8713,D,Rio de Janeiro,Smartphone/Celular,Prefiro não dizer,Ateu,Extrema Direita,>10,,,
8714,E,Espírito Santo,Notebook/Netbook,Amarela,Judaíca,Centro Esquerda,<1,,,
8715,E,Amazonas,Outro,Amarela,Agnóstico,Esquerda,4-6,,,
8716,E,Alagoas,Smartphone/Celular,Amarela,Agnóstico,Direita,7-10,,,
8717,C,Alagoas,Notebook/Netbook,Preta,Ateu,Não se interessa,>10,,,
8718,E,Rio Grande do Norte,Desktop/Computador de mesa,Prefiro não dizer,Evangélica,Esquerda,1-3,,,
8719,E,Mato Grosso,Tablet,Prefiro não dizer,Católica,Centro Esquerda,4-6,,,
8720,A,Ceará,Outro,Preta,Judaíca,Centro Direita,>10,,,
8721,D,Ceará,Notebook/Netbook,Parda,Agnóstico,Extrema Esquerda,>10,,,
8722,C,Amazonas,Smartphone/Celular,Indígena,Judaíca,Centro,>10,,,
8723,B,Amapá,Desktop/Computador de mesa,Indígena,Judaíca,Extrema Esquerda,1-3,,,
8724,A,Piauí,Desktop/Computador de mesa,Indígena,Agnóstico,Centro Esquerda,7-10,,,
8725,D,Rondônia,Desktop/Computador de mesa,Parda,Evangélica,Centro Esquerda,1-3,,,
8726,A,Rondônia,Desktop/Computador de mesa,Branca,Ateu,Esquerda,1-3,,,
8727,C,Bahia,Notebook/Netbook,Branca,Evangélica,Centro,<1,,,
8728,E,Goiás,Desktop/Computador de mesa,Parda,Judaíca,Centro Esquerda,>10,,,
8729,E,Acre,Desktop/Computador de mesa,Parda,Evangélica,Direita,>10,,,
8730,D,Bahia,Smartphone/Celular,Branca,Católica,Centro,4-6,,,
8731,B,Espírito Santo,Desktop/Computador de mesa,Indígena,Agnóstico,Centro Direita,<1,,,
8732,D,Piauí,Smartphone/Celular,Prefiro não dizer,Agnóstico,Centro,<1,,,
8733,E,Paraná,Smartphone/Celular,Amarela,Agnóstico,Centro,7-10,,,
8734,C,Rio de Janeiro,Notebook/Netbook,Indígena,Evangélica,Centro,>10,,,
8735,D,Rio de Janeiro,Notebook/Netbook,Branca,Agnóstico,Direita,7-10,,,
8736,E,Rio de Janeiro,Notebook/Netbook,Amarela,Outras,Esquerda,<1,,,
8737,B,Ceará,Outro,Preta,Judaíca,Não se interessa,7-10,,,
8738,C,Rondônia,Smartphone/Celular,Amarela,Espírita,Centro Direita,4-6,,,
8739,A,Pará,Desktop/Computador de mesa,Parda,Judaíca,Extrema Direita,4-6,,,
8740,E,Sergipe,Notebook/Netbook,Indígena,Judaíca,Direita,>10,,,
8741,D,Piauí,Notebook/Netbook,Indígena,Ateu,Extrema Direita,<1,,,
8742,C,Goiás,Tablet,Indígena,Outras,Esquerda,1-3,,,
8743,A,Rio de Janeiro,Outro,Branca,Ateu,Extrema Esquerda,<1,,,
8744,D,Amazonas,Desktop/Computador de mesa,Amarela,Católica,Extrema Esquerda,7-10,,,
8745,C,Roraima,Tablet,Amarela,Judaíca,Centro Direita,4-6,,,
8746,A,Ceará,Smartphone/Celular,Parda,Espírita,Não se interessa,<1,,,
8747,E,Rio Grande do Norte,Notebook/Netbook,Preta,Católica,Esquerda,7-10,,,
8748,E,Paraná,Smartphone/Celular,Indígena,Judaíca,Direita,1-3,,,
8749,E,Espírito Santo,Desktop/Computador de mesa,Branca,Agnóstico,Direita,1-3,,,
8750,C,Amazonas,Outro,Amarela,Judaíca,Extrema Esquerda,<1,,,
8751,E,Paraná,Smartphone/Celular,Branca,Agnóstico,Centro Esquerda,1-3,,,
8752,C,Mato Grosso,Smartphone/Celular,Parda,Evangélica,Extrema Esquerda,1-3,,,
8753,E,Rondônia,Smartphone/Celular,Parda,Ateu,Centro Esquerda,1-3,,,
8754,C,Rio Grande do Sul,Smartphone/Celular,Parda,Agnóstico,Extrema Esquerda,1-3,,,
8755,E,Rio Grande do Norte,Desktop/Computador de mesa,Branca,Espírita,Centro Esquerda,4-6,,,
8756,D,Alagoas,Smartphone/Celular,Prefiro não dizer,Ateu,Centro,>10,,,
8757,C,Rio Grande do Sul,Notebook/Netbook,Branca,Agnóstico,Centro,>10,,,
8758,E,Distrito Federal,Notebook/Netbook,Prefiro não dizer,Católica,Centro Esquerda,1-3,,,
8759,B,Amapá,Outro,Preta,Espírita,Extrema Esquerda,7-10,,,
8760,D,Distrito Federal,Outro,Preta,Católica,Esquerda,<1,,,
8761,C,Pará,Notebook/Netbook,Preta,Agnóstico,Direita,1-3,,,
8762,B,Distrito Federal,Smartphone/Celular,Parda,Outras,Esquerda,1-3,,,
8763,C,Acre,Tablet,Amarela,Evangélica,Extrema Direita,>10,,,
8764,A,Rio Grande do Sul,Outro,Prefiro não dizer,Evangélica,Centro Direita,1-3,,,
8765,A,Mato Grosso do Sul,Desktop/Computador de mesa,Indígena,Judaíca,Direita,7-10,,,
8766,C,Rio Grande do Sul,Tablet,Amarela,Evangélica,Centro Esquerda,7-10,,,
8767,C,Distrito Federal,Smartphone/Celular,Branca,Católica,Centro,4-6,,,
8768,C,Roraima,Notebook/Netbook,Indígena,Evangélica,Esquerda,1-3,,,
8769,B,Amapá,Smartphone/Celular,Indígena,Ateu,Esquerda,>10,,,
8770,D,Rio de Janeiro,Notebook/Netbook,Indígena,Católica,Esquerda,>10,,,
8771,A,Minas Gerais,Tablet,Preta,Espírita,Extrema Esquerda,<1,,,
8772,C,Amazonas,Desktop/Computador de mesa,Preta,Agnóstico,Centro,1-3,,,
8773,B,Amazonas,Smartphone/Celular,Parda,Judaíca,Centro Esquerda,<1,,,
8774,B,Paraíba,Desktop/Computador de mesa,Amarela,Outras,Centro Direita,>10,,,
8775,C,Minas Gerais,Tablet,Branca,Agnóstico,Esquerda,7-10,,,
8776,A,Minas Gerais,Notebook/Netbook,Prefiro não dizer,Evangélica,Não se interessa,>10,,,
8777,A,Rio de Janeiro,Tablet,Branca,Espírita,Extrema Direita,4-6,,,
8778,A,Mato Grosso,Tablet,Preta,Evangélica,Extrema Direita,1-3,,,
8779,B,Santa Catarina,Outro,Prefiro não dizer,Espírita,Centro Esquerda,<1,,,
8780,A,Minas Gerais,Desktop/Computador de mesa,Preta,Católica,Direita,4-6,,,
8781,B,Paraíba,Smartphone/Celular,Preta,Judaíca,Direita,>10,,,
8782,C,Roraima,Outro,Parda,Outras,Centro Direita,>10,,,
8783,E,São Paulo,Smartphone/Celular,Branca,Católica,Centro,1-3,,,
8784,B,Amapá,Desktop/Computador de mesa,Branca,Judaíca,Extrema Esquerda,4-6,,,
8785,A,Alagoas,Outro,Prefiro não dizer,Agnóstico,Extrema Esquerda,<1,,,
8786,C,Paraná,Desktop/Computador de mesa,Prefiro não dizer,Outras,Extrema Esquerda,7-10,,,
8787,B,Minas Gerais,Notebook/Netbook,Indígena,Espírita,Extrema Esquerda,<1,,,
8788,D,Tocantins,Outro,Parda,Evangélica,Direita,7-10,,,
8789,C,Distrito Federal,Smartphone/Celular,Branca,Evangélica,Centro,7-10,,,
8790,B,Tocantins,Notebook/Netbook,Prefiro não dizer,Ateu,Esquerda,1-3,,,
8791,A,Pará,Notebook/Netbook,Indígena,Ateu,Direita,1-3,,,
8792,C,São Paulo,Outro,Amarela,Ateu,Centro,1-3,,,
8793,B,Ceará,Tablet,Preta,Evangélica,Extrema Direita,7-10,,,
8794,D,Rio Grande do Norte,Desktop/Computador de mesa,Preta,Espírita,Extrema Direita,>10,,,
8795,E,Ceará,Desktop/Computador de mesa,Amarela,Agnóstico,Direita,>10,,,
8796,A,Roraima,Desktop/Computador de mesa,Prefiro não dizer,Ateu,Esquerda,4-6,,,
8797,B,Ceará,Tablet,Branca,Agnóstico,Extrema Esquerda,1-3,,,
8798,A,Pernambuco,Tablet,Branca,Ateu,Extrema Esquerda,<1,,,
8799,B,Distrito Federal,Notebook/Netbook,Prefiro não dizer,Espírita,Extrema Direita,7-10,,,
8800,C,Espírito Santo,Smartphone/Celular,Branca,Judaíca,Extrema Esquerda,>10,,,
8801,E,São Paulo,Desktop/Computador de mesa,Parda,Evangélica,Extrema Esquerda,1-3,,,
8802,E,Mato Grosso,Notebook/Netbook,Branca,Evangélica,Extrema Esquerda,4-6,,,
8803,B,Minas Gerais,Tablet,Prefiro não dizer,Agnóstico,Centro,7-10,,,
8804,B,Sergipe,Smartphone/Celular,Indígena,Ateu,Centro Direita,7-10,,,
8805,A,Pará,Desktop/Computador de mesa,Prefiro não dizer,Ateu,Extrema Esquerda,1-3,,,
8806,B,Bahia,Desktop/Computador de mesa,Branca,Judaíca,Centro Direita,1-3,,,
8807,D,Goiás,Smartphone/Celular,Parda,Outras,Esquerda,1-3,,,
8808,B,Bahia,Desktop/Computador de mesa,Parda,Agnóstico,Esquerda,<1,,,
8809,A,Paraíba,Smartphone/Celular,Indígena,Judaíca,Extrema Direita,>10,,,
8810,E,Piauí,Desktop/Computador de mesa,Branca,Espírita,Não se interessa,7-10,,,
8811,A,Paraná,Notebook/Netbook,Preta,Agnóstico,Extrema Esquerda,4-6,,,
8812,E,Pernambuco,Tablet,Preta,Judaíca,Centro,<1,,,
8813,E,Rio de Janeiro,Smartphone/Celular,Amarela,Ateu,Centro Direita,4-6,,,
8814,B,Piauí,Smartphone/Celular,Parda,Ateu,Centro Direita,4-6,,,
8815,E,Pará,Desktop/Computador de mesa,Branca,Judaíca,Centro Esquerda,1-3,,,
8816,A,Acre,Smartphone/Celular,Parda,Judaíca,Não se interessa,<1,,,
8817,E,Rio Grande do Norte,Smartphone/Celular,Preta,Católica,Extrema Esquerda,7-10,,,
8818,B,Alagoas,Tablet,Indígena,Evangélica,Não se interessa,4-6,,,
8819,E,Ceará,Desktop/Computador de mesa,Parda,Evangélica,Centro Direita,1-3,,,
8820,A,São Paulo,Notebook/Netbook,Prefiro não dizer,Evangélica,Centro,7-10,,,
8821,D,Alagoas,Tablet,Indígena,Espírita,Direita,>10,,,
8822,A,Amazonas,Notebook/Netbook,Preta,Católica,Centro Direita,4-6,,,
8823,C,Tocantins,Smartphone/Celular,Parda,Judaíca,Centro,1-3,,,
8824,E,Tocantins,Desktop/Computador de mesa,Branca,Espírita,Esquerda,>10,,,
8825,D,Santa Catarina,Tablet,Preta,Ateu,Direita,>10,,,
8826,D,Paraíba,Outro,Indígena,Espírita,Centro Direita,7-10,,,
8827,C,Amapá,Outro,Prefiro não dizer,Agnóstico,Centro,7-10,,,
8828,E,Roraima,Outro,Preta,Espírita,Centro,<1,,,
8829,E,Alagoas,Outro,Prefiro não dizer,Católica,Centro Direita,7-10,,,
8830,E,Alagoas,Outro,Amarela,Evangélica,Centro Esquerda,>10,,,
8831,B,Mato Grosso do Sul,Tablet,Indígena,Católica,Extrema Direita,>10,,,
8832,E,Rondônia,Notebook/Netbook,Indígena,Judaíca,Centro,>10,,,
8833,C,Espírito Santo,Tablet,Prefiro não dizer,Espírita,Centro,<1,,,
8834,B,Rio de Janeiro,Notebook/Netbook,Amarela,Espírita,Extrema Esquerda,<1,,,
8835,C,Paraná,Notebook/Netbook,Preta,Outras,Centro,7-10,,,
8836,C,Amazonas,Tablet,Prefiro não dizer,Católica,Não se interessa,1-3,,,
8837,C,Santa Catarina,Desktop/Computador de mesa,Parda,Outras,Esquerda,<1,,,
8838,B,Mato Grosso,Desktop/Computador de mesa,Indígena,Agnóstico,Centro Esquerda,>10,,,
8839,B,Rio de Janeiro,Smartphone/Celular,Prefiro não dizer,Agnóstico,Centro Direita,4-6,,,
8840,A,Amazonas,Desktop/Computador de mesa,Parda,Judaíca,Extrema Esquerda,<1,,,
8841,E,Paraíba,Desktop/Computador de mesa,Branca,Outras,Não se interessa,1-3,,,
8842,C,Paraná,Desktop/Computador de mesa,Preta,Católica,Centro Esquerda,>10,,,
8843,A,Rio Grande do Norte,Tablet,Prefiro não dizer,Agnóstico,Esquerda,1-3,,,
8844,C,Tocantins,Desktop/Computador de mesa,Parda,Católica,Extrema Direita,>10,,,
8845,D,Pernambuco,Notebook/Netbook,Parda,Evangélica,Centro,<1,,,
8846,E,Alagoas,Tablet,Branca,Agnóstico,Centro Direita,7-10,,,
8847,B,Amapá,Tablet,Indígena,Agnóstico,Esquerda,>10,,,
8848,A,Rondônia,Notebook/Netbook,Indígena,Outras,Extrema Direita,7-10,,,
8849,B,Roraima,Outro,Parda,Evangélica,Extrema Esquerda,<1,,,
8850,C,Santa Catarina,Smartphone/Celular,Amarela,Espírita,Esquerda,<1,,,
8851,E,Rio Grande do Norte,Notebook/Netbook,Indígena,Ateu,Direita,>10,,,
8852,C,Goiás,Smartphone/Celular,Prefiro não dizer,Espírita,Esquerda,<1,,,
8853,E,Rondônia,Notebook/Netbook,Amarela,Evangélica,Extrema Direita,<1,,,
8854,B,Amapá,Desktop/Computador de mesa,Amarela,Católica,Centro,7-10,,,
8855,A,Pernambuco,Desktop/Computador de mesa,Prefiro não dizer,Outras,Direita,7-10,,,
8856,B,Rondônia,Tablet,Prefiro não dizer,Espírita,Centro Direita,1-3,,,
8857,A,Rio Grande do Sul,Desktop/Computador de mesa,Amarela,Espírita,Extrema Direita,>10,,,
8858,C,Bahia,Notebook/Netbook,Parda,Judaíca,Direita,4-6,,,
8859,B,Paraíba,Smartphone/Celular,Prefiro não dizer,Agnóstico,Extrema Esquerda,7-10,,,
8860,C,São Paulo,Notebook/Netbook,Prefiro não dizer,Outras,Direita,<1,,,
8861,D,Distrito Federal,Outro,Branca,Evangélica,Esquerda,1-3,,,
8862,D,Roraima,Smartphone/Celular,Branca,Outras,Centro,4-6,,,
8863,D,Rio de Janeiro,Notebook/Netbook,Indígena,Ateu,Esquerda,4-6,,,
8864,E,Paraíba,Tablet,Indígena,Judaíca,Extrema Direita,<1,,,
8865,B,São Paulo,Smartphone/Celular,Preta,Evangélica,Extrema Direita,>10,,,
8866,A,Rondônia,Smartphone/Celular,Branca,Agnóstico,Centro,<1,,,
8867,A,Rio Grande do Sul,Smartphone/Celular,Preta,Outras,Direita,>10,,,
8868,C,Goiás,Tablet,Parda,Evangélica,Centro Esquerda,4-6,,,
8869,E,Distrito Federal,Tablet,Preta,Judaíca,Esquerda,7-10,,,
8870,C,Rio Grande do Sul,Notebook/Netbook,Parda,Católica,Extrema Direita,4-6,,,
8871,E,Bahia,Notebook/Netbook,Branca,Espírita,Centro Esquerda,<1,,,
8872,E,Minas Gerais,Tablet,Parda,Outras,Centro Esquerda,>10,,,
8873,E,São Paulo,Smartphone/Celular,Amarela,Agnóstico,Extrema Esquerda,7-10,,,
8874,D,Mato Grosso,Desktop/Computador de mesa,Branca,Espírita,Centro Direita,1-3,,,
8875,D,Mato Grosso,Notebook/Netbook,Prefiro não dizer,Outras,Centro,>10,,,
8876,E,Santa Catarina,Desktop/Computador de mesa,Branca,Católica,Extrema Esquerda,1-3,,,
8877,A,Paraná,Tablet,Branca,Agnóstico,Centro,<1,,,
8878,B,Alagoas,Notebook/Netbook,Preta,Ateu,Centro,7-10,,,
8879,D,Ceará,Outro,Amarela,Católica,Centro Direita,<1,,,
8880,D,Sergipe,Notebook/Netbook,Prefiro não dizer,Evangélica,Esquerda,1-3,,,
8881,E,Sergipe,Tablet,Indígena,Judaíca,Direita,4-6,,,
8882,B,Tocantins,Desktop/Computador de mesa,Prefiro não dizer,Judaíca,Centro Direita,<1,,,
8883,E,Pernambuco,Outro,Parda,Agnóstico,Extrema Direita,<1,,,
8884,A,Santa Catarina,Smartphone/Celular,Preta,Agnóstico,Centro Esquerda,7-10,,,
8885,A,Rio de Janeiro,Outro,Branca,Outras,Centro Direita,<1,,,
8886,B,Piauí,Notebook/Netbook,Preta,Agnóstico,Centro Direita,7-10,,,
8887,D,Distrito Federal,Desktop/Computador de mesa,Amarela,Evangélica,Não se interessa,4-6,,,
8888,B,Ceará,Tablet,Branca,Católica,Esquerda,4-6,,,
8889,C,Rio Grande do Norte,Tablet,Preta,Evangélica,Não se interessa,7-10,,,
8890,A,Roraima,Desktop/Computador de mesa,Branca,Católica,Centro,<1,,,
8891,E,Paraná,Notebook/Netbook,Branca,Judaíca,Extrema Esquerda,4-6,,,
8892,D,Paraná,Smartphone/Celular,Indígena,Evangélica,Centro Direita,>10,,,
8893,E,Rio Grande do Sul,Outro,Amarela,Evangélica,Centro Direita,7-10,,,
8894,C,Ceará,Smartphone/Celular,Prefiro não dizer,Judaíca,Centro,>10,,,
8895,E,Santa Catarina,Desktop/Computador de mesa,Parda,Católica,Direita,>10,,,
8896,A,Sergipe,Notebook/Netbook,Prefiro não dizer,Judaíca,Centro,1-3,,,
8897,E,Rio de Janeiro,Smartphone/Celular,Branca,Outras,Extrema Direita,7-10,,,
8898,B,Alagoas,Desktop/Computador de mesa,Preta,Evangélica,Direita,7-10,,,
8899,C,Goiás,Outro,Preta,Ateu,Não se interessa,>10,,,
8900,E,Piauí,Tablet,Preta,Agnóstico,Extrema Direita,4-6,,,
8901,E,Rio Grande do Norte,Outro,Branca,Evangélica,Direita,7-10,,,
8902,C,Pará,Desktop/Computador de mesa,Preta,Ateu,Não se interessa,1-3,,,
8903,C,Bahia,Smartphone/Celular,Parda,Outras,Extrema Direita,4-6,,,
8904,B,Bahia,Smartphone/Celular,Amarela,Católica,Extrema Direita,1-3,,,
8905,C,Pernambuco,Tablet,Branca,Judaíca,Direita,4-6,,,
8906,A,Espírito Santo,Tablet,Prefiro não dizer,Evangélica,Extrema Esquerda,1-3,,,
8907,D,Pernambuco,Outro,Prefiro não dizer,Católica,Extrema Esquerda,>10,,,
8908,A,Paraná,Tablet,Prefiro não dizer,Outras,Centro,7-10,,,
8909,E,Amazonas,Notebook/Netbook,Branca,Agnóstico,Centro Esquerda,>10,,,
8910,B,Amapá,Tablet,Prefiro não dizer,Judaíca,Extrema Esquerda,4-6,,,
8911,D,Rondônia,Smartphone/Celular,Prefiro não dizer,Ateu,Centro Esquerda,<1,,,
8912,B,Sergipe,Outro,Amarela,Agnóstico,Não se interessa,<1,,,
8913,E,Mato Grosso,Notebook/Netbook,Prefiro não dizer,Evangélica,Não se interessa,1-3,,,
8914,D,Ceará,Desktop/Computador de mesa,Branca,Católica,Esquerda,1-3,,,
8915,D,Rondônia,Outro,Branca,Ateu,Não se interessa,>10,,,
8916,B,Mato Grosso do Sul,Notebook/Netbook,Branca,Judaíca,Extrema Direita,>10,,,
8917,D,Piauí,Smartphone/Celular,Prefiro não dizer,Ateu,Centro,4-6,,,
8918,D,Ceará,Smartphone/Celular,Indígena,Evangélica,Não se interessa,<1,,,
8919,B,São Paulo,Desktop/Computador de mesa,Branca,Ateu,Extrema Direita,1-3,,,
8920,E,Maranhão,Smartphone/Celular,Indígena,Outras,Extrema Direita,1-3,,,
8921,B,Rio Grande do Norte,Outro,Parda,Outras,Extrema Esquerda,4-6,,,
8922,D,Piauí,Desktop/Computador de mesa,Amarela,Outras,Não se interessa,1-3,,,
8923,C,Acre,Outro,Indígena,Evangélica,Centro Direita,4-6,,,
8924,C,Mato Grosso,Tablet,Prefiro não dizer,Agnóstico,Centro Esquerda,1-3,,,
8925,E,Paraíba,Outro,Indígena,Outras,Esquerda,>10,,,
8926,D,Espírito Santo,Tablet,Amarela,Católica,Não se interessa,4-6,,,
8927,E,Pernambuco,Notebook/Netbook,Prefiro não dizer,Agnóstico,Centro Esquerda,4-6,,,
8928,D,Piauí,Notebook/Netbook,Amarela,Evangélica,Não se interessa,>10,,,
8929,D,Mato Grosso,Outro,Indígena,Judaíca,Centro,<1,,,
8930,B,Acre,Tablet,Indígena,Espírita,Esquerda,1-3,,,
8931,B,Amazonas,Tablet,Indígena,Outras,Não se interessa,4-6,,,
8932,D,Acre,Outro,Indígena,Católica,Esquerda,<1,,,
8933,A,São Paulo,Outro,Branca,Agnóstico,Extrema Esquerda,1-3,,,
8934,D,Ceará,Outro,Prefiro não dizer,Evangélica,Centro Esquerda,>10,,,
8935,C,Distrito Federal,Desktop/Computador de mesa,Amarela,Católica,Extrema Esquerda,1-3,,,
8936,A,Alagoas,Tablet,Indígena,Espírita,Centro,<1,,,
8937,D,Goiás,Tablet,Parda,Outras,Centro Esquerda,4-6,,,
8938,B,Tocantins,Smartphone/Celular,Indígena,Outras,Extrema Direita,7-10,,,
8939,C,Santa Catarina,Outro,Branca,Ateu,Direita,<1,,,
8940,C,Maranhão,Outro,Preta,Ateu,Centro,1-3,,,
8941,A,Mato Grosso do Sul,Outro,Amarela,Evangélica,Direita,4-6,,,
8942,C,Espírito Santo,Smartphone/Celular,Parda,Agnóstico,Não se interessa,7-10,,,
8943,A,Rio de Janeiro,Outro,Branca,Outras,Não se interessa,>10,,,
8944,D,Mato Grosso do Sul,Smartphone/Celular,Branca,Ateu,Centro,7-10,,,
8945,A,Rio de Janeiro,Notebook/Netbook,Parda,Agnóstico,Extrema Direita,1-3,,,
8946,D,Rio Grande do Norte,Notebook/Netbook,Prefiro não dizer,Evangélica,Centro Direita,>10,,,
8947,E,Mato Grosso,Outro,Prefiro não dizer,Judaíca,Centro Esquerda,1-3,,,
8948,D,Alagoas,Outro,Branca,Católica,Extrema Esquerda,>10,,,
8949,C,Piauí,Outro,Parda,Judaíca,Direita,<1,,,
8950,B,Rio Grande do Norte,Outro,Branca,Espírita,Centro Esquerda,7-10,,,
8951,E,Santa Catarina,Tablet,Parda,Espírita,Direita,1-3,,,
8952,D,Ceará,Outro,Branca,Ateu,Extrema Esquerda,>10,,,
8953,C,Acre,Desktop/Computador de mesa,Branca,Agnóstico,Não se interessa,>10,,,
8954,D,Roraima,Notebook/Netbook,Amarela,Outras,Não se interessa,4-6,,,
8955,B,Distrito Federal,Notebook/Netbook,Preta,Judaíca,Extrema Direita,4-6,,,
8956,A,Rio Grande do Sul,Desktop/Computador de mesa,Branca,Judaíca,Direita,<1,,,
8957,E,Distrito Federal,Outro,Preta,Católica,Extrema Esquerda,1-3,,,
8958,D,São Paulo,Desktop/Computador de mesa,Preta,Judaíca,Extrema Esquerda,<1,,,
8959,C,Rio de Janeiro,Desktop/Computador de mesa,Parda,Ateu,Direita,1-3,,,
8960,B,Acre,Tablet,Branca,Agnóstico,Extrema Direita,<1,,,
8961,B,Rio Grande do Sul,Smartphone/Celular,Preta,Evangélica,Extrema Direita,7-10,,,
8962,C,Distrito Federal,Smartphone/Celular,Parda,Ateu,Extrema Direita,>10,,,
8963,E,Ceará,Desktop/Computador de mesa,Preta,Agnóstico,Esquerda,<1,,,
8964,B,Mato Grosso do Sul,Smartphone/Celular,Preta,Ateu,Extrema Esquerda,1-3,,,
8965,E,Rio de Janeiro,Outro,Amarela,Evangélica,Extrema Esquerda,>10,,,
8966,D,Pernambuco,Desktop/Computador de mesa,Prefiro não dizer,Espírita,Centro Direita,1-3,,,
8967,E,São Paulo,Outro,Amarela,Espírita,Esquerda,4-6,,,
8968,C,Amapá,Tablet,Amarela,Ateu,Direita,>10,,,
8969,C,Acre,Tablet,Prefiro não dizer,Espírita,Não se interessa,1-3,,,
8970,C,Pernambuco,Outro,Prefiro não dizer,Católica,Centro Esquerda,7-10,,,
8971,D,Minas Gerais,Notebook/Netbook,Parda,Espírita,Extrema Esquerda,>10,,,
8972,D,Sergipe,Notebook/Netbook,Branca,Evangélica,Centro Esquerda,<1,,,
8973,B,Goiás,Tablet,Indígena,Agnóstico,Não se interessa,7-10,,,
8974,A,Roraima,Notebook/Netbook,Indígena,Católica,Centro Esquerda,<1,,,
8975,B,Pará,Tablet,Prefiro não dizer,Agnóstico,Centro Direita,1-3,,,
8976,C,Goiás,Notebook/Netbook,Preta,Evangélica,Direita,7-10,,,
8977,D,Sergipe,Outro,Branca,Católica,Extrema Direita,>10,,,
8978,B,Alagoas,Notebook/Netbook,Preta,Evangélica,Extrema Direita,7-10,,,
8979,D,Bahia,Desktop/Computador de mesa,Preta,Agnóstico,Centro Esquerda,>10,,,
8980,C,Espírito Santo,Desktop/Computador de mesa,Indígena,Católica,Direita,>10,,,
8981,B,Ceará,Notebook/Netbook,Prefiro não dizer,Evangélica,Centro Direita,4-6,,,
8982,C,Rio Grande do Sul,Tablet,Prefiro não dizer,Judaíca,Centro Esquerda,>10,,,
8983,A,Paraná,Smartphone/Celular,Branca,Agnóstico,Extrema Esquerda,<1,,,
8984,C,Rio de Janeiro,Desktop/Computador de mesa,Parda,Evangélica,Esquerda,<1,,,
8985,B,Espírito Santo,Tablet,Preta,Espírita,Centro Esquerda,>10,,,
8986,E,Rondônia,Outro,Amarela,Outras,Não se interessa,4-6,,,
8987,C,Santa Catarina,Desktop/Computador de mesa,Prefiro não dizer,Judaíca,Centro Direita,4-6,,,
8988,C,Mato Grosso,Notebook/Netbook,Prefiro não dizer,Espírita,Centro Esquerda,<1,,,
8989,C,Santa Catarina,Smartphone/Celular,Prefiro não dizer,Ateu,Não se interessa,4-6,,,
8990,C,Ceará,Desktop/Computador de mesa,Preta,Judaíca,Extrema Esquerda,4-6,,,
8991,A,Mato Grosso do Sul,Notebook/Netbook,Preta,Espírita,Não se interessa,<1,,,
8992,A,Ceará,Outro,Prefiro não dizer,Católica,Não se interessa,7-10,,,
8993,C,Ceará,Tablet,Parda,Judaíca,Não se interessa,4-6,,,
8994,D,Rondônia,Notebook/Netbook,Preta,Ateu,Esquerda,7-10,,,
8995,A,Mato Grosso,Notebook/Netbook,Prefiro não dizer,Judaíca,Extrema Direita,<1,,,
8996,D,Mato Grosso do Sul,Smartphone/Celular,Amarela,Evangélica,Centro,1-3,,,
8997,A,São Paulo,Outro,Preta,Católica,Extrema Esquerda,>10,,,
8998,C,Goiás,Notebook/Netbook,Preta,Católica,Extrema Esquerda,>10,,,
8999,C,Paraná,Outro,Parda,Judaíca,Extrema Direita,7-10,,,
9000,A,Amapá,Tablet,Indígena,Ateu,Esquerda,>10,,,
9001,E,Distrito Federal,Outro,Parda,Agnóstico,Não se interessa,1-3,,,
9002,B,Ceará,Outro,Parda,Agnóstico,Direita,4-6,,,
9003,A,Mato Grosso do Sul,Smartphone/Celular,Indígena,Evangélica,Esquerda,7-10,,,
9004,B,Santa Catarina,Tablet,Preta,Espírita,Centro Esquerda,<1,,,
9005,B,Pará,Tablet,Branca,Evangélica,Extrema Direita,4-6,,,
9006,E,Pará,Desktop/Computador de mesa,Amarela,Agnóstico,Extrema Esquerda,1-3,,,
9007,C,Maranhão,Notebook/Netbook,Amarela,Evangélica,Extrema Direita,4-6,,,
9008,A,Acre,Desktop/Computador de mesa,Indígena,Judaíca,Centro Direita,<1,,,
9009,C,São Paulo,Desktop/Computador de mesa,Prefiro não dizer,Outras,Esquerda,<1,,,
9010,C,Rondônia,Outro,Branca,Ateu,Direita,4-6,,,
9011,C,Maranhão,Notebook/Netbook,Parda,Espírita,Centro,1-3,,,
9012,C,Rio de Janeiro,Notebook/Netbook,Parda,Evangélica,Centro Esquerda,4-6,,,
9013,B,Ceará,Tablet,Indígena,Evangélica,Extrema Direita,4-6,,,
9014,B,Bahia,Outro,Parda,Evangélica,Centro Direita,4-6,,,
9015,D,Rio Grande do Norte,Notebook/Netbook,Amarela,Espírita,Esquerda,4-6,,,
9016,E,Rio Grande do Norte,Tablet,Parda,Espírita,Centro,4-6,,,
9017,D,Bahia,Desktop/Computador de mesa,Branca,Agnóstico,Extrema Direita,7-10,,,
9018,A,Alagoas,Notebook/Netbook,Parda,Ateu,Direita,7-10,,,
9019,C,Sergipe,Smartphone/Celular,Parda,Católica,Não se interessa,1-3,,,
9020,D,Amapá,Desktop/Computador de mesa,Amarela,Católica,Centro Esquerda,<1,,,
9021,D,Mato Grosso,Smartphone/Celular,Preta,Judaíca,Direita,4-6,,,
9022,A,Espírito Santo,Desktop/Computador de mesa,Indígena,Ateu,Centro Direita,7-10,,,
9023,C,Bahia,Notebook/Netbook,Prefiro não dizer,Outras,Centro Esquerda,<1,,,
9024,D,Rio de Janeiro,Desktop/Computador de mesa,Parda,Espírita,Centro Esquerda,1-3,,,
9025,B,Espírito Santo,Tablet,Branca,Católica,Extrema Direita,>10,,,
9026,C,Mato Grosso,Desktop/Computador de mesa,Parda,Ateu,Esquerda,>10,,,
9027,E,Amapá,Outro,Prefiro não dizer,Ateu,Extrema Direita,>10,,,
9028,A,Rio Grande do Sul,Outro,Indígena,Ateu,Esquerda,1-3,,,
9029,C,Pará,Smartphone/Celular,Amarela,Evangélica,Extrema Direita,4-6,,,
9030,C,Rondônia,Outro,Prefiro não dizer,Judaíca,Não se interessa,<1,,,
9031,E,Minas Gerais,Outro,Preta,Evangélica,Centro Direita,<1,,,
9032,A,Distrito Federal,Outro,Branca,Outras,Direita,<1,,,
9033,C,Roraima,Tablet,Indígena,Outras,Esquerda,1-3,,,
9034,C,Espírito Santo,Notebook/Netbook,Preta,Ateu,Não se interessa,4-6,,,
9035,D,Espírito Santo,Desktop/Computador de mesa,Indígena,Judaíca,Não se interessa,>10,,,
9036,A,Goiás,Notebook/Netbook,Indígena,Outras,Centro,7-10,,,
9037,E,Piauí,Notebook/Netbook,Parda,Outras,Não se interessa,4-6,,,
9038,B,Minas Gerais,Smartphone/Celular,Prefiro não dizer,Judaíca,Esquerda,>10,,,
9039,B,Sergipe,Desktop/Computador de mesa,Preta,Espírita,Centro Direita,7-10,,,
9040,D,Espírito Santo,Desktop/Computador de mesa,Amarela,Agnóstico,Centro Esquerda,7-10,,,
9041,E,Mato Grosso do Sul,Notebook/Netbook,Indígena,Evangélica,Centro Esquerda,1-3,,,
9042,D,Bahia,Smartphone/Celular,Indígena,Judaíca,Extrema Direita,<1,,,
9043,B,Paraíba,Desktop/Computador de mesa,Prefiro não dizer,Judaíca,Extrema Esquerda,1-3,,,
9044,C,Santa Catarina,Tablet,Indígena,Católica,Esquerda,>10,,,
9045,E,Paraíba,Smartphone/Celular,Amarela,Ateu,Esquerda,4-6,,,
9046,E,Alagoas,Desktop/Computador de mesa,Indígena,Ateu,Centro Direita,1-3,,,
9047,B,Espírito Santo,Notebook/Netbook,Indígena,Outras,Centro Direita,4-6,,,
9048,E,Amazonas,Notebook/Netbook,Indígena,Evangélica,Não se interessa,4-6,,,
9049,C,Rio Grande do Sul,Desktop/Computador de mesa,Branca,Ateu,Direita,<1,,,
9050,D,Mato Grosso,Notebook/Netbook,Prefiro não dizer,Evangélica,Centro Esquerda,4-6,,,
9051,E,Rio de Janeiro,Smartphone/Celular,Preta,Ateu,Direita,1-3,,,
9052,E,Distrito Federal,Tablet,Indígena,Judaíca,Centro Esquerda,7-10,,,
9053,A,Santa Catarina,Notebook/Netbook,Parda,Evangélica,Centro Esquerda,>10,,,
9054,C,Rio Grande do Sul,Outro,Preta,Evangélica,Direita,1-3,,,
9055,C,Piauí,Notebook/Netbook,Amarela,Agnóstico,Extrema Esquerda,4-6,,,
9056,C,Tocantins,Notebook/Netbook,Indígena,Ateu,Direita,>10,,,
9057,D,Santa Catarina,Notebook/Netbook,Indígena,Outras,Centro Esquerda,1-3,,,
9058,E,Sergipe,Desktop/Computador de mesa,Prefiro não dizer,Judaíca,Centro Direita,<1,,,
9059,A,São Paulo,Outro,Indígena,Católica,Centro Direita,7-10,,,
9060,A,Roraima,Notebook/Netbook,Prefiro não dizer,Ateu,Extrema Esquerda,4-6,,,
9061,A,Santa Catarina,Desktop/Computador de mesa,Branca,Ateu,Centro,1-3,,,
9062,B,Minas Gerais,Smartphone/Celular,Prefiro não dizer,Outras,Extrema Esquerda,1-3,,,
9063,C,Tocantins,Smartphone/Celular,Branca,Agnóstico,Extrema Direita,4-6,,,
9064,E,Sergipe,Outro,Indígena,Judaíca,Não se interessa,4-6,,,
9065,C,Mato Grosso do Sul,Smartphone/Celular,Preta,Ateu,Centro,1-3,,,
9066,B,São Paulo,Notebook/Netbook,Indígena,Agnóstico,Direita,<1,,,
9067,B,Distrito Federal,Outro,Indígena,Outras,Centro,4-6,,,
9068,B,Goiás,Desktop/Computador de mesa,Prefiro não dizer,Agnóstico,Esquerda,<1,,,
9069,E,Mato Grosso do Sul,Notebook/Netbook,Preta,Outras,Direita,7-10,,,
9070,E,São Paulo,Desktop/Computador de mesa,Preta,Judaíca,Não se interessa,7-10,,,
9071,E,Rio de Janeiro,Outro,Preta,Agnóstico,Extrema Esquerda,>10,,,
9072,D,Distrito Federal,Outro,Prefiro não dizer,Outras,Direita,7-10,,,
9073,E,Alagoas,Desktop/Computador de mesa,Indígena,Judaíca,Centro,1-3,,,
9074,B,Mato Grosso do Sul,Notebook/Netbook,Amarela,Ateu,Direita,>10,,,
9075,E,Acre,Outro,Preta,Ateu,Esquerda,7-10,,,
9076,D,São Paulo,Smartphone/Celular,Preta,Espírita,Não se interessa,1-3,,,
9077,E,Sergipe,Outro,Branca,Agnóstico,Extrema Esquerda,>10,,,
9078,E,São Paulo,Notebook/Netbook,Amarela,Outras,Extrema Direita,4-6,,,
9079,C,Minas Gerais,Outro,Parda,Católica,Esquerda,1-3,,,
9080,B,Minas Gerais,Outro,Parda,Evangélica,Centro Esquerda,7-10,,,
9081,A,Minas Gerais,Smartphone/Celular,Amarela,Espírita,Centro Esquerda,7-10,,,
9082,D,Piauí,Notebook/Netbook,Prefiro não dizer,Judaíca,Direita,7-10,,,
9083,A,Ceará,Desktop/Computador de mesa,Indígena,Outras,Centro Direita,7-10,,,
9084,D,Pará,Desktop/Computador de mesa,Prefiro não dizer,Católica,Extrema Direita,7-10,,,
9085,A,Amazonas,Tablet,Indígena,Outras,Direita,7-10,,,
9086,D,Ceará,Smartphone/Celular,Amarela,Espírita,Esquerda,>10,,,
9087,E,Alagoas,Desktop/Computador de mesa,Parda,Ateu,Centro,<1,,,
9088,B,Rio Grande do Norte,Desktop/Computador de mesa,Branca,Evangélica,Direita,<1,,,
9089,A,Mato Grosso,Tablet,Parda,Agnóstico,Extrema Esquerda,7-10,,,
9090,A,Santa Catarina,Outro,Amarela,Evangélica,Direita,7-10,,,
9091,B,Espírito Santo,Outro,Indígena,Agnóstico,Extrema Esquerda,1-3,,,
9092,B,Paraíba,Desktop/Computador de mesa,Parda,Judaíca,Centro Direita,<1,,,
9093,A,Mato Grosso,Notebook/Netbook,Prefiro não dizer,Outras,Centro Esquerda,7-10,,,
9094,B,Rio Grande do Sul,Smartphone/Celular,Preta,Ateu,Centro,7-10,,,
9095,D,Bahia,Notebook/Netbook,Amarela,Outras,Extrema Direita,7-10,,,
9096,B,Rondônia,Tablet,Amarela,Judaíca,Centro,<1,,,
9097,A,Maranhão,Desktop/Computador de mesa,Parda,Judaíca,Extrema Direita,>10,,,
9098,D,Alagoas,Desktop/Computador de mesa,Amarela,Espírita,Centro Direita,>10,,,
9099,E,Paraná,Notebook/Netbook,Amarela,Católica,Centro Direita,1-3,,,
9100,D,Rio Grande do Sul,Smartphone/Celular,Amarela,Espírita,Extrema Direita,<1,,,
9101,C,Mato Grosso do Sul,Desktop/Computador de mesa,Parda,Agnóstico,Extrema Esquerda,>10,,,
9102,B,Piauí,Desktop/Computador de mesa,Preta,Espírita,Esquerda,>10,,,
9103,A,Rio de Janeiro,Desktop/Computador de mesa,Indígena,Agnóstico,Não se interessa,<1,,,
9104,E,Amapá,Notebook/Netbook,Prefiro não dizer,Espírita,Direita,1-3,,,
9105,B,Rio Grande do Norte,Tablet,Prefiro não dizer,Católica,Não se interessa,4-6,,,
9106,B,Paraná,Notebook/Netbook,Amarela,Outras,Direita,4-6,,,
9107,E,Paraíba,Desktop/Computador de mesa,Preta,Agnóstico,Não se interessa,4-6,,,
9108,C,Ceará,Tablet,Prefiro não dizer,Agnóstico,Direita,>10,,,
9109,D,Alagoas,Smartphone/Celular,Branca,Espírita,Centro Direita,7-10,,,
9110,B,Rondônia,Outro,Indígena,Outras,Centro Esquerda,1-3,,,
9111,D,Paraná,Outro,Parda,Ateu,Direita,1-3,,,
9112,B,Pernambuco,Tablet,Preta,Evangélica,Direita,1-3,,,
9113,B,Goiás,Notebook/Netbook,Preta,Católica,Centro Esquerda,4-6,,,
9114,C,Tocantins,Tablet,Indígena,Evangélica,Centro Esquerda,1-3,,,
9115,A,Rio de Janeiro,Notebook/Netbook,Branca,Católica,Extrema Esquerda,7-10,,,
9116,A,Goiás,Desktop/Computador de mesa,Parda,Espírita,Centro Esquerda,1-3,,,
9117,B,Amazonas,Notebook/Netbook,Prefiro não dizer,Ateu,Extrema Direita,<1,,,
9118,C,Bahia,Smartphone/Celular,Parda,Espírita,Extrema Direita,<1,,,
9119,D,Distrito Federal,Smartphone/Celular,Prefiro não dizer,Católica,Direita,>10,,,
9120,C,Espírito Santo,Tablet,Indígena,Evangélica,Centro Direita,4-6,,,
9121,E,Rio Grande do Norte,Smartphone/Celular,Branca,Evangélica,Extrema Esquerda,7-10,,,
9122,D,Santa Catarina,Tablet,Amarela,Espírita,Centro Direita,>10,,,
9123,B,Rio Grande do Norte,Desktop/Computador de mesa,Preta,Outras,Centro Esquerda,1-3,,,
9124,C,Ceará,Notebook/Netbook,Amarela,Ateu,Direita,<1,,,
9125,C,Sergipe,Tablet,Prefiro não dizer,Evangélica,Não se interessa,4-6,,,
9126,D,Paraná,Smartphone/Celular,Indígena,Ateu,Centro Direita,<1,,,
9127,D,Santa Catarina,Smartphone/Celular,Prefiro não dizer,Católica,Não se interessa,1-3,,,
9128,E,Pará,Tablet,Parda,Católica,Centro,4-6,,,
9129,C,Alagoas,Tablet,Prefiro não dizer,Católica,Centro Esquerda,4-6,,,
9130,C,Rondônia,Tablet,Parda,Outras,Não se interessa,1-3,,,
9131,A,Roraima,Outro,Preta,Agnóstico,Direita,>10,,,
9132,C,São Paulo,Notebook/Netbook,Parda,Católica,Centro Direita,<1,,,
9133,B,Acre,Desktop/Computador de mesa,Amarela,Espírita,Extrema Esquerda,7-10,,,
9134,E,Paraíba,Tablet,Indígena,Outras,Extrema Esquerda,>10,,,
9135,A,Mato Grosso do Sul,Desktop/Computador de mesa,Preta,Outras,Não se interessa,1-3,,,
9136,D,Amazonas,Outro,Amarela,Agnóstico,Esquerda,4-6,,,
9137,D,Acre,Desktop/Computador de mesa,Amarela,Outras,Centro Esquerda,7-10,,,
9138,A,São Paulo,Tablet,Parda,Evangélica,Centro,7-10,,,
9139,A,São Paulo,Outro,Indígena,Evangélica,Direita,1-3,,,
9140,E,Rio Grande do Norte,Tablet,Indígena,Espírita,Centro,>10,,,
9141,E,Paraná,Tablet,Preta,Católica,Esquerda,<1,,,
9142,A,Amapá,Outro,Prefiro não dizer,Católica,Direita,7-10,,,
9143,B,Sergipe,Smartphone/Celular,Amarela,Outras,Extrema Esquerda,<1,,,
9144,E,Santa Catarina,Outro,Branca,Católica,Centro Esquerda,>10,,,
9145,A,Distrito Federal,Tablet,Prefiro não dizer,Outras,Não se interessa,<1,,,
9146,E,Goiás,Notebook/Netbook,Indígena,Ateu,Centro,4-6,,,
9147,B,Mato Grosso,Outro,Branca,Espírita,Centro,1-3,,,
9148,A,Mato Grosso,Notebook/Netbook,Branca,Católica,Extrema Direita,4-6,,,
9149,A,Ceará,Tablet,Amarela,Judaíca,Direita,>10,,,
9150,E,Mato Grosso do Sul,Tablet,Amarela,Evangélica,Extrema Esquerda,4-6,,,
9151,A,Pernambuco,Outro,Parda,Outras,Direita,<1,,,
9152,B,Tocantins,Tablet,Amarela,Outras,Esquerda,<1,,,
9153,B,Santa Catarina,Outro,Indígena,Judaíca,Direita,<1,,,
9154,A,Piauí,Tablet,Prefiro não dizer,Judaíca,Extrema Direita,7-10,,,
9155,B,Distrito Federal,Desktop/Computador de mesa,Prefiro não dizer,Ateu,Esquerda,>10,,,
9156,D,Rio Grande do Norte,Outro,Parda,Católica,Direita,4-6,,,
9157,C,Alagoas,Smartphone/Celular,Preta,Agnóstico,Extrema Direita,7-10,,,
9158,A,Mato Grosso do Sul,Desktop/Computador de mesa,Parda,Outras,Não se interessa,<1,,,
9159,E,Rio de Janeiro,Tablet,Prefiro não dizer,Católica,Centro,4-6,,,
9160,D,Rio de Janeiro,Smartphone/Celular,Preta,Judaíca,Esquerda,<1,,,
9161,E,Ceará,Notebook/Netbook,Amarela,Ateu,Centro,7-10,,,
9162,D,Paraná,Outro,Amarela,Evangélica,Centro,4-6,,,
9163,C,Paraíba,Smartphone/Celular,Amarela,Outras,Centro,>10,,,
9164,D,Maranhão,Tablet,Parda,Outras,Centro,4-6,,,
9165,C,Paraná,Tablet,Branca,Espírita,Extrema Esquerda,<1,,,
9166,E,Sergipe,Notebook/Netbook,Amarela,Católica,Extrema Esquerda,>10,,,
9167,B,Rio Grande do Sul,Desktop/Computador de mesa,Amarela,Evangélica,Esquerda,>10,,,
9168,B,Acre,Notebook/Netbook,Prefiro não dizer,Outras,Centro Direita,7-10,,,
9169,A,Pernambuco,Smartphone/Celular,Amarela,Outras,Centro Direita,7-10,,,
9170,E,Alagoas,Outro,Preta,Judaíca,Esquerda,>10,,,
9171,A,Minas Gerais,Tablet,Branca,Evangélica,Não se interessa,<1,,,
9172,E,Santa Catarina,Smartphone/Celular,Branca,Católica,Centro Direita,>10,,,
9173,C,Goiás,Desktop/Computador de mesa,Amarela,Evangélica,Direita,<1,,,
9174,E,Rio de Janeiro,Smartphone/Celular,Preta,Ateu,Extrema Esquerda,1-3,,,
9175,C,São Paulo,Outro,Prefiro não dizer,Espírita,Centro Direita,7-10,,,
9176,C,Espírito Santo,Desktop/Computador de mesa,Prefiro não dizer,Judaíca,Extrema Direita,1-3,,,
9177,E,Bahia,Notebook/Netbook,Preta,Outras,Não se interessa,<1,,,
9178,E,Bahia,Outro,Parda,Ateu,Não se interessa,>10,,,
9179,E,Rondônia,Outro,Branca,Ateu,Centro,1-3,,,
9180,E,São Paulo,Outro,Indígena,Evangélica,Centro,1-3,,,
9181,D,Mato Grosso,Desktop/Computador de mesa,Parda,Agnóstico,Centro,1-3,,,
9182,E,Tocantins,Smartphone/Celular,Preta,Judaíca,Direita,>10,,,
9183,E,Ceará,Notebook/Netbook,Amarela,Espírita,Centro,4-6,,,
9184,C,Distrito Federal,Tablet,Amarela,Ateu,Não se interessa,<1,,,
9185,D,Mato Grosso do Sul,Outro,Indígena,Judaíca,Extrema Esquerda,4-6,,,
9186,D,Rio Grande do Norte,Outro,Parda,Católica,Direita,1-3,,,
9187,D,Rio Grande do Sul,Tablet,Preta,Judaíca,Centro Direita,7-10,,,
9188,B,Alagoas,Tablet,Amarela,Católica,Extrema Direita,>10,,,
9189,E,Piauí,Desktop/Computador de mesa,Prefiro não dizer,Ateu,Extrema Esquerda,>10,,,
9190,E,Sergipe,Outro,Amarela,Evangélica,Extrema Esquerda,>10,,,
9191,E,Rio Grande do Norte,Tablet,Indígena,Agnóstico,Centro,1-3,,,
9192,C,Alagoas,Smartphone/Celular,Indígena,Judaíca,Não se interessa,4-6,,,
9193,D,Rio de Janeiro,Smartphone/Celular,Indígena,Católica,Esquerda,4-6,,,
9194,B,Maranhão,Tablet,Preta,Outras,Esquerda,7-10,,,
9195,C,Pará,Desktop/Computador de mesa,Preta,Outras,Extrema Esquerda,>10,,,
9196,D,Rio Grande do Norte,Tablet,Prefiro não dizer,Espírita,Esquerda,>10,,,
9197,E,Mato Grosso do Sul,Notebook/Netbook,Parda,Católica,Direita,1-3,,,
9198,D,Rio Grande do Sul,Outro,Indígena,Ateu,Extrema Direita,>10,,,
9199,B,Pará,Notebook/Netbook,Branca,Outras,Centro Direita,4-6,,,
9200,D,Pernambuco,Desktop/Computador de mesa,Indígena,Agnóstico,Extrema Esquerda,7-10,,,
9201,D,Roraima,Desktop/Computador de mesa,Amarela,Outras,Extrema Esquerda,4-6,,,
9202,C,Espírito Santo,Tablet,Amarela,Evangélica,Centro Esquerda,<1,,,
9203,C,Goiás,Tablet,Amarela,Agnóstico,Centro Esquerda,4-6,,,
9204,C,Rio Grande do Norte,Desktop/Computador de mesa,Prefiro não dizer,Católica,Esquerda,1-3,,,
9205,B,Tocantins,Notebook/Netbook,Branca,Católica,Centro,>10,,,
9206,E,Roraima,Desktop/Computador de mesa,Branca,Agnóstico,Extrema Direita,>10,,,
9207,C,Santa Catarina,Outro,Branca,Agnóstico,Esquerda,7-10,,,
9208,A,Tocantins,Smartphone/Celular,Parda,Ateu,Centro Esquerda,<1,,,
9209,A,Pernambuco,Outro,Indígena,Espírita,Centro,4-6,,,
9210,D,Ceará,Tablet,Parda,Evangélica,Esquerda,1-3,,,
9211,C,Ceará,Smartphone/Celular,Amarela,Espírita,Extrema Esquerda,1-3,,,
9212,A,Pernambuco,Desktop/Computador de mesa,Parda,Católica,Centro Esquerda,4-6,,,
9213,D,Rio de Janeiro,Outro,Preta,Outras,Esquerda,1-3,,,
9214,E,Espírito Santo,Desktop/Computador de mesa,Parda,Católica,Centro Esquerda,4-6,,,
9215,E,Piauí,Desktop/Computador de mesa,Indígena,Católica,Centro Direita,1-3,,,
9216,E,Ceará,Desktop/Computador de mesa,Parda,Católica,Não se interessa,<1,,,
9217,D,Amazonas,Tablet,Indígena,Judaíca,Extrema Direita,4-6,,,
9218,E,Sergipe,Smartphone/Celular,Indígena,Evangélica,Centro Esquerda,7-10,,,
9219,A,Paraíba,Desktop/Computador de mesa,Indígena,Ateu,Extrema Esquerda,1-3,,,
9220,A,Minas Gerais,Desktop/Computador de mesa,Indígena,Católica,Esquerda,4-6,,,
9221,D,Minas Gerais,Tablet,Branca,Católica,Extrema Esquerda,>10,,,
9222,E,Amazonas,Desktop/Computador de mesa,Indígena,Judaíca,Centro,<1,,,
9223,A,Minas Gerais,Desktop/Computador de mesa,Prefiro não dizer,Espírita,Esquerda,4-6,,,
9224,E,Mato Grosso,Tablet,Parda,Agnóstico,Centro,7-10,,,
9225,A,Acre,Outro,Indígena,Outras,Extrema Esquerda,<1,,,
9226,B,Amazonas,Notebook/Netbook,Prefiro não dizer,Católica,Direita,<1,,,
9227,C,Amapá,Notebook/Netbook,Prefiro não dizer,Católica,Não se interessa,7-10,,,
9228,E,São Paulo,Outro,Amarela,Ateu,Extrema Esquerda,<1,,,
9229,A,Santa Catarina,Smartphone/Celular,Branca,Espírita,Esquerda,7-10,,,
9230,B,Maranhão,Outro,Indígena,Judaíca,Centro Esquerda,7-10,,,
9231,A,Ceará,Desktop/Computador de mesa,Branca,Católica,Centro Esquerda,>10,,,
9232,A,Rio Grande do Norte,Desktop/Computador de mesa,Amarela,Evangélica,Centro Direita,4-6,,,
9233,D,Goiás,Outro,Indígena,Evangélica,Esquerda,<1,,,
9234,A,Goiás,Notebook/Netbook,Preta,Outras,Esquerda,<1,,,
9235,C,Ceará,Desktop/Computador de mesa,Prefiro não dizer,Católica,Centro Direita,4-6,,,
9236,E,Rio Grande do Sul,Tablet,Preta,Evangélica,Extrema Esquerda,>10,,,
9237,C,Ceará,Notebook/Netbook,Preta,Agnóstico,Extrema Direita,4-6,,,
9238,C,Bahia,Tablet,Preta,Agnóstico,Centro Direita,7-10,,,
9239,A,Paraná,Smartphone/Celular,Indígena,Evangélica,Extrema Direita,7-10,,,
9240,A,Bahia,Notebook/Netbook,Branca,Católica,Centro Direita,<1,,,
9241,E,Alagoas,Smartphone/Celular,Parda,Católica,Centro Esquerda,4-6,,,
9242,B,Pernambuco,Notebook/Netbook,Prefiro não dizer,Espírita,Direita,4-6,,,
9243,E,Acre,Tablet,Indígena,Espírita,Centro,4-6,,,
9244,B,Rio Grande do Sul,Notebook/Netbook,Preta,Espírita,Centro Esquerda,7-10,,,
9245,D,Santa Catarina,Desktop/Computador de mesa,Indígena,Judaíca,Não se interessa,7-10,,,
9246,B,Paraná,Desktop/Computador de mesa,Prefiro não dizer,Ateu,Não se interessa,4-6,,,
9247,E,Rio Grande do Sul,Notebook/Netbook,Amarela,Agnóstico,Não se interessa,4-6,,,
9248,A,São Paulo,Smartphone/Celular,Indígena,Ateu,Extrema Esquerda,7-10,,,
9249,C,Mato Grosso,Tablet,Amarela,Agnóstico,Não se interessa,7-10,,,
9250,A,Alagoas,Tablet,Parda,Evangélica,Direita,1-3,,,
9251,D,Alagoas,Desktop/Computador de mesa,Preta,Ateu,Centro Direita,1-3,,,
9252,B,Amazonas,Desktop/Computador de mesa,Indígena,Outras,Não se interessa,>10,,,
9253,B,Amazonas,Smartphone/Celular,Amarela,Católica,Não se interessa,1-3,,,
9254,E,Bahia,Notebook/Netbook,Amarela,Espírita,Centro,<1,,,
9255,E,Bahia,Tablet,Indígena,Católica,Esquerda,>10,,,
9256,B,Sergipe,Smartphone/Celular,Preta,Ateu,Extrema Direita,7-10,,,
9257,B,Rondônia,Tablet,Preta,Espírita,Extrema Direita,4-6,,,
9258,C,Tocantins,Smartphone/Celular,Amarela,Ateu,Extrema Direita,1-3,,,
9259,A,Pará,Smartphone/Celular,Prefiro não dizer,Outras,Extrema Esquerda,>10,,,
9260,B,Distrito Federal,Notebook/Netbook,Indígena,Ateu,Direita,<1,,,
9261,D,Espírito Santo,Outro,Amarela,Evangélica,Centro,>10,,,
9262,A,Paraíba,Smartphone/Celular,Branca,Agnóstico,Centro Esquerda,>10,,,
9263,A,Tocantins,Tablet,Parda,Católica,Esquerda,1-3,,,
9264,A,Acre,Outro,Preta,Judaíca,Centro,7-10,,,
9265,D,Distrito Federal,Desktop/Computador de mesa,Indígena,Católica,Centro Direita,1-3,,,
9266,C,Sergipe,Tablet,Prefiro não dizer,Católica,Direita,<1,,,
9267,D,Ceará,Tablet,Amarela,Outras,Esquerda,4-6,,,
9268,B,Ceará,Notebook/Netbook,Branca,Agnóstico,Extrema Esquerda,4-6,,,
9269,A,Rondônia,Desktop/Computador de mesa,Amarela,Espírita,Extrema Direita,<1,,,
9270,A,Rondônia,Outro,Parda,Evangélica,Extrema Direita,7-10,,,
9271,D,Mato Grosso do Sul,Desktop/Computador de mesa,Prefiro não dizer,Judaíca,Direita,4-6,,,
9272,E,Pará,Outro,Amarela,Judaíca,Direita,<1,,,
9273,E,Amazonas,Tablet,Preta,Evangélica,Extrema Esquerda,1-3,,,
9274,E,Minas Gerais,Outro,Branca,Evangélica,Esquerda,7-10,,,
9275,C,Sergipe,Tablet,Prefiro não dizer,Judaíca,Extrema Esquerda,<1,,,
9276,B,Distrito Federal,Smartphone/Celular,Indígena,Espírita,Centro,7-10,,,
9277,B,Maranhão,Smartphone/Celular,Preta,Ateu,Extrema Esquerda,<1,,,
9278,B,Espírito Santo,Tablet,Parda,Judaíca,Direita,>10,,,
9279,D,Rio Grande do Sul,Tablet,Preta,Agnóstico,Extrema Direita,4-6,,,
9280,E,Piauí,Notebook/Netbook,Prefiro não dizer,Agnóstico,Direita,<1,,,
9281,A,Paraná,Desktop/Computador de mesa,Preta,Católica,Direita,7-10,,,
9282,B,Rio de Janeiro,Desktop/Computador de mesa,Branca,Agnóstico,Centro Esquerda,4-6,,,
9283,C,Rio Grande do Sul,Desktop/Computador de mesa,Indígena,Evangélica,Centro Direita,1-3,,,
9284,C,Rio Grande do Sul,Outro,Parda,Ateu,Centro Direita,<1,,,
9285,E,Amazonas,Notebook/Netbook,Prefiro não dizer,Espírita,Não se interessa,>10,,,
9286,A,Rio de Janeiro,Outro,Amarela,Ateu,Esquerda,1-3,,,
9287,B,Mato Grosso do Sul,Outro,Preta,Espírita,Não se interessa,<1,,,
9288,C,Roraima,Tablet,Amarela,Católica,Centro,1-3,,,
9289,A,Acre,Notebook/Netbook,Amarela,Agnóstico,Esquerda,>10,,,
9290,B,Santa Catarina,Desktop/Computador de mesa,Prefiro não dizer,Outras,Direita,>10,,,
9291,E,Amazonas,Tablet,Prefiro não dizer,Agnóstico,Centro Esquerda,1-3,,,
9292,B,Rio Grande do Norte,Outro,Preta,Agnóstico,Extrema Direita,1-3,,,
9293,C,Pernambuco,Desktop/Computador de mesa,Branca,Judaíca,Direita,7-10,,,
9294,C,Rondônia,Outro,Parda,Católica,Centro Direita,>10,,,
9295,A,Paraná,Smartphone/Celular,Branca,Católica,Centro Esquerda,1-3,,,
9296,B,Santa Catarina,Smartphone/Celular,Indígena,Outras,Centro Direita,7-10,,,
9297,E,Amazonas,Outro,Amarela,Agnóstico,Direita,<1,,,
9298,B,Espírito Santo,Tablet,Indígena,Agnóstico,Não se interessa,>10,,,
9299,D,Goiás,Notebook/Netbook,Indígena,Outras,Não se interessa,7-10,,,
9300,D,Pernambuco,Tablet,Branca,Espírita,Extrema Esquerda,>10,,,
9301,E,Pernambuco,Smartphone/Celular,Parda,Evangélica,Direita,7-10,,,
9302,A,Mato Grosso do Sul,Tablet,Prefiro não dizer,Outras,Esquerda,4-6,,,
9303,C,Distrito Federal,Desktop/Computador de mesa,Indígena,Espírita,Centro,7-10,,,
9304,E,Acre,Desktop/Computador de mesa,Prefiro não dizer,Outras,Direita,1-3,,,
9305,B,Pará,Outro,Amarela,Católica,Esquerda,<1,,,
9306,C,Amapá,Desktop/Computador de mesa,Preta,Judaíca,Esquerda,1-3,,,
9307,D,Paraíba,Notebook/Netbook,Amarela,Outras,Esquerda,1-3,,,
9308,E,Distrito Federal,Outro,Branca,Evangélica,Centro Esquerda,1-3,,,
9309,B,Santa Catarina,Smartphone/Celular,Prefiro não dizer,Outras,Centro Esquerda,<1,,,
9310,A,São Paulo,Outro,Prefiro não dizer,Outras,Centro Direita,7-10,,,
9311,C,Pará,Outro,Prefiro não dizer,Judaíca,Extrema Direita,>10,,,
9312,E,Paraíba,Smartphone/Celular,Prefiro não dizer,Espírita,Esquerda,4-6,,,
9313,B,Rio Grande do Sul,Notebook/Netbook,Indígena,Agnóstico,Centro Direita,>10,,,
9314,C,Mato Grosso,Notebook/Netbook,Prefiro não dizer,Outras,Extrema Direita,>10,,,
9315,C,Roraima,Tablet,Amarela,Evangélica,Centro,1-3,,,
9316,B,Mato Grosso,Tablet,Prefiro não dizer,Evangélica,Esquerda,1-3,,,
9317,E,Acre,Notebook/Netbook,Indígena,Espírita,Extrema Esquerda,1-3,,,
9318,C,Ceará,Desktop/Computador de mesa,Prefiro não dizer,Católica,Não se interessa,1-3,,,
9319,C,Paraíba,Smartphone/Celular,Parda,Outras,Centro,4-6,,,
9320,C,Pará,Outro,Branca,Ateu,Direita,>10,,,
9321,D,Goiás,Desktop/Computador de mesa,Branca,Agnóstico,Centro Direita,>10,,,
9322,C,Rio Grande do Sul,Smartphone/Celular,Preta,Evangélica,Centro Esquerda,>10,,,
9323,C,Amazonas,Notebook/Netbook,Amarela,Católica,Extrema Direita,<1,,,
9324,A,Bahia,Smartphone/Celular,Amarela,Espírita,Centro Esquerda,<1,,,
9325,D,Alagoas,Notebook/Netbook,Prefiro não dizer,Judaíca,Centro Direita,4-6,,,
9326,C,Tocantins,Tablet,Prefiro não dizer,Ateu,Centro Direita,4-6,,,
9327,A,Sergipe,Smartphone/Celular,Amarela,Católica,Centro Esquerda,4-6,,,
9328,B,Minas Gerais,Notebook/Netbook,Branca,Agnóstico,Não se interessa,<1,,,
9329,A,Tocantins,Desktop/Computador de mesa,Prefiro não dizer,Ateu,Direita,1-3,,,
9330,D,Maranhão,Tablet,Indígena,Judaíca,Esquerda,4-6,,,
9331,B,Pernambuco,Smartphone/Celular,Parda,Agnóstico,Centro,>10,,,
9332,D,Paraíba,Notebook/Netbook,Branca,Espírita,Esquerda,7-10,,,
9333,D,Amazonas,Outro,Branca,Agnóstico,Centro,7-10,,,
9334,D,Alagoas,Smartphone/Celular,Indígena,Outras,Direita,1-3,,,
9335,C,Rio Grande do Norte,Desktop/Computador de mesa,Indígena,Ateu,Extrema Esquerda,1-3,,,
9336,E,Piauí,Smartphone/Celular,Preta,Ateu,Esquerda,4-6,,,
9337,C,Bahia,Notebook/Netbook,Amarela,Espírita,Extrema Esquerda,>10,,,
9338,B,Santa Catarina,Smartphone/Celular,Parda,Ateu,Centro,>10,,,
9339,D,Minas Gerais,Smartphone/Celular,Indígena,Evangélica,Esquerda,4-6,,,
9340,C,Maranhão,Notebook/Netbook,Indígena,Agnóstico,Não se interessa,7-10,,,
9341,B,Piauí,Desktop/Computador de mesa,Amarela,Outras,Esquerda,<1,,,
9342,D,Pernambuco,Smartphone/Celular,Indígena,Ateu,Centro Direita,4-6,,,
9343,E,Maranhão,Outro,Parda,Católica,Centro Esquerda,1-3,,,
9344,C,Distrito Federal,Smartphone/Celular,Amarela,Agnóstico,Não se interessa,4-6,,,
9345,A,Piauí,Tablet,Branca,Agnóstico,Centro,7-10,,,
9346,D,Alagoas,Notebook/Netbook,Indígena,Ateu,Centro Direita,>10,,,
9347,E,Rio Grande do Sul,Notebook/Netbook,Parda,Judaíca,Não se interessa,1-3,,,
9348,D,Tocantins,Outro,Preta,Evangélica,Esquerda,7-10,,,
9349,C,Minas Gerais,Notebook/Netbook,Amarela,Espírita,Esquerda,>10,,,
9350,E,Ceará,Outro,Prefiro não dizer,Católica,Centro Esquerda,>10,,,
9351,B,Alagoas,Smartphone/Celular,Branca,Católica,Direita,<1,,,
9352,D,Rondônia,Tablet,Amarela,Católica,Centro Direita,1-3,,,
9353,D,Espírito Santo,Desktop/Computador de mesa,Branca,Outras,Extrema Esquerda,<1,,,
9354,C,Rio de Janeiro,Notebook/Netbook,Branca,Agnóstico,Centro Esquerda,1-3,,,
9355,A,Goiás,Tablet,Indígena,Outras,Centro Direita,>10,,,
9356,A,Paraná,Tablet,Prefiro não dizer,Evangélica,Centro,1-3,,,
9357,E,Sergipe,Desktop/Computador de mesa,Amarela,Espírita,Extrema Esquerda,1-3,,,
9358,A,Bahia,Notebook/Netbook,Indígena,Espírita,Extrema Direita,1-3,,,
9359,A,Amazonas,Desktop/Computador de mesa,Parda,Outras,Centro Esquerda,7-10,,,
9360,A,Rio de Janeiro,Tablet,Prefiro não dizer,Judaíca,Extrema Direita,1-3,,,
9361,A,Goiás,Tablet,Branca,Outras,Esquerda,<1,,,
9362,D,Tocantins,Desktop/Computador de mesa,Parda,Evangélica,Centro Direita,7-10,,,
9363,C,Alagoas,Tablet,Preta,Espírita,Extrema Direita,1-3,,,
9364,E,Pernambuco,Smartphone/Celular,Parda,Espírita,Esquerda,4-6,,,
9365,A,Piauí,Desktop/Computador de mesa,Preta,Judaíca,Não se interessa,>10,,,
9366,A,Mato Grosso do Sul,Smartphone/Celular,Branca,Espírita,Direita,<1,,,
9367,C,Pernambuco,Smartphone/Celular,Indígena,Agnóstico,Extrema Esquerda,>10,,,
9368,C,Sergipe,Smartphone/Celular,Parda,Ateu,Centro Direita,1-3,,,
9369,E,Mato Grosso,Smartphone/Celular,Preta,Judaíca,Extrema Esquerda,<1,,,
9370,A,Paraná,Tablet,Parda,Ateu,Centro Direita,7-10,,,
9371,D,Amazonas,Tablet,Preta,Espírita,Esquerda,7-10,,,
9372,D,Espírito Santo,Outro,Amarela,Ateu,Centro Esquerda,1-3,,,
9373,B,Mato Grosso do Sul,Notebook/Netbook,Prefiro não dizer,Espírita,Centro Direita,>10,,,
9374,B,Rio de Janeiro,Notebook/Netbook,Indígena,Católica,Extrema Esquerda,>10,,,
9375,D,Minas Gerais,Smartphone/Celular,Parda,Judaíca,Centro,7-10,,,
9376,C,Minas Gerais,Smartphone/Celular,Branca,Espírita,Centro Direita,1-3,,,
9377,E,Rondônia,Tablet,Indígena,Judaíca,Centro,<1,,,
9378,E,Sergipe,Smartphone/Celular,Amarela,Espírita,Centro,7-10,,,
9379,D,São Paulo,Desktop/Computador de mesa,Preta,Católica,Não se interessa,1-3,,,
9380,B,Mato Grosso do Sul,Tablet,Preta,Outras,Extrema Direita,7-10,,,
9381,E,Ceará,Tablet,Amarela,Agnóstico,Extrema Direita,>10,,,
9382,E,Mato Grosso,Desktop/Computador de mesa,Preta,Ateu,Extrema Esquerda,<1,,,
9383,C,Paraíba,Smartphone/Celular,Amarela,Outras,Esquerda,1-3,,,
9384,E,Pernambuco,Notebook/Netbook,Parda,Judaíca,Direita,7-10,,,
9385,D,Acre,Smartphone/Celular,Prefiro não dizer,Evangélica,Centro Esquerda,1-3,,,
9386,A,Maranhão,Smartphone/Celular,Indígena,Outras,Não se interessa,>10,,,
9387,D,Rio de Janeiro,Outro,Prefiro não dizer,Espírita,Centro,7-10,,,
9388,D,Rio de Janeiro,Outro,Prefiro não dizer,Evangélica,Extrema Esquerda,>10,,,
9389,D,Ceará,Tablet,Parda,Espírita,Centro Direita,>10,,,
9390,C,Mato Grosso,Smartphone/Celular,Preta,Outras,Não se interessa,1-3,,,
9391,B,Santa Catarina,Tablet,Indígena,Agnóstico,Extrema Direita,4-6,,,
9392,A,Rio de Janeiro,Smartphone/Celular,Amarela,Agnóstico,Esquerda,<1,,,
9393,C,Paraná,Desktop/Computador de mesa,Parda,Espírita,Extrema Direita,>10,,,
9394,B,Rio Grande do Sul,Outro,Parda,Evangélica,Centro Direita,7-10,,,
9395,A,Rondônia,Tablet,Preta,Outras,Direita,>10,,,
9396,A,Piauí,Desktop/Computador de mesa,Prefiro não dizer,Ateu,Extrema Esquerda,4-6,,,
9397,D,Rio Grande do Norte,Outro,Preta,Agnóstico,Extrema Esquerda,<1,,,
9398,E,Mato Grosso,Tablet,Branca,Ateu,Direita,<1,,,
9399,C,Piauí,Desktop/Computador de mesa,Preta,Católica,Centro Esquerda,7-10,,,
9400,C,Roraima,Tablet,Branca,Evangélica,Esquerda,<1,,,
9401,E,Distrito Federal,Outro,Parda,Ateu,Extrema Esquerda,>10,,,
9402,B,Ceará,Smartphone/Celular,Branca,Católica,Centro,7-10,,,
9403,A,Maranhão,Smartphone/Celular,Prefiro não dizer,Outras,Extrema Direita,<1,,,
9404,B,Pernambuco,Smartphone/Celular,Indígena,Católica,Esquerda,<1,,,
9405,A,Roraima,Tablet,Indígena,Ateu,Esquerda,7-10,,,
9406,B,Espírito Santo,Desktop/Computador de mesa,Parda,Católica,Esquerda,7-10,,,
9407,D,Espírito Santo,Smartphone/Celular,Indígena,Outras,Extrema Esquerda,>10,,,
9408,C,Espírito Santo,Outro,Prefiro não dizer,Outras,Direita,<1,,,
9409,C,Acre,Tablet,Parda,Agnóstico,Não se interessa,4-6,,,
9410,C,Paraná,Tablet,Indígena,Judaíca,Extrema Esquerda,<1,,,
9411,B,Pernambuco,Outro,Parda,Espírita,Esquerda,4-6,,,
9412,E,Ceará,Desktop/Computador de mesa,Prefiro não dizer,Agnóstico,Extrema Direita,1-3,,,
9413,B,Bahia,Notebook/Netbook,Preta,Ateu,Centro,1-3,,,
9414,B,Santa Catarina,Notebook/Netbook,Branca,Católica,Centro Esquerda,4-6,,,
9415,C,Sergipe,Smartphone/Celular,Preta,Espírita,Centro Esquerda,1-3,,,
9416,C,Ceará,Outro,Branca,Evangélica,Não se interessa,>10,,,
9417,E,Alagoas,Tablet,Indígena,Evangélica,Centro Esquerda,4-6,,,
9418,E,Ceará,Tablet,Amarela,Católica,Centro,<1,,,
9419,A,Rondônia,Smartphone/Celular,Indígena,Evangélica,Não se interessa,4-6,,,
9420,A,Rio Grande do Norte,Desktop/Computador de mesa,Branca,Católica,Centro,>10,,,
9421,E,Piauí,Notebook/Netbook,Amarela,Católica,Esquerda,<1,,,
9422,B,Pará,Outro,Prefiro não dizer,Ateu,Direita,1-3,,,
9423,B,Tocantins,Notebook/Netbook,Indígena,Outras,Extrema Direita,4-6,,,
9424,C,Pará,Desktop/Computador de mesa,Prefiro não dizer,Judaíca,Extrema Esquerda,4-6,,,
9425,D,Amapá,Tablet,Branca,Outras,Esquerda,4-6,,,
9426,D,Paraná,Notebook/Netbook,Parda,Católica,Extrema Direita,<1,,,
9427,D,Mato Grosso do Sul,Smartphone/Celular,Amarela,Ateu,Extrema Direita,4-6,,,
9428,A,Tocantins,Tablet,Indígena,Espírita,Direita,4-6,,,
9429,D,Sergipe,Tablet,Amarela,Ateu,Extrema Direita,7-10,,,
9430,A,Minas Gerais,Desktop/Computador de mesa,Prefiro não dizer,Agnóstico,Direita,7-10,,,
9431,D,Mato Grosso,Desktop/Computador de mesa,Indígena,Católica,Não se interessa,4-6,,,
9432,E,Rio Grande do Sul,Desktop/Computador de mesa,Preta,Outras,Esquerda,7-10,,,
9433,E,Roraima,Tablet,Prefiro não dizer,Judaíca,Extrema Esquerda,4-6,,,
9434,A,Mato Grosso do Sul,Outro,Branca,Agnóstico,Centro Direita,<1,,,
9435,D,Espírito Santo,Tablet,Parda,Espírita,Não se interessa,1-3,,,
9436,B,Amazonas,Notebook/Netbook,Amarela,Judaíca,Direita,4-6,,,
9437,C,Espírito Santo,Desktop/Computador de mesa,Indígena,Espírita,Centro Direita,<1,,,
9438,C,Goiás,Tablet,Parda,Agnóstico,Extrema Direita,<1,,,
9439,C,Rio Grande do Sul,Desktop/Computador de mesa,Preta,Outras,Direita,1-3,,,
9440,E,Paraíba,Tablet,Branca,Católica,Extrema Direita,>10,,,
9441,D,Santa Catarina,Notebook/Netbook,Preta,Católica,Não se interessa,7-10,,,
9442,E,Rondônia,Tablet,Preta,Ateu,Esquerda,>10,,,
9443,D,Acre,Desktop/Computador de mesa,Indígena,Ateu,Direita,4-6,,,
9444,C,Minas Gerais,Outro,Prefiro não dizer,Espírita,Extrema Esquerda,>10,,,
9445,D,Mato Grosso do Sul,Outro,Amarela,Judaíca,Centro Direita,7-10,,,
9446,A,Tocantins,Tablet,Parda,Ateu,Direita,<1,,,
9447,D,São Paulo,Smartphone/Celular,Amarela,Judaíca,Extrema Esquerda,1-3,,,
9448,E,Amazonas,Smartphone/Celular,Branca,Espírita,Direita,4-6,,,
9449,E,Minas Gerais,Outro,Indígena,Judaíca,Direita,4-6,,,
9450,D,Santa Catarina,Desktop/Computador de mesa,Indígena,Judaíca,Esquerda,4-6,,,
9451,B,Minas Gerais,Notebook/Netbook,Preta,Judaíca,Não se interessa,7-10,,,
9452,D,Distrito Federal,Desktop/Computador de mesa,Amarela,Evangélica,Centro,1-3,,,
9453,C,Pernambuco,Outro,Branca,Outras,Esquerda,<1,,,
9454,C,Ceará,Smartphone/Celular,Indígena,Agnóstico,Esquerda,>10,,,
9455,A,Mato Grosso do Sul,Desktop/Computador de mesa,Parda,Católica,Direita,7-10,,,
9456,C,Pará,Smartphone/Celular,Branca,Agnóstico,Extrema Esquerda,>10,,,
9457,E,Paraíba,Outro,Indígena,Agnóstico,Centro,<1,,,
9458,D,Mato Grosso,Notebook/Netbook,Parda,Católica,Centro,1-3,,,
9459,A,São Paulo,Tablet,Preta,Agnóstico,Não se interessa,>10,,,
9460,E,Paraná,Outro,Preta,Agnóstico,Extrema Esquerda,7-10,,,
9461,D,Amapá,Outro,Branca,Espírita,Extrema Esquerda,7-10,,,
9462,B,Espírito Santo,Outro,Amarela,Católica,Centro Esquerda,1-3,,,
9463,E,Alagoas,Outro,Amarela,Evangélica,Não se interessa,>10,,,
9464,A,Sergipe,Outro,Branca,Ateu,Centro,1-3,,,
9465,C,Pernambuco,Notebook/Netbook,Indígena,Evangélica,Esquerda,4-6,,,
9466,A,Rio de Janeiro,Desktop/Computador de mesa,Parda,Espírita,Extrema Direita,>10,,,
9467,A,Minas Gerais,Outro,Parda,Judaíca,Centro Esquerda,<1,,,
9468,B,Rio de Janeiro,Desktop/Computador de mesa,Branca,Agnóstico,Direita,7-10,,,
9469,B,Espírito Santo,Desktop/Computador de mesa,Prefiro não dizer,Católica,Centro,<1,,,
9470,E,Rio Grande do Norte,Notebook/Netbook,Branca,Ateu,Centro,1-3,,,
9471,D,Mato Grosso,Notebook/Netbook,Parda,Evangélica,Esquerda,1-3,,,
9472,A,Tocantins,Smartphone/Celular,Branca,Espírita,Não se interessa,7-10,,,
9473,D,Piauí,Desktop/Computador de mesa,Prefiro não dizer,Agnóstico,Direita,<1,,,
9474,E,Amapá,Tablet,Prefiro não dizer,Espírita,Esquerda,7-10,,,
9475,A,Pará,Outro,Branca,Espírita,Extrema Esquerda,1-3,,,
9476,B,Pernambuco,Desktop/Computador de mesa,Prefiro não dizer,Judaíca,Direita,7-10,,,
9477,B,Rio Grande do Sul,Notebook/Netbook,Amarela,Agnóstico,Extrema Esquerda,4-6,,,
9478,B,Minas Gerais,Notebook/Netbook,Branca,Outras,Centro Direita,1-3,,,
9479,E,Maranhão,Desktop/Computador de mesa,Indígena,Ateu,Centro Esquerda,<1,,,
9480,A,Maranhão,Tablet,Amarela,Espírita,Não se interessa,7-10,,,
9481,D,Santa Catarina,Desktop/Computador de mesa,Preta,Espírita,Não se interessa,<1,,,
9482,C,Minas Gerais,Notebook/Netbook,Prefiro não dizer,Católica,Esquerda,1-3,,,
9483,C,Espírito Santo,Outro,Preta,Espírita,Extrema Direita,7-10,,,
9484,B,Mato Grosso,Outro,Parda,Judaíca,Centro Esquerda,4-6,,,
9485,A,Goiás,Desktop/Computador de mesa,Branca,Ateu,Centro,7-10,,,
9486,E,Pernambuco,Outro,Branca,Evangélica,Não se interessa,7-10,,,
9487,E,Piauí,Desktop/Computador de mesa,Parda,Católica,Centro,<1,,,
9488,A,Santa Catarina,Notebook/Netbook,Prefiro não dizer,Agnóstico,Extrema Esquerda,1-3,,,
9489,A,Pará,Desktop/Computador de mesa,Amarela,Espírita,Direita,>10,,,
9490,C,Sergipe,Smartphone/Celular,Indígena,Ateu,Centro Esquerda,4-6,,,
9491,D,Goiás,Notebook/Netbook,Amarela,Evangélica,Extrema Esquerda,<1,,,
9492,C,Maranhão,Smartphone/Celular,Preta,Ateu,Extrema Direita,4-6,,,
9493,B,São Paulo,Outro,Prefiro não dizer,Evangélica,Centro Direita,>10,,,
9494,C,Amazonas,Smartphone/Celular,Branca,Evangélica,Direita,4-6,,,
9495,B,Pernambuco,Tablet,Prefiro não dizer,Outras,Extrema Direita,1-3,,,
9496,D,Pernambuco,Smartphone/Celular,Prefiro não dizer,Ateu,Centro Direita,>10,,,
9497,D,Ceará,Desktop/Computador de mesa,Branca,Espírita,Centro,1-3,,,
9498,B,Goiás,Notebook/Netbook,Amarela,Ateu,Direita,1-3,,,
9499,D,Rio de Janeiro,Smartphone/Celular,Indígena,Agnóstico,Esquerda,<1,,,
9500,C,Santa Catarina,Notebook/Netbook,Branca,Evangélica,Extrema Direita,7-10,,,
9501,B,Sergipe,Smartphone/Celular,Branca,Evangélica,Não se interessa,7-10,,,
9502,D,Minas Gerais,Desktop/Computador de mesa,Preta,Ateu,Centro Esquerda,4-6,,,
9503,B,Acre,Smartphone/Celular,Preta,Ateu,Direita,7-10,,,
9504,A,Mato Grosso,Tablet,Indígena,Evangélica,Centro,<1,,,
9505,E,São Paulo,Desktop/Computador de mesa,Indígena,Outras,Centro Direita,<1,,,
9506,D,Pará,Notebook/Netbook,Indígena,Espírita,Extrema Direita,4-6,,,
9507,E,Amapá,Smartphone/Celular,Amarela,Espírita,Extrema Esquerda,4-6,,,
9508,D,Mato Grosso,Desktop/Computador de mesa,Amarela,Espírita,Esquerda,4-6,,,
9509,E,Amazonas,Tablet,Indígena,Espírita,Não se interessa,7-10,,,
9510,A,Alagoas,Tablet,Preta,Judaíca,Não se interessa,4-6,,,
9511,B,Santa Catarina,Desktop/Computador de mesa,Indígena,Evangélica,Esquerda,1-3,,,
9512,A,Amapá,Desktop/Computador de mesa,Preta,Católica,Centro,1-3,,,
9513,B,Roraima,Outro,Branca,Espírita,Não se interessa,7-10,,,
9514,C,Rio de Janeiro,Smartphone/Celular,Prefiro não dizer,Outras,Centro,1-3,,,
9515,E,Sergipe,Smartphone/Celular,Indígena,Evangélica,Centro Esquerda,1-3,,,
9516,D,Roraima,Desktop/Computador de mesa,Branca,Ateu,Extrema Direita,1-3,,,
9517,E,Mato Grosso,Notebook/Netbook,Amarela,Judaíca,Não se interessa,>10,,,
9518,B,Maranhão,Smartphone/Celular,Preta,Outras,Extrema Direita,<1,,,
9519,C,Sergipe,Tablet,Indígena,Judaíca,Extrema Esquerda,1-3,,,
9520,B,Acre,Desktop/Computador de mesa,Branca,Outras,Direita,<1,,,
9521,E,Pernambuco,Notebook/Netbook,Parda,Católica,Centro Direita,1-3,,,
9522,C,Rio Grande do Sul,Outro,Indígena,Católica,Não se interessa,4-6,,,
9523,B,Alagoas,Outro,Indígena,Evangélica,Extrema Direita,>10,,,
9524,E,Sergipe,Tablet,Prefiro não dizer,Outras,Centro Direita,<1,,,
9525,D,Paraíba,Desktop/Computador de mesa,Amarela,Judaíca,Extrema Direita,>10,,,
9526,B,Goiás,Notebook/Netbook,Prefiro não dizer,Agnóstico,Centro Direita,4-6,,,
9527,B,Rio de Janeiro,Smartphone/Celular,Preta,Evangélica,Centro,4-6,,,
9528,B,Piauí,Notebook/Netbook,Prefiro não dizer,Judaíca,Esquerda,1-3,,,
9529,C,Amapá,Smartphone/Celular,Amarela,Agnóstico,Centro Direita,<1,,,
9530,D,Rio Grande do Sul,Outro,Prefiro não dizer,Outras,Esquerda,<1,,,
9531,B,Roraima,Desktop/Computador de mesa,Branca,Espírita,Direita,4-6,,,
9532,C,São Paulo,Outro,Branca,Ateu,Centro,>10,,,
9533,A,Rondônia,Desktop/Computador de mesa,Indígena,Judaíca,Extrema Esquerda,>10,,,
9534,D,Rondônia,Notebook/Netbook,Preta,Espírita,Centro Direita,7-10,,,
9535,C,Amazonas,Tablet,Amarela,Agnóstico,Centro Direita,<1,,,
9536,D,Pará,Smartphone/Celular,Parda,Espírita,Direita,7-10,,,
9537,A,Espírito Santo,Tablet,Branca,Agnóstico,Não se interessa,7-10,,,
9538,E,São Paulo,Outro,Parda,Evangélica,Centro Esquerda,1-3,,,
9539,D,Bahia,Notebook/Netbook,Preta,Evangélica,Centro Esquerda,1-3,,,
9540,E,Pernambuco,Notebook/Netbook,Parda,Espírita,Extrema Direita,<1,,,
9541,B,Paraíba,Notebook/Netbook,Parda,Judaíca,Esquerda,1-3,,,
9542,D,São Paulo,Outro,Amarela,Agnóstico,Centro Direita,>10,,,
9543,E,Alagoas,Desktop/Computador de mesa,Preta,Judaíca,Extrema Direita,>10,,,
9544,C,Tocantins,Outro,Parda,Agnóstico,Extrema Direita,4-6,,,
9545,D,São Paulo,Smartphone/Celular,Branca,Evangélica,Centro,4-6,,,
9546,B,Amazonas,Notebook/Netbook,Preta,Católica,Centro Esquerda,<1,,,
9547,E,Alagoas,Smartphone/Celular,Prefiro não dizer,Evangélica,Centro,7-10,,,
9548,C,Acre,Outro,Amarela,Judaíca,Centro Direita,4-6,,,
9549,D,Piauí,Tablet,Preta,Agnóstico,Extrema Direita,>10,,,
9550,A,Rio de Janeiro,Tablet,Branca,Espírita,Centro Esquerda,1-3,,,
9551,A,Mato Grosso do Sul,Desktop/Computador de mesa,Prefiro não dizer,Judaíca,Centro Esquerda,7-10,,,
9552,A,Pernambuco,Notebook/Netbook,Prefiro não dizer,Ateu,Não se interessa,>10,,,
9553,E,Pará,Smartphone/Celular,Indígena,Católica,Centro Esquerda,<1,,,
9554,C,Tocantins,Notebook/Netbook,Preta,Judaíca,Extrema Esquerda,4-6,,,
9555,D,Mato Grosso,Tablet,Parda,Agnóstico,Extrema Esquerda,<1,,,
9556,A,Rio Grande do Norte,Smartphone/Celular,Indígena,Evangélica,Direita,>10,,,
9557,C,Rondônia,Desktop/Computador de mesa,Prefiro não dizer,Espírita,Não se interessa,7-10,,,
9558,E,Alagoas,Notebook/Netbook,Branca,Ateu,Centro Esquerda,<1,,,
9559,B,Bahia,Desktop/Computador de mesa,Parda,Judaíca,Direita,1-3,,,
9560,B,Rio Grande do Sul,Notebook/Netbook,Branca,Evangélica,Esquerda,<1,,,
9561,C,Rondônia,Desktop/Computador de mesa,Branca,Ateu,Centro,<1,,,
9562,A,Rio de Janeiro,Tablet,Branca,Espírita,Não se interessa,7-10,,,
9563,B,Mato Grosso do Sul,Notebook/Netbook,Amarela,Evangélica,Centro,4-6,,,
9564,B,Goiás,Notebook/Netbook,Amarela,Agnóstico,Centro Direita,1-3,,,
9565,A,Mato Grosso,Tablet,Indígena,Evangélica,Extrema Esquerda,1-3,,,
9566,D,Sergipe,Desktop/Computador de mesa,Indígena,Agnóstico,Extrema Direita,<1,,,
9567,D,Mato Grosso do Sul,Tablet,Parda,Ateu,Centro,1-3,,,
9568,A,Minas Gerais,Desktop/Computador de mesa,Preta,Agnóstico,Centro Direita,>10,,,
9569,E,Mato Grosso do Sul,Desktop/Computador de mesa,Branca,Espírita,Direita,1-3,,,
9570,D,Mato Grosso do Sul,Notebook/Netbook,Parda,Agnóstico,Centro Direita,4-6,,,
9571,D,Tocantins,Smartphone/Celular,Prefiro não dizer,Católica,Centro,<1,,,
9572,D,Tocantins,Notebook/Netbook,Indígena,Agnóstico,Esquerda,>10,,,
9573,B,Acre,Smartphone/Celular,Amarela,Judaíca,Não se interessa,1-3,,,
9574,A,Minas Gerais,Desktop/Computador de mesa,Branca,Judaíca,Extrema Direita,4-6,,,
9575,E,Goiás,Desktop/Computador de mesa,Indígena,Judaíca,Centro,>10,,,
9576,C,Pernambuco,Notebook/Netbook,Indígena,Evangélica,Centro,<1,,,
9577,E,Bahia,Smartphone/Celular,Prefiro não dizer,Ateu,Não se interessa,7-10,,,
9578,E,Mato Grosso,Smartphone/Celular,Prefiro não dizer,Agnóstico,Centro Direita,<1,,,
9579,A,Tocantins,Smartphone/Celular,Parda,Outras,Extrema Direita,>10,,,
9580,B,Goiás,Outro,Indígena,Ateu,Não se interessa,1-3,,,
9581,C,Rio de Janeiro,Notebook/Netbook,Amarela,Outras,Esquerda,4-6,,,
9582,E,Amapá,Tablet,Amarela,Ateu,Direita,7-10,,,
9583,D,Santa Catarina,Desktop/Computador de mesa,Amarela,Ateu,Direita,4-6,,,
9584,D,Rio de Janeiro,Outro,Prefiro não dizer,Ateu,Centro Esquerda,7-10,,,
9585,A,Mato Grosso do Sul,Outro,Parda,Agnóstico,Centro Esquerda,4-6,,,
9586,C,Distrito Federal,Desktop/Computador de mesa,Prefiro não dizer,Ateu,Centro Direita,4-6,,,
9587,A,Rio de Janeiro,Notebook/Netbook,Branca,Outras,Extrema Direita,7-10,,,
9588,A,Goiás,Smartphone/Celular,Indígena,Espírita,Centro Esquerda,<1,,,
9589,A,Sergipe,Desktop/Computador de mesa,Prefiro não dizer,Espírita,Centro Esquerda,1-3,,,
9590,A,Amapá,Tablet,Indígena,Ateu,Extrema Direita,4-6,,,
9591,C,Acre,Outro,Indígena,Outras,Centro,4-6,,,
9592,D,Rio de Janeiro,Notebook/Netbook,Indígena,Espírita,Centro Esquerda,1-3,,,
9593,C,Amazonas,Notebook/Netbook,Branca,Agnóstico,Extrema Esquerda,7-10,,,
9594,C,Amapá,Notebook/Netbook,Indígena,Evangélica,Direita,4-6,,,
9595,D,Paraná,Smartphone/Celular,Indígena,Ateu,Direita,1-3,,,
9596,A,Distrito Federal,Tablet,Branca,Ateu,Centro Esquerda,<1,,,
9597,E,Sergipe,Smartphone/Celular,Branca,Outras,Direita,7-10,,,
9598,A,Acre,Smartphone/Celular,Parda,Judaíca,Esquerda,1-3,,,
9599,B,Distrito Federal,Notebook/Netbook,Amarela,Espírita,Centro Direita,<1,,,
9600,A,Paraíba,Desktop/Computador de mesa,Prefiro não dizer,Judaíca,Centro Esquerda,7-10,,,
9601,E,Paraíba,Notebook/Netbook,Prefiro não dizer,Agnóstico,Centro Direita,<1,,,
9602,E,Rio Grande do Sul,Smartphone/Celular,Parda,Judaíca,Esquerda,1-3,,,
9603,A,Amazonas,Smartphone/Celular,Indígena,Espírita,Extrema Direita,4-6,,,
9604,E,Piauí,Tablet,Preta,Espírita,Centro Esquerda,<1,,,
9605,B,Pernambuco,Notebook/Netbook,Prefiro não dizer,Católica,Centro Esquerda,7-10,,,
9606,B,Rondônia,Tablet,Amarela,Judaíca,Esquerda,4-6,,,
9607,A,Amazonas,Tablet,Parda,Outras,Centro Direita,>10,,,
9608,B,Rio Grande do Sul,Tablet,Parda,Evangélica,Centro Direita,1-3,,,
9609,B,Santa Catarina,Notebook/Netbook,Parda,Católica,Centro Direita,1-3,,,
9610,C,Mato Grosso,Notebook/Netbook,Amarela,Agnóstico,Centro Esquerda,>10,,,
9611,D,Mato Grosso,Notebook/Netbook,Prefiro não dizer,Espírita,Extrema Esquerda,7-10,,,
9612,B,Bahia,Smartphone/Celular,Amarela,Ateu,Esquerda,4-6,,,
9613,C,Rondônia,Outro,Indígena,Ateu,Direita,<1,,,
9614,B,Rio Grande do Norte,Notebook/Netbook,Amarela,Outras,Centro Direita,<1,,,
9615,B,Pernambuco,Outro,Prefiro não dizer,Espírita,Centro,4-6,,,
9616,C,Piauí,Notebook/Netbook,Prefiro não dizer,Outras,Centro,7-10,,,
9617,E,Amazonas,Notebook/Netbook,Amarela,Judaíca,Centro Esquerda,<1,,,
9618,B,Pernambuco,Notebook/Netbook,Amarela,Espírita,Centro Direita,7-10,,,
9619,C,Sergipe,Desktop/Computador de mesa,Indígena,Evangélica,Extrema Direita,>10,,,
9620,E,Mato Grosso do Sul,Desktop/Computador de mesa,Prefiro não dizer,Católica,Esquerda,<1,,,
9621,D,Maranhão,Outro,Amarela,Evangélica,Centro,1-3,,,
9622,B,Alagoas,Smartphone/Celular,Amarela,Judaíca,Centro Direita,>10,,,
9623,E,Distrito Federal,Notebook/Netbook,Indígena,Ateu,Extrema Esquerda,1-3,,,
9624,A,Paraná,Smartphone/Celular,Preta,Evangélica,Centro,7-10,,,
9625,E,Pernambuco,Tablet,Preta,Ateu,Centro,>10,,,
9626,D,Mato Grosso,Tablet,Parda,Judaíca,Extrema Direita,>10,,,
9627,C,Pernambuco,Outro,Preta,Evangélica,Centro Direita,1-3,,,
9628,E,Pará,Outro,Indígena,Católica,Centro Direita,4-6,,,
9629,C,Tocantins,Desktop/Computador de mesa,Indígena,Judaíca,Centro Esquerda,4-6,,,
9630,B,Minas Gerais,Tablet,Preta,Outras,Centro Esquerda,4-6,,,
9631,B,Ceará,Smartphone/Celular,Branca,Judaíca,Direita,<1,,,
9632,B,Roraima,Smartphone/Celular,Amarela,Católica,Centro Direita,7-10,,,
9633,E,Paraná,Desktop/Computador de mesa,Preta,Agnóstico,Esquerda,1-3,,,
9634,C,Rio de Janeiro,Notebook/Netbook,Branca,Ateu,Não se interessa,<1,,,
9635,C,Mato Grosso,Smartphone/Celular,Amarela,Espírita,Centro Esquerda,<1,,,
9636,D,Tocantins,Notebook/Netbook,Branca,Outras,Não se interessa,>10,,,
9637,A,Mato Grosso,Notebook/Netbook,Parda,Ateu,Direita,1-3,,,
9638,A,Minas Gerais,Smartphone/Celular,Indígena,Outras,Centro,>10,,,
9639,E,Paraíba,Smartphone/Celular,Indígena,Judaíca,Extrema Direita,4-6,,,
9640,D,Sergipe,Desktop/Computador de mesa,Prefiro não dizer,Judaíca,Extrema Esquerda,1-3,,,
9641,D,Minas Gerais,Notebook/Netbook,Preta,Outras,Esquerda,4-6,,,
9642,E,Acre,Notebook/Netbook,Amarela,Agnóstico,Extrema Esquerda,>10,,,
9643,D,Sergipe,Notebook/Netbook,Parda,Judaíca,Esquerda,1-3,,,
9644,C,Amapá,Notebook/Netbook,Amarela,Judaíca,Centro,1-3,,,
9645,E,Rio Grande do Sul,Notebook/Netbook,Parda,Evangélica,Centro Esquerda,4-6,,,
9646,E,Maranhão,Desktop/Computador de mesa,Indígena,Agnóstico,Esquerda,1-3,,,
9647,E,Pará,Tablet,Preta,Católica,Centro Esquerda,>10,,,
9648,B,Rio Grande do Sul,Smartphone/Celular,Amarela,Judaíca,Não se interessa,>10,,,
9649,A,Ceará,Outro,Parda,Outras,Centro Esquerda,7-10,,,
9650,C,Distrito Federal,Outro,Amarela,Agnóstico,Extrema Esquerda,<1,,,
9651,C,São Paulo,Smartphone/Celular,Preta,Evangélica,Extrema Direita,7-10,,,
9652,E,Pernambuco,Smartphone/Celular,Indígena,Agnóstico,Direita,4-6,,,
9653,E,Goiás,Smartphone/Celular,Indígena,Judaíca,Centro Direita,7-10,,,
9654,B,São Paulo,Outro,Parda,Espírita,Esquerda,7-10,,,
9655,E,Ceará,Outro,Branca,Católica,Centro,4-6,,,
9656,B,Roraima,Smartphone/Celular,Prefiro não dizer,Ateu,Extrema Esquerda,7-10,,,
9657,A,Paraná,Desktop/Computador de mesa,Preta,Judaíca,Centro Direita,1-3,,,
9658,B,Rio Grande do Sul,Smartphone/Celular,Branca,Católica,Centro,<1,,,
9659,E,Rio Grande do Sul,Notebook/Netbook,Indígena,Evangélica,Extrema Esquerda,>10,,,
9660,D,Roraima,Smartphone/Celular,Prefiro não dizer,Outras,Não se interessa,>10,,,
9661,C,Ceará,Desktop/Computador de mesa,Prefiro não dizer,Outras,Extrema Esquerda,7-10,,,
9662,A,Piauí,Smartphone/Celular,Prefiro não dizer,Judaíca,Extrema Direita,>10,,,
9663,E,Mato Grosso,Notebook/Netbook,Prefiro não dizer,Judaíca,Extrema Direita,4-6,,,
9664,A,Mato Grosso,Desktop/Computador de mesa,Preta,Espírita,Esquerda,7-10,,,
9665,E,Rio Grande do Norte,Desktop/Computador de mesa,Preta,Evangélica,Extrema Esquerda,1-3,,,
9666,B,Santa Catarina,Tablet,Branca,Ateu,Centro,7-10,,,
9667,E,Roraima,Smartphone/Celular,Parda,Espírita,Centro Direita,1-3,,,
9668,D,Rio Grande do Sul,Desktop/Computador de mesa,Parda,Agnóstico,Centro,<1,,,
9669,A,Piauí,Tablet,Parda,Espírita,Extrema Esquerda,1-3,,,
9670,D,Bahia,Desktop/Computador de mesa,Prefiro não dizer,Espírita,Centro Direita,4-6,,,
9671,B,Tocantins,Desktop/Computador de mesa,Indígena,Outras,Não se interessa,1-3,,,
9672,D,Rio Grande do Sul,Outro,Branca,Outras,Esquerda,1-3,,,
9673,D,Bahia,Outro,Branca,Ateu,Extrema Esquerda,<1,,,
9674,A,Goiás,Desktop/Computador de mesa,Indígena,Outras,Centro Direita,4-6,,,
9675,D,Rondônia,Outro,Prefiro não dizer,Espírita,Centro Esquerda,7-10,,,
9676,A,Mato Grosso do Sul,Outro,Indígena,Evangélica,Centro,4-6,,,
9677,E,Distrito Federal,Desktop/Computador de mesa,Branca,Espírita,Centro,7-10,,,
9678,A,Goiás,Outro,Amarela,Evangélica,Extrema Direita,7-10,,,
9679,D,Maranhão,Desktop/Computador de mesa,Preta,Espírita,Direita,7-10,,,
9680,D,Pernambuco,Tablet,Prefiro não dizer,Ateu,Extrema Direita,>10,,,
9681,B,Amapá,Notebook/Netbook,Parda,Outras,Extrema Direita,7-10,,,
9682,B,Minas Gerais,Notebook/Netbook,Prefiro não dizer,Agnóstico,Centro Esquerda,<1,,,
9683,D,Espírito Santo,Outro,Indígena,Judaíca,Direita,>10,,,
9684,D,Amazonas,Smartphone/Celular,Prefiro não dizer,Ateu,Extrema Direita,7-10,,,
9685,D,Minas Gerais,Desktop/Computador de mesa,Prefiro não dizer,Espírita,Extrema Direita,>10,,,
9686,E,Acre,Notebook/Netbook,Indígena,Católica,Extrema Esquerda,1-3,,,
9687,B,Minas Gerais,Smartphone/Celular,Branca,Católica,Centro Direita,7-10,,,
9688,E,Mato Grosso do Sul,Desktop/Computador de mesa,Preta,Agnóstico,Extrema Esquerda,1-3,,,
9689,D,Maranhão,Outro,Branca,Evangélica,Não se interessa,>10,,,
9690,B,Rio Grande do Norte,Tablet,Prefiro não dizer,Ateu,Esquerda,>10,,,
9691,C,Goiás,Desktop/Computador de mesa,Amarela,Ateu,Esquerda,1-3,,,
9692,B,Piauí,Smartphone/Celular,Amarela,Agnóstico,Extrema Direita,1-3,,,
9693,C,Rio de Janeiro,Outro,Preta,Espírita,Centro Direita,<1,,,
9694,B,Mato Grosso,Tablet,Branca,Ateu,Direita,<1,,,
9695,D,Paraná,Notebook/Netbook,Preta,Evangélica,Extrema Esquerda,>10,,,
9696,D,Acre,Tablet,Indígena,Outras,Centro Esquerda,>10,,,
9697,A,Tocantins,Desktop/Computador de mesa,Amarela,Ateu,Extrema Esquerda,1-3,,,
9698,E,Piauí,Smartphone/Celular,Prefiro não dizer,Evangélica,Extrema Esquerda,<1,,,
9699,C,São Paulo,Smartphone/Celular,Parda,Evangélica,Extrema Esquerda,1-3,,,
9700,A,Distrito Federal,Smartphone/Celular,Preta,Evangélica,Direita,>10,,,
9701,A,Maranhão,Notebook/Netbook,Amarela,Evangélica,Centro,1-3,,,
9702,E,Paraná,Notebook/Netbook,Preta,Judaíca,Extrema Direita,>10,,,
9703,C,Rio de Janeiro,Smartphone/Celular,Parda,Espírita,Centro,>10,,,
9704,C,Rio de Janeiro,Tablet,Branca,Outras,Não se interessa,<1,,,
9705,E,Maranhão,Smartphone/Celular,Branca,Judaíca,Centro Esquerda,1-3,,,
9706,E,Paraíba,Smartphone/Celular,Amarela,Espírita,Extrema Esquerda,7-10,,,
9707,D,Mato Grosso,Desktop/Computador de mesa,Prefiro não dizer,Outras,Extrema Direita,>10,,,
9708,A,Santa Catarina,Outro,Preta,Evangélica,Não se interessa,<1,,,
9709,B,Rondônia,Outro,Amarela,Espírita,Centro,4-6,,,
9710,A,São Paulo,Desktop/Computador de mesa,Preta,Agnóstico,Centro Esquerda,>10,,,
9711,A,Paraná,Smartphone/Celular,Prefiro não dizer,Espírita,Centro Direita,<1,,,
9712,A,Amazonas,Notebook/Netbook,Prefiro não dizer,Ateu,Centro Direita,<1,,,
9713,A,Amazonas,Notebook/Netbook,Amarela,Outras,Extrema Esquerda,<1,,,
9714,B,Mato Grosso,Smartphone/Celular,Branca,Outras,Extrema Esquerda,<1,,,
9715,C,Rio Grande do Sul,Tablet,Indígena,Ateu,Direita,>10,,,
9716,E,Bahia,Desktop/Computador de mesa,Parda,Judaíca,Não se interessa,>10,,,
9717,D,Minas Gerais,Outro,Preta,Judaíca,Extrema Esquerda,>10,,,
9718,A,Rio Grande do Norte,Smartphone/Celular,Indígena,Evangélica,Direita,<1,,,
9719,A,Acre,Smartphone/Celular,Branca,Judaíca,Centro Direita,4-6,,,
9720,C,Bahia,Desktop/Computador de mesa,Amarela,Agnóstico,Centro,1-3,,,
9721,A,Piauí,Outro,Prefiro não dizer,Espírita,Centro Esquerda,>10,,,
9722,A,Mato Grosso do Sul,Smartphone/Celular,Prefiro não dizer,Agnóstico,Não se interessa,<1,,,
9723,E,Goiás,Smartphone/Celular,Parda,Outras,Direita,1-3,,,
9724,C,Espírito Santo,Tablet,Parda,Ateu,Esquerda,1-3,,,
9725,E,Maranhão,Tablet,Parda,Agnóstico,Esquerda,<1,,,
9726,A,Piauí,Desktop/Computador de mesa,Preta,Católica,Extrema Esquerda,<1,,,
9727,D,Amapá,Outro,Branca,Judaíca,Não se interessa,4-6,,,
9728,E,Mato Grosso,Tablet,Prefiro não dizer,Agnóstico,Esquerda,<1,,,
9729,D,Sergipe,Desktop/Computador de mesa,Parda,Judaíca,Não se interessa,4-6,,,
9730,B,Alagoas,Desktop/Computador de mesa,Branca,Judaíca,Esquerda,<1,,,
9731,E,Ceará,Tablet,Prefiro não dizer,Judaíca,Direita,4-6,,,
9732,B,Rio de Janeiro,Desktop/Computador de mesa,Amarela,Ateu,Centro Esquerda,>10,,,
9733,A,Alagoas,Notebook/Netbook,Prefiro não dizer,Espírita,Centro,<1,,,
9734,C,Minas Gerais,Notebook/Netbook,Indígena,Evangélica,Centro Esquerda,>10,,,
9735,A,Mato Grosso,Desktop/Computador de mesa,Preta,Evangélica,Centro,7-10,,,
9736,D,Goiás,Desktop/Computador de mesa,Amarela,Outras,Esquerda,4-6,,,
9737,A,Sergipe,Desktop/Computador de mesa,Preta,Evangélica,Centro Esquerda,4-6,,,
9738,A,Mato Grosso do Sul,Notebook/Netbook,Prefiro não dizer,Ateu,Não se interessa,1-3,,,
9739,C,Mato Grosso do Sul,Outro,Amarela,Judaíca,Direita,1-3,,,
9740,E,Rondônia,Tablet,Preta,Agnóstico,Não se interessa,<1,,,
9741,A,Amazonas,Notebook/Netbook,Preta,Evangélica,Esquerda,<1,,,
9742,D,Amazonas,Smartphone/Celular,Amarela,Outras,Centro Direita,4-6,,,
9743,D,Espírito Santo,Outro,Branca,Outras,Centro Direita,>10,,,
9744,D,Mato Grosso do Sul,Desktop/Computador de mesa,Prefiro não dizer,Ateu,Extrema Direita,<1,,,
9745,E,Mato Grosso do Sul,Tablet,Prefiro não dizer,Evangélica,Esquerda,<1,,,
9746,D,Goiás,Tablet,Preta,Outras,Extrema Direita,7-10,,,
9747,D,Tocantins,Smartphone/Celular,Branca,Espírita,Extrema Esquerda,1-3,,,
9748,B,Espírito Santo,Desktop/Computador de mesa,Amarela,Judaíca,Direita,7-10,,,
9749,C,Piauí,Smartphone/Celular,Parda,Evangélica,Centro Direita,7-10,,,
9750,A,Santa Catarina,Outro,Indígena,Agnóstico,Extrema Direita,<1,,,
9751,C,Pernambuco,Outro,Preta,Espírita,Extrema Direita,7-10,,,
9752,C,Alagoas,Desktop/Computador de mesa,Branca,Outras,Extrema Esquerda,<1,,,
9753,A,Mato Grosso do Sul,Outro,Amarela,Evangélica,Extrema Direita,1-3,,,
9754,C,Espírito Santo,Outro,Amarela,Agnóstico,Centro Esquerda,1-3,,,
9755,D,Mato Grosso,Smartphone/Celular,Amarela,Outras,Centro,>10,,,
9756,D,Piauí,Tablet,Parda,Ateu,Centro Esquerda,<1,,,
9757,C,Espírito Santo,Outro,Prefiro não dizer,Judaíca,Centro,<1,,,
9758,B,Paraná,Tablet,Indígena,Ateu,Direita,4-6,,,
9759,A,Sergipe,Smartphone/Celular,Prefiro não dizer,Evangélica,Centro,7-10,,,
9760,C,Rio de Janeiro,Desktop/Computador de mesa,Amarela,Evangélica,Não se interessa,>10,,,
9761,C,Rio Grande do Sul,Tablet,Prefiro não dizer,Católica,Esquerda,<1,,,
9762,B,Tocantins,Smartphone/Celular,Preta,Outras,Extrema Direita,<1,,,
9763,E,Rio Grande do Norte,Outro,Prefiro não dizer,Espírita,Centro,>10,,,
9764,A,Mato Grosso,Smartphone/Celular,Prefiro não dizer,Católica,Não se interessa,>10,,,
9765,D,Espírito Santo,Notebook/Netbook,Branca,Judaíca,Extrema Esquerda,>10,,,
9766,C,Espírito Santo,Notebook/Netbook,Branca,Judaíca,Centro Esquerda,7-10,,,
9767,C,Rondônia,Smartphone/Celular,Parda,Outras,Extrema Esquerda,4-6,,,
9768,C,Mato Grosso do Sul,Outro,Amarela,Outras,Extrema Esquerda,<1,,,
9769,D,Mato Grosso do Sul,Outro,Parda,Ateu,Direita,4-6,,,
9770,C,Mato Grosso,Tablet,Indígena,Ateu,Extrema Direita,<1,,,
9771,C,Mato Grosso do Sul,Smartphone/Celular,Amarela,Católica,Extrema Esquerda,1-3,,,
9772,C,Ceará,Smartphone/Celular,Prefiro não dizer,Espírita,Centro,<1,,,
9773,C,Acre,Tablet,Preta,Judaíca,Extrema Esquerda,1-3,,,
9774,D,Mato Grosso,Notebook/Netbook,Amarela,Espírita,Extrema Esquerda,4-6,,,
9775,B,Distrito Federal,Smartphone/Celular,Prefiro não dizer,Ateu,Extrema Esquerda,1-3,,,
9776,E,Bahia,Notebook/Netbook,Parda,Outras,Direita,4-6,,,
9777,A,Rio Grande do Norte,Tablet,Indígena,Agnóstico,Extrema Esquerda,1-3,,,
9778,C,Espírito Santo,Tablet,Prefiro não dizer,Católica,Centro Direita,>10,,,
9779,A,São Paulo,Notebook/Netbook,Indígena,Judaíca,Não se interessa,>10,,,
9780,D,Bahia,Tablet,Amarela,Católica,Esquerda,>10,,,
9781,C,Bahia,Outro,Indígena,Agnóstico,Esquerda,1-3,,,
9782,C,Acre,Outro,Preta,Judaíca,Extrema Esquerda,7-10,,,
9783,B,Paraíba,Tablet,Indígena,Outras,Direita,7-10,,,
9784,A,Maranhão,Notebook/Netbook,Parda,Agnóstico,Centro,7-10,,,
9785,E,Sergipe,Outro,Parda,Agnóstico,Extrema Direita,>10,,,
9786,D,Pará,Tablet,Prefiro não dizer,Judaíca,Extrema Esquerda,4-6,,,
9787,A,Distrito Federal,Tablet,Branca,Judaíca,Centro,4-6,,,
9788,B,Piauí,Outro,Branca,Agnóstico,Não se interessa,7-10,,,
9789,E,Piauí,Outro,Parda,Evangélica,Extrema Esquerda,<1,,,
9790,A,Sergipe,Tablet,Branca,Outras,Não se interessa,>10,,,
9791,E,Rondônia,Outro,Indígena,Agnóstico,Centro,7-10,,,
9792,C,São Paulo,Outro,Amarela,Evangélica,Centro,>10,,,
9793,B,Rio Grande do Norte,Desktop/Computador de mesa,Preta,Espírita,Centro Esquerda,7-10,,,
9794,E,Espírito Santo,Tablet,Branca,Judaíca,Centro,4-6,,,
9795,B,Minas Gerais,Smartphone/Celular,Preta,Católica,Centro Esquerda,1-3,,,
9796,A,Pará,Tablet,Preta,Ateu,Extrema Direita,7-10,,,
9797,C,Minas Gerais,Desktop/Computador de mesa,Prefiro não dizer,Judaíca,Esquerda,<1,,,
9798,C,Mato Grosso,Tablet,Parda,Outras,Centro,4-6,,,
9799,E,Ceará,Desktop/Computador de mesa,Amarela,Ateu,Centro,1-3,,,
9800,A,São Paulo,Desktop/Computador de mesa,Parda,Ateu,Centro Direita,1-3,,,
9801,D,Mato Grosso do Sul,Smartphone/Celular,Branca,Católica,Centro Direita,4-6,,,
9802,C,Espírito Santo,Notebook/Netbook,Parda,Evangélica,Direita,<1,,,
9803,C,Ceará,Smartphone/Celular,Indígena,Evangélica,Extrema Direita,<1,,,
9804,B,Goiás,Smartphone/Celular,Preta,Judaíca,Centro Esquerda,>10,,,
9805,E,Piauí,Smartphone/Celular,Prefiro não dizer,Judaíca,Direita,<1,,,
9806,C,Goiás,Tablet,Branca,Ateu,Centro Direita,4-6,,,
9807,E,Amazonas,Outro,Amarela,Católica,Centro Direita,7-10,,,
9808,C,Roraima,Smartphone/Celular,Preta,Outras,Direita,>10,,,
9809,A,Minas Gerais,Notebook/Netbook,Branca,Outras,Centro Esquerda,<1,,,
9810,D,Amapá,Notebook/Netbook,Preta,Católica,Extrema Esquerda,7-10,,,
9811,C,Pernambuco,Tablet,Preta,Ateu,Direita,>10,,,
9812,E,Minas Gerais,Tablet,Indígena,Judaíca,Esquerda,7-10,,,
9813,C,Mato Grosso,Desktop/Computador de mesa,Prefiro não dizer,Judaíca,Extrema Esquerda,>10,,,
9814,D,Rondônia,Outro,Indígena,Católica,Extrema Esquerda,>10,,,
9815,D,Rondônia,Desktop/Computador de mesa,Branca,Católica,Extrema Direita,7-10,,,
9816,D,Santa Catarina,Smartphone/Celular,Preta,Judaíca,Centro Direita,<1,,,
9817,A,Paraná,Smartphone/Celular,Parda,Espírita,Extrema Esquerda,1-3,,,
9818,D,Mato Grosso,Notebook/Netbook,Preta,Espírita,Centro,>10,,,
9819,C,Piauí,Smartphone/Celular,Indígena,Católica,Direita,>10,,,
9820,C,Roraima,Outro,Branca,Judaíca,Direita,1-3,,,
9821,E,Pará,Desktop/Computador de mesa,Parda,Agnóstico,Não se interessa,>10,,,
9822,E,Tocantins,Desktop/Computador de mesa,Preta,Ateu,Centro Esquerda,<1,,,
9823,D,Mato Grosso do Sul,Outro,Prefiro não dizer,Católica,Centro Esquerda,1-3,,,
9824,B,Sergipe,Outro,Amarela,Outras,Centro,7-10,,,
9825,A,Roraima,Outro,Parda,Ateu,Direita,4-6,,,
9826,C,Amapá,Smartphone/Celular,Preta,Evangélica,Centro Esquerda,4-6,,,
9827,A,Rio Grande do Norte,Tablet,Preta,Agnóstico,Esquerda,1-3,,,
9828,C,Ceará,Desktop/Computador de mesa,Branca,Judaíca,Extrema Esquerda,4-6,,,
9829,A,Mato Grosso do Sul,Notebook/Netbook,Preta,Judaíca,Extrema Esquerda,4-6,,,
9830,D,Amapá,Smartphone/Celular,Prefiro não dizer,Espírita,Centro Direita,1-3,,,
9831,B,Bahia,Smartphone/Celular,Amarela,Evangélica,Centro Esquerda,7-10,,,
9832,D,Rondônia,Notebook/Netbook,Branca,Ateu,Centro,1-3,,,
9833,E,Sergipe,Outro,Prefiro não dizer,Judaíca,Extrema Esquerda,4-6,,,
9834,B,Santa Catarina,Desktop/Computador de mesa,Indígena,Agnóstico,Centro,<1,,,
9835,A,Roraima,Tablet,Prefiro não dizer,Espírita,Extrema Direita,7-10,,,
9836,B,Paraíba,Tablet,Branca,Espírita,Centro Direita,7-10,,,
9837,C,Rondônia,Notebook/Netbook,Prefiro não dizer,Judaíca,Não se interessa,1-3,,,
9838,A,Rio de Janeiro,Tablet,Indígena,Outras,Direita,4-6,,,
9839,A,Goiás,Notebook/Netbook,Prefiro não dizer,Outras,Não se interessa,<1,,,
9840,D,Goiás,Outro,Branca,Outras,Centro Direita,7-10,,,
9841,A,Roraima,Notebook/Netbook,Preta,Evangélica,Esquerda,7-10,,,
9842,C,Pernambuco,Desktop/Computador de mesa,Prefiro não dizer,Católica,Centro Direita,7-10,,,
9843,D,Santa Catarina,Tablet,Preta,Outras,Esquerda,4-6,,,
9844,D,Roraima,Tablet,Preta,Evangélica,Centro Esquerda,4-6,,,
9845,E,Bahia,Desktop/Computador de mesa,Indígena,Outras,Centro Esquerda,>10,,,
9846,C,Paraná,Tablet,Branca,Evangélica,Centro Direita,4-6,,,
9847,E,Santa Catarina,Tablet,Preta,Espírita,Direita,4-6,,,
9848,C,Espírito Santo,Smartphone/Celular,Branca,Agnóstico,Esquerda,>10,,,
9849,E,Rio Grande do Norte,Smartphone/Celular,Amarela,Agnóstico,Centro Direita,4-6,,,
9850,D,Amazonas,Notebook/Netbook,Parda,Evangélica,Esquerda,1-3,,,
9851,D,Paraná,Notebook/Netbook,Indígena,Evangélica,Centro Direita,7-10,,,
9852,A,São Paulo,Smartphone/Celular,Indígena,Outras,Centro Direita,7-10,,,
9853,E,Sergipe,Outro,Amarela,Outras,Esquerda,4-6,,,
9854,D,Rondônia,Desktop/Computador de mesa,Indígena,Espírita,Centro,>10,,,
9855,C,Amapá,Outro,Branca,Judaíca,Extrema Esquerda,1-3,,,
9856,C,Pernambuco,Outro,Prefiro não dizer,Espírita,Esquerda,<1,,,
9857,E,Goiás,Desktop/Computador de mesa,Preta,Outras,Extrema Esquerda,>10,,,
9858,E,Paraná,Smartphone/Celular,Parda,Espírita,Extrema Direita,<1,,,
9859,D,Paraná,Smartphone/Celular,Preta,Agnóstico,Centro Esquerda,1-3,,,
9860,C,Santa Catarina,Outro,Indígena,Ateu,Centro,7-10,,,
9861,E,Minas Gerais,Notebook/Netbook,Preta,Católica,Centro Esquerda,1-3,,,
9862,B,Rio Grande do Sul,Desktop/Computador de mesa,Prefiro não dizer,Espírita,Extrema Direita,7-10,,,
9863,C,Goiás,Smartphone/Celular,Amarela,Ateu,Extrema Direita,7-10,,,
9864,A,Bahia,Desktop/Computador de mesa,Indígena,Agnóstico,Centro Esquerda,4-6,,,
9865,D,Rio de Janeiro,Notebook/Netbook,Prefiro não dizer,Católica,Não se interessa,7-10,,,
9866,D,Goiás,Desktop/Computador de mesa,Preta,Espírita,Esquerda,<1,,,
9867,B,Espírito Santo,Smartphone/Celular,Parda,Ateu,Centro,4-6,,,
9868,D,São Paulo,Desktop/Computador de mesa,Prefiro não dizer,Outras,Esquerda,7-10,,,
9869,C,Pernambuco,Desktop/Computador de mesa,Parda,Espírita,Extrema Direita,4-6,,,
9870,B,Maranhão,Outro,Prefiro não dizer,Católica,Extrema Esquerda,4-6,,,
9871,E,Espírito Santo,Desktop/Computador de mesa,Prefiro não dizer,Ateu,Esquerda,>10,,,
9872,A,Santa Catarina,Desktop/Computador de mesa,Indígena,Judaíca,Extrema Direita,<1,,,
9873,A,Rio Grande do Norte,Desktop/Computador de mesa,Indígena,Judaíca,Centro,<1,,,
9874,C,Alagoas,Smartphone/Celular,Preta,Judaíca,Direita,4-6,,,
9875,D,Maranhão,Outro,Preta,Evangélica,Esquerda,4-6,,,
9876,B,Mato Grosso do Sul,Outro,Indígena,Outras,Centro Direita,>10,,,
9877,E,Pernambuco,Notebook/Netbook,Prefiro não dizer,Ateu,Extrema Esquerda,4-6,,,
9878,D,Alagoas,Smartphone/Celular,Amarela,Espírita,Não se interessa,>10,,,
9879,D,Mato Grosso do Sul,Notebook/Netbook,Prefiro não dizer,Judaíca,Esquerda,1-3,,,
9880,B,Sergipe,Smartphone/Celular,Amarela,Agnóstico,Esquerda,7-10,,,
9881,E,Distrito Federal,Notebook/Netbook,Amarela,Agnóstico,Extrema Esquerda,4-6,,,
9882,A,Minas Gerais,Notebook/Netbook,Amarela,Ateu,Extrema Esquerda,>10,,,
9883,E,Pará,Tablet,Preta,Evangélica,Não se interessa,>10,,,
9884,E,Distrito Federal,Tablet,Parda,Evangélica,Centro Direita,1-3,,,
9885,D,Goiás,Desktop/Computador de mesa,Parda,Agnóstico,Centro Esquerda,>10,,,
9886,B,Mato Grosso do Sul,Outro,Preta,Agnóstico,Não se interessa,1-3,,,
9887,E,Pernambuco,Notebook/Netbook,Indígena,Outras,Extrema Direita,7-10,,,
9888,E,Santa Catarina,Notebook/Netbook,Amarela,Judaíca,Extrema Esquerda,<1,,,
9889,C,Minas Gerais,Smartphone/Celular,Prefiro não dizer,Outras,Não se interessa,7-10,,,
9890,A,Pará,Smartphone/Celular,Preta,Agnóstico,Extrema Direita,4-6,,,
9891,B,Mato Grosso,Desktop/Computador de mesa,Parda,Evangélica,Não se interessa,4-6,,,
9892,D,Piauí,Desktop/Computador de mesa,Indígena,Espírita,Esquerda,7-10,,,
9893,B,Espírito Santo,Desktop/Computador de mesa,Preta,Judaíca,Centro Esquerda,7-10,,,
9894,C,Ceará,Smartphone/Celular,Preta,Judaíca,Extrema Direita,1-3,,,
9895,B,Paraíba,Desktop/Computador de mesa,Preta,Agnóstico,Direita,7-10,,,
9896,C,Distrito Federal,Smartphone/Celular,Branca,Espírita,Centro,7-10,,,
9897,D,Rio de Janeiro,Outro,Indígena,Católica,Extrema Esquerda,4-6,,,
9898,A,Bahia,Desktop/Computador de mesa,Branca,Espírita,Centro,7-10,,,
9899,E,Roraima,Tablet,Amarela,Católica,Esquerda,7-10,,,
9900,B,Rio Grande do Sul,Tablet,Indígena,Espírita,Centro Esquerda,1-3,,,
9901,D,Pernambuco,Desktop/Computador de mesa,Prefiro não dizer,Ateu,Não se interessa,<1,,,
9902,C,Rio Grande do Sul,Smartphone/Celular,Amarela,Espírita,Não se interessa,>10,,,
9903,C,Rondônia,Outro,Branca,Católica,Não se interessa,>10,,,
9904,C,São Paulo,Notebook/Netbook,Preta,Evangélica,Centro,4-6,,,
9905,C,Rondônia,Notebook/Netbook,Amarela,Espírita,Direita,4-6,,,
9906,D,Amapá,Outro,Prefiro não dizer,Outras,Centro Esquerda,4-6,,,
9907,A,Alagoas,Tablet,Parda,Agnóstico,Centro,<1,,,
9908,E,Santa Catarina,Desktop/Computador de mesa,Amarela,Católica,Extrema Esquerda,1-3,,,
9909,E,Piauí,Tablet,Indígena,Judaíca,Direita,<1,,,
9910,E,Rio de Janeiro,Desktop/Computador de mesa,Parda,Judaíca,Extrema Esquerda,>10,,,
9911,E,Tocantins,Notebook/Netbook,Prefiro não dizer,Outras,Não se interessa,1-3,,,
9912,A,Sergipe,Outro,Prefiro não dizer,Outras,Centro,1-3,,,
9913,A,São Paulo,Outro,Preta,Católica,Centro,7-10,,,
9914,A,Paraná,Notebook/Netbook,Branca,Espírita,Centro Direita,7-10,,,
9915,E,Pará,Desktop/Computador de mesa,Parda,Católica,Extrema Direita,1-3,,,
9916,A,Goiás,Tablet,Indígena,Outras,Extrema Direita,>10,,,
9917,A,Pernambuco,Tablet,Preta,Outras,Direita,7-10,,,
9918,D,Roraima,Notebook/Netbook,Prefiro não dizer,Judaíca,Centro,4-6,,,
9919,E,Rio Grande do Norte,Desktop/Computador de mesa,Branca,Evangélica,Não se interessa,7-10,,,
9920,A,Paraíba,Tablet,Branca,Agnóstico,Direita,<1,,,
9921,E,Mato Grosso,Notebook/Netbook,Branca,Evangélica,Extrema Direita,1-3,,,
9922,C,São Paulo,Tablet,Prefiro não dizer,Outras,Não se interessa,4-6,,,
9923,A,Rio Grande do Norte,Notebook/Netbook,Indígena,Evangélica,Extrema Direita,7-10,,,
9924,C,Acre,Desktop/Computador de mesa,Prefiro não dizer,Espírita,Extrema Direita,4-6,,,
9925,D,Piauí,Desktop/Computador de mesa,Amarela,Agnóstico,Direita,4-6,,,
9926,E,Paraná,Smartphone/Celular,Indígena,Espírita,Não se interessa,4-6,,,
9927,A,Mato Grosso,Outro,Branca,Espírita,Centro,<1,,,
9928,C,Santa Catarina,Desktop/Computador de mesa,Branca,Agnóstico,Extrema Direita,>10,,,
9929,A,Alagoas,Outro,Indígena,Católica,Direita,4-6,,,
9930,D,Amapá,Outro,Parda,Ateu,Não se interessa,4-6,,,
9931,B,Maranhão,Desktop/Computador de mesa,Prefiro não dizer,Ateu,Esquerda,<1,,,
9932,A,Acre,Notebook/Netbook,Amarela,Evangélica,Centro Esquerda,7-10,,,
9933,E,Mato Grosso do Sul,Desktop/Computador de mesa,Indígena,Judaíca,Centro Esquerda,7-10,,,
9934,D,Acre,Smartphone/Celular,Branca,Católica,Não se interessa,1-3,,,
9935,B,Maranhão,Smartphone/Celular,Indígena,Agnóstico,Esquerda,<1,,,
9936,D,Goiás,Tablet,Amarela,Evangélica,Extrema Direita,7-10,,,
9937,E,Rondônia,Tablet,Indígena,Católica,Esquerda,4-6,,,
9938,B,Goiás,Outro,Preta,Outras,Esquerda,1-3,,,
9939,E,Distrito Federal,Tablet,Preta,Evangélica,Não se interessa,7-10,,,
9940,A,Mato Grosso do Sul,Tablet,Branca,Evangélica,Extrema Esquerda,7-10,,,
9941,A,Amapá,Tablet,Amarela,Evangélica,Não se interessa,7-10,,,
9942,B,Santa Catarina,Tablet,Branca,Agnóstico,Não se interessa,7-10,,,
9943,E,Sergipe,Tablet,Parda,Católica,Centro,>10,,,
9944,D,Mato Grosso do Sul,Notebook/Netbook,Prefiro não dizer,Católica,Esquerda,7-10,,,
9945,A,Santa Catarina,Tablet,Prefiro não dizer,Ateu,Extrema Esquerda,>10,,,
9946,D,Pará,Smartphone/Celular,Branca,Judaíca,Centro Esquerda,1-3,,,
9947,C,Piauí,Desktop/Computador de mesa,Prefiro não dizer,Espírita,Centro Esquerda,<1,,,
9948,E,Roraima,Desktop/Computador de mesa,Parda,Espírita,Direita,1-3,,,
9949,C,Acre,Smartphone/Celular,Prefiro não dizer,Evangélica,Centro,4-6,,,
9950,E,Alagoas,Tablet,Amarela,Espírita,Extrema Direita,1-3,,,
9951,E,Alagoas,Outro,Parda,Outras,Extrema Esquerda,7-10,,,
9952,D,São Paulo,Desktop/Computador de mesa,Branca,Católica,Direita,>10,,,
9953,D,Minas Gerais,Tablet,Indígena,Judaíca,Extrema Esquerda,<1,,,
9954,E,Goiás,Smartphone/Celular,Branca,Espírita,Direita,1-3,,,
9955,E,Amapá,Notebook/Netbook,Parda,Outras,Esquerda,1-3,,,
9956,C,Maranhão,Notebook/Netbook,Indígena,Espírita,Extrema Direita,4-6,,,
9957,B,Piauí,Tablet,Branca,Agnóstico,Esquerda,4-6,,,
9958,A,Minas Gerais,Smartphone/Celular,Prefiro não dizer,Católica,Extrema Esquerda,1-3,,,
9959,C,Santa Catarina,Smartphone/Celular,Prefiro não dizer,Espírita,Extrema Esquerda,4-6,,,
9960,A,Pernambuco,Desktop/Computador de mesa,Preta,Outras,Extrema Esquerda,4-6,,,
9961,D,Goiás,Desktop/Computador de mesa,Indígena,Agnóstico,Centro Esquerda,7-10,,,
9962,E,Mato Grosso,Outro,Prefiro não dizer,Agnóstico,Extrema Esquerda,1-3,,,
9963,C,Piauí,Notebook/Netbook,Preta,Judaíca,Centro Direita,1-3,,,
9964,A,Ceará,Tablet,Amarela,Evangélica,Centro Direita,>10,,,
9965,D,Santa Catarina,Outro,Parda,Evangélica,Direita,7-10,,,
9966,B,Tocantins,Smartphone/Celular,Preta,Judaíca,Centro Esquerda,<1,,,
9967,C,Roraima,Tablet,Parda,Agnóstico,Não se interessa,7-10,,,
9968,D,Paraná,Smartphone/Celular,Branca,Espírita,Centro Esquerda,<1,,,
9969,E,Rio de Janeiro,Desktop/Computador de mesa,Indígena,Espírita,Direita,>10,,,
9970,A,Santa Catarina,Smartphone/Celular,Branca,Outras,Direita,>10,,,
9971,B,Roraima,Smartphone/Celular,Prefiro não dizer,Católica,Centro,<1,,,
9972,E,Pernambuco,Outro,Amarela,Espírita,Centro Direita,>10,,,
9973,B,Rio Grande do Norte,Notebook/Netbook,Parda,Ateu,Não se interessa,<1,,,
9974,E,Sergipe,Tablet,Branca,Ateu,Direita,7-10,,,
9975,E,Rio Grande do Sul,Smartphone/Celular,Amarela,Agnóstico,Extrema Esquerda,>10,,,
9976,D,Santa Catarina,Smartphone/Celular,Preta,Espírita,Extrema Direita,4-6,,,
9977,D,Rio Grande do Norte,Notebook/Netbook,Parda,Evangélica,Esquerda,1-3,,,
9978,A,Pará,Notebook/Netbook,Preta,Agnóstico,Centro Direita,4-6,,,
9979,D,Alagoas,Smartphone/Celular,Parda,Ateu,Direita,4-6,,,
9980,C,Rio de Janeiro,Desktop/Computador de mesa,Preta,Ateu,Extrema Esquerda,7-10,,,
9981,D,São Paulo,Smartphone/Celular,Amarela,Judaíca,Centro Direita,>10,,,
9982,A,Pernambuco,Tablet,Indígena,Ateu,Não se interessa,4-6,,,
9983,D,Amapá,Tablet,Preta,Espírita,Direita,4-6,,,
9984,C,Maranhão,Desktop/Computador de mesa,Indígena,Judaíca,Extrema Esquerda,>10,,,
9985,E,Maranhão,Tablet,Indígena,Ateu,Extrema Direita,4-6,,,
9986,E,Piauí,Desktop/Computador de mesa,Prefiro não dizer,Espírita,Direita,7-10,,,
9987,D,Piauí,Outro,Branca,Evangélica,Centro,7-10,,,
9988,A,Pará,Desktop/Computador de mesa,Branca,Espírita,Centro Direita,>10,,,
9989,C,Maranhão,Notebook/Netbook,Preta,Judaíca,Centro Direita,<1,,,
9990,C,Espírito Santo,Outro,Preta,Evangélica,Esquerda,7-10,,,
9991,D,Rio de Janeiro,Desktop/Computador de mesa,Amarela,Espírita,Extrema Esquerda,>10,,,
9992,B,Acre,Notebook/Netbook,Parda,Católica,Esquerda,7-10,,,
9993,E,Paraíba,Outro,Parda,Espírita,Extrema Esquerda,>10,,,
9994,E,Acre,Desktop/Computador de mesa,Parda,Espírita,Extrema Direita,>10,,,
9995,E,Mato Grosso do Sul,Tablet,Parda,Judaíca,Centro,1-3,,,
9996,E,Paraná,Smartphone/Celular,Parda,Ateu,Extrema Direita,7-10,,,
9997,D,São Paulo,Notebook/Netbook,Amarela,Evangélica,Centro Direita,7-10,,,
9998,A,Pará,Desktop/Computador de mesa,Amarela,Agnóstico,Esquerda,7-10,,,
9999,E,Ceará,Smartphone/Celular,Parda,Outras,Centro Esquerda,7-10,,,
